Zeitpunkt;Heizlast_Netz_kW;Vorlauftemperatur_Netz_°C;Rücklauftemperatur_Netz_°C
2021-01-01 00:00:00;105.91156842557288;90.0;60.543029108001065
2021-01-01 01:00:00;110.52460390569622;90.0;59.14179294525786
2021-01-01 02:00:00;100.12519451380567;90.0;60.36355117810257
2021-01-01 03:00:00;109.93081938248945;90.0;57.93652699307978
2021-01-01 04:00:00;155.16140899663932;90.0;57.68022893922944
2021-01-01 05:00:00;218.04038664448007;90.0;57.820116314991196
2021-01-01 06:00:00;217.2800344160906;90.0;58.4169980771739
2021-01-01 07:00:00;211.90210225860937;90.0;59.268741546704575
2021-01-01 08:00:00;209.50637337603013;90.0;59.55403818947775
2021-01-01 09:00:00;205.35787650050298;90.0;59.926295017603195
2021-01-01 10:00:00;190.48271312817576;90.0;61.30236964132047
2021-01-01 11:00:00;183.76846261535223;90.0;60.82080594790551
2021-01-01 12:00:00;179.3646283893695;90.0;60.86594030383873
2021-01-01 13:00:00;174.4957499166454;90.0;60.95835531425263
2021-01-01 14:00:00;193.00155091598694;90.0;58.360283122521366
2021-01-01 15:00:00;194.8530067816794;90.0;58.48094405823059
2021-01-01 16:00:00;202.84273832727902;90.0;57.91343896405721
2021-01-01 17:00:00;209.6011952642623;90.0;57.69402535459807
2021-01-01 18:00:00;214.55571186513257;90.0;57.75399796166653
2021-01-01 19:00:00;214.7767033303671;90.0;58.27452075213995
2021-01-01 20:00:00;210.75755124257705;90.0;59.04230848055505
2021-01-01 21:00:00;193.13697286620496;90.0;60.961184262180495
2021-01-01 22:00:00;166.3917840708654;90.0;60.84385269755654
2021-01-01 23:00:00;124.73755536321062;90.0;60.848517036097235
2021-01-02 00:00:00;112.15057517311581;90.0;60.63362143313475
2021-01-02 01:00:00;120.09458248376313;90.0;58.69166251046113
2021-01-02 02:00:00;122.20338504586493;90.0;58.42158534916467
2021-01-02 03:00:00;131.48562647305764;90.0;57.410228852204
2021-01-02 04:00:00;162.01881569030414;90.0;57.5894261161248
2021-01-02 05:00:00;240.98329298752247;90.0;57.65468319569351
2021-01-02 06:00:00;241.01909444787995;90.0;58.24567792090454
2021-01-02 07:00:00;238.32443175550702;90.0;58.88122681860722
2021-01-02 08:00:00;232.25179636544866;90.0;59.612028386424925
2021-01-02 09:00:00;227.49221937241086;90.0;59.99912065063967
2021-01-02 10:00:00;221.81294932321262;90.0;60.356450901323115
2021-01-02 11:00:00;213.50291272593657;90.0;60.86287280780675
2021-01-02 12:00:00;211.64831014595342;90.0;60.60971982927077
2021-01-02 13:00:00;213.24171007114415;90.0;60.0957739140423
2021-01-02 14:00:00;215.0655874928641;90.0;59.714108410283984
2021-01-02 15:00:00;217.2628521612622;90.0;59.41492881839241
2021-01-02 16:00:00;226.50817320091778;90.0;58.545342758752156
2021-01-02 17:00:00;234.56550812347996;90.0;58.094011941442716
2021-01-02 18:00:00;241.00503368306371;90.0;57.96077845908627
2021-01-02 19:00:00;241.2522935348268;90.0;58.43109484863061
2021-01-02 20:00:00;238.0066014588232;90.0;59.05433227131624
2021-01-02 21:00:00;217.99104409451942;90.0;61.003410661860016
2021-01-02 22:00:00;184.90239613674618;90.0;60.954922906941704
2021-01-02 23:00:00;138.2176274989784;90.0;60.88219242940829
2021-01-03 00:00:00;114.85760962982444;90.0;60.7328773721606
2021-01-03 01:00:00;124.79185678888427;90.0;58.46794379344601
2021-01-03 02:00:00;141.93086592415335;90.0;57.61955853848946
2021-01-03 03:00:00;152.46183583503444;90.0;57.4634851013563
2021-01-03 04:00:00;182.0901588032346;90.0;57.829540190422335
2021-01-03 05:00:00;256.1578229838996;90.0;57.88767699271773
2021-01-03 06:00:00;256.68456760678686;90.0;58.36909514655741
2021-01-03 07:00:00;255.25110381191928;90.0;58.85439840438477
2021-01-03 08:00:00;247.162719031616;90.0;59.7379379798017
2021-01-03 09:00:00;241.52761421148008;90.0;60.1445868599194
2021-01-03 10:00:00;235.9614054944342;90.0;60.42691176523101
2021-01-03 11:00:00;226.84524802908902;90.0;60.94744856794546
2021-01-03 12:00:00;224.86398290767025;90.0;60.68148194973156
2021-01-03 13:00:00;227.5905883676238;90.0;60.06332716555295
2021-01-03 14:00:00;229.9811098131762;90.0;59.66242183050616
2021-01-03 15:00:00;232.21573565015314;90.0;59.40069785163445
2021-01-03 16:00:00;237.6697820015342;90.0;58.93616143641043
2021-01-03 17:00:00;242.93146172185916;90.0;58.64687370870024
2021-01-03 18:00:00;247.7725902902585;90.0;58.49803751175932
2021-01-03 19:00:00;244.35928706752588;90.0;59.11035772111177
2021-01-03 20:00:00;236.178918473109;90.0;59.94218867314936
2021-01-03 21:00:00;215.04938276546332;90.0;61.04276813154951
2021-01-03 22:00:00;182.31887537808169;90.0;60.961461345659814
2021-01-03 23:00:00;132.2744775765965;90.0;60.799849862728706
2021-01-04 00:00:00;136.57805605390365;90.0;59.61447937680481
2021-01-04 01:00:00;143.5124938352073;90.0;58.42037262262926
2021-01-04 02:00:00;148.07446155306465;90.0;57.99519800283247
2021-01-04 03:00:00;164.1742295907336;90.0;57.56873927707528
2021-01-04 04:00:00;198.37974425386315;90.0;57.818336069052066
2021-01-04 05:00:00;264.5913644958284;90.0;58.087424388612135
2021-01-04 06:00:00;293.6663224903009;90.0;58.09405163106862
2021-01-04 07:00:00;274.1220694032115;90.0;60.01563083131987
2021-01-04 08:00:00;284.3177154520227;90.0;59.11016337331074
2021-01-04 09:00:00;279.96318400072306;90.0;59.5770365704837
2021-01-04 10:00:00;274.1854244443699;90.0;60.006932328900234
2021-01-04 11:00:00;258.25752431130104;90.0;61.09830428670608
2021-01-04 12:00:00;257.3231639753106;90.0;60.70447321530713
2021-01-04 13:00:00;250.62274109955683;90.0;60.890221668133165
2021-01-04 14:00:00;250.37725296188643;90.0;60.49763431236397
2021-01-04 15:00:00;250.03367031799345;90.0;60.22782533141344
2021-01-04 16:00:00;264.8385471539533;90.0;58.805304380904545
2021-01-04 17:00:00;269.7014089752539;90.0;58.6511587038965
2021-01-04 18:00:00;278.4303474639377;90.0;58.25721817519957
2021-01-04 19:00:00;262.84487918932945;90.0;59.88148506660491
2021-01-04 20:00:00;258.3981918206051;90.0;60.129111781594816
2021-01-04 21:00:00;244.40769526647745;90.0;61.087711149754114
2021-01-04 22:00:00;235.85060020883864;90.0;61.338868781041924
2021-01-04 23:00:00;179.27548056714588;90.0;61.15454790955073
2021-01-05 00:00:00;170.8978768144257;90.0;60.89303435858176
2021-01-05 01:00:00;169.301664214642;90.0;60.59824364365568
2021-01-05 02:00:00;167.22899392879452;90.0;60.44799817461046
2021-01-05 03:00:00;172.97658358214068;90.0;59.38882185234712
2021-01-05 04:00:00;204.44854688384706;90.0;57.78832763055135
2021-01-05 05:00:00;317.98658281345166;90.0;57.94885864399447
2021-01-05 06:00:00;302.7634018595642;90.0;59.51889104355223
2021-01-05 07:00:00;268.5513991026703;90.0;61.284161624582055
2021-01-05 08:00:00;267.2347786293528;90.0;60.86967434601979
2021-01-05 09:00:00;260.55179067870034;90.0;60.99066712275663
2021-01-05 10:00:00;246.41747507607874;90.0;61.047122265711266
2021-01-05 11:00:00;267.7682670670466;90.0;58.85666273276422
2021-01-05 12:00:00;266.1550645082462;90.0;59.19968187846678
2021-01-05 13:00:00;258.78437404693864;90.0;59.892282893469144
2021-01-05 14:00:00;259.2384547569308;90.0;59.74399873262769
2021-01-05 15:00:00;259.12333745863265;90.0;59.68695652826784
2021-01-05 16:00:00;253.48138887079477;90.0;60.095316994529014
2021-01-05 17:00:00;266.440811625526;90.0;58.8747063237455
2021-01-05 18:00:00;264.18809572156664;90.0;59.26256635325734
2021-01-05 19:00:00;270.7811462028306;90.0;58.82891279507896
2021-01-05 20:00:00;266.2604849669297;90.0;59.40880074952986
2021-01-05 21:00:00;251.51705321006017;90.0;60.62937803455986
2021-01-05 22:00:00;242.77069579361554;90.0;61.01744129289824
2021-01-05 23:00:00;183.1956966857049;90.0;61.145060684698365
2021-01-06 00:00:00;169.61546664033554;90.0;60.994606008600954
2021-01-06 01:00:00;167.88682001749237;90.0;60.6843429482625
2021-01-06 02:00:00;167.00351815324493;90.0;60.361606838232206
2021-01-06 03:00:00;172.83005128091716;90.0;59.315802006804574
2021-01-06 04:00:00;205.02945182863323;90.0;57.73246640317882
2021-01-06 05:00:00;319.4287881647464;90.0;57.94133208323427
2021-01-06 06:00:00;303.6348070025042;90.0;59.54906621267338
2021-01-06 07:00:00;269.52696778790545;90.0;61.28854555846209
2021-01-06 08:00:00;268.31571376089676;90.0;60.86495538280167
2021-01-06 09:00:00;261.5837558167227;90.0;60.98965145092683
2021-01-06 10:00:00;247.4700524692442;90.0;61.043234441916525
2021-01-06 11:00:00;268.5207626922062;90.0;58.88517013582384
2021-01-06 12:00:00;269.17839233727534;90.0;59.04077345546676
2021-01-06 13:00:00;260.7199188361359;90.0;59.866130796336336
2021-01-06 14:00:00;260.95541890560514;90.0;59.7445819203615
2021-01-06 15:00:00;259.6346353221662;90.0;59.78473143729747
2021-01-06 16:00:00;254.50931631435415;90.0;60.11998557035031
2021-01-06 17:00:00;267.2333823187002;90.0;58.91556867658028
2021-01-06 18:00:00;265.1031993833766;90.0;59.28051678098012
2021-01-06 19:00:00;271.99906162876186;90.0;58.82003140753386
2021-01-06 20:00:00;267.4934169364889;90.0;59.40065572682437
2021-01-06 21:00:00;252.62398962796163;90.0;60.62927409164729
2021-01-06 22:00:00;243.80909855759623;90.0;61.0205761357895
2021-01-06 23:00:00;185.04837028137072;90.0;61.11724014804173
2021-01-07 00:00:00;166.79683185163026;90.0;60.96956659310166
2021-01-07 01:00:00;142.24343245735776;90.0;60.735136972227565
2021-01-07 02:00:00;148.0070019919976;90.0;59.43139758286708
2021-01-07 03:00:00;164.72931193889033;90.0;57.804886598034955
2021-01-07 04:00:00;199.0415927167779;90.0;57.86090956841292
2021-01-07 05:00:00;264.0951069725267;90.0;58.025883326533176
2021-01-07 06:00:00;271.30212459077126;90.0;57.935085952685085
2021-01-07 07:00:00;275.1634706401468;90.0;58.151311933306204
2021-01-07 08:00:00;260.21537251684833;90.0;59.77382058546863
2021-01-07 09:00:00;282.5777158587876;90.0;57.95501433698007
2021-01-07 10:00:00;279.0963421040718;90.0;58.73465293846601
2021-01-07 11:00:00;260.46112826355477;90.0;60.43498488236992
2021-01-07 12:00:00;260.07523245258255;90.0;60.19188567957366
2021-01-07 13:00:00;252.7840481844756;90.0;60.576565342621564
2021-01-07 14:00:00;253.08144324777282;90.0;60.232362715352735
2021-01-07 15:00:00;252.2064050446451;90.0;60.08635200807481
2021-01-07 16:00:00;267.2163568554624;90.0;58.699379848031185
2021-01-07 17:00:00;270.83224816394176;90.0;58.680834912008265
2021-01-07 18:00:00;279.3544305330054;90.0;58.29668565325784
2021-01-07 19:00:00;270.63687334418023;90.0;59.36754200985871
2021-01-07 20:00:00;259.1355798937613;90.0;60.32585127422993
2021-01-07 21:00:00;232.8732711776804;90.0;61.34846699259964
2021-01-07 22:00:00;192.99562030687923;90.0;61.25443216851153
2021-01-07 23:00:00;141.37653186740684;90.0;60.86255748462071
2021-01-08 00:00:00;130.98135949904838;90.0;60.815850571611406
2021-01-08 01:00:00;140.43896446900783;90.0;58.843642756389215
2021-01-08 02:00:00;146.0786442155041;90.0;58.10885390481303
2021-01-08 03:00:00;161.8205870783708;90.0;57.37795362121784
2021-01-08 04:00:00;195.66774383754503;90.0;57.77441019891228
2021-01-08 05:00:00;259.9998717630331;90.0;58.00494563064797
2021-01-08 06:00:00;266.8677502193713;90.0;57.93719948345023
2021-01-08 07:00:00;269.60621601739535;90.0;58.23442781665506
2021-01-08 08:00:00;279.737493348174;90.0;57.86479988094362
2021-01-08 09:00:00;278.0504810409932;90.0;58.538536431099374
2021-01-08 10:00:00;272.3191235061203;90.0;59.30048912256251
2021-01-08 11:00:00;253.40439186486898;90.0;60.86708796437813
2021-01-08 12:00:00;252.77264661609402;90.0;60.51400123781923
2021-01-08 13:00:00;245.35196858882583;90.0;60.823865340399834
2021-01-08 14:00:00;245.36372368737375;90.0;60.42609008871801
2021-01-08 15:00:00;246.35382362302917;90.0;60.06272056813674
2021-01-08 16:00:00;260.2925766002204;90.0;58.738045243281135
2021-01-08 17:00:00;264.3062175107347;90.0;58.664171053504276
2021-01-08 18:00:00;270.32484742640656;90.0;58.462520529001154
2021-01-08 19:00:00;264.3430023234621;90.0;59.278045064220805
2021-01-08 20:00:00;254.67379731283984;90.0;60.13451777828277
2021-01-08 21:00:00;230.15766956826872;90.0;61.266852848080646
2021-01-08 22:00:00;196.39255607427364;90.0;61.01237295070257
2021-01-08 23:00:00;143.46572254264504;90.0;60.84539681871246
2021-01-09 00:00:00;131.2300393495069;90.0;60.56802053448155
2021-01-09 01:00:00;138.0435341852241;90.0;59.062559418959836
2021-01-09 02:00:00;141.3203991771795;90.0;58.588501879308865
2021-01-09 03:00:00;155.28503977083088;90.0;57.578155318728705
2021-01-09 04:00:00;186.93225927298712;90.0;57.81524370561499
2021-01-09 05:00:00;250.2419262623794;90.0;57.96870388765848
2021-01-09 06:00:00;257.32616829134616;90.0;57.868032183063065
2021-01-09 07:00:00;255.59117356836038;90.0;58.54469011676298
2021-01-09 08:00:00;262.83222999758635;90.0;58.26098599586663
2021-01-09 09:00:00;259.41040845114475;90.0;58.94398103316098
2021-01-09 10:00:00;252.98040453527128;90.0;59.65309104639471
2021-01-09 11:00:00;240.78331492506572;90.0;60.63218719349368
2021-01-09 12:00:00;240.5060783007843;90.0;60.312032244080285
2021-01-09 13:00:00;233.7442449455753;90.0;60.649131452624886
2021-01-09 14:00:00;232.412909448472;90.0;60.41292717084224
2021-01-09 15:00:00;233.58498075847115;90.0;60.0240068331517
2021-01-09 16:00:00;248.92370100149716;90.0;58.52122795949634
2021-01-09 17:00:00;257.4181906321032;90.0;58.12119913700042
2021-01-09 18:00:00;263.80642975896194;90.0;58.047302059111246
2021-01-09 19:00:00;263.6923464234734;90.0;58.53301739435824
2021-01-09 20:00:00;258.7274975928174;90.0;59.25103053776246
2021-01-09 21:00:00;238.80124613653697;90.0;60.991954105248794
2021-01-09 22:00:00;202.57897877212937;90.0;60.99965557451412
2021-01-09 23:00:00;151.04428836259817;90.0;60.978762711401146
2021-01-10 00:00:00;101.36877539088215;90.0;60.56997104642983
2021-01-10 01:00:00;110.63124665284788;90.0;58.21517086651045
2021-01-10 02:00:00;113.52135726257693;90.0;57.89744655154607
2021-01-10 03:00:00;123.42213768285359;90.0;57.3225887100989
2021-01-10 04:00:00;151.42351644952655;90.0;57.5615913612192
2021-01-10 05:00:00;224.10145287044259;90.0;57.643945400385746
2021-01-10 06:00:00;240.3574177217942;90.0;57.633291666378966
2021-01-10 07:00:00;231.8505558687082;90.0;58.99762098361674
2021-01-10 08:00:00;223.17588567949034;90.0;59.94172427313981
2021-01-10 09:00:00;211.26063361451799;90.0;60.91807127668227
2021-01-10 10:00:00;205.83032808149977;90.0;60.999149665495224
2021-01-10 11:00:00;198.93697394861934;90.0;61.21349177020625
2021-01-10 12:00:00;197.0635920018738;90.0;60.86020199937417
2021-01-10 13:00:00;197.0881989018956;90.0;60.411440108167255
2021-01-10 14:00:00;197.9797931065497;90.0;60.003958374177614
2021-01-10 15:00:00;199.7460986039954;90.0;59.628508130830596
2021-01-10 16:00:00;208.1249375705804;90.0;58.69275132243109
2021-01-10 17:00:00;215.59607922530333;90.0;58.17465279451727
2021-01-10 18:00:00;220.68665616604346;90.0;58.08219294975595
2021-01-10 19:00:00;220.52688189340054;90.0;58.53539265192694
2021-01-10 20:00:00;216.91784446446027;90.0;59.17158892093619
2021-01-10 21:00:00;198.7389512139057;90.0;61.05707684894992
2021-01-10 22:00:00;171.11343490008824;90.0;60.80798282596328
2021-01-10 23:00:00;128.16309780521198;90.0;60.77443370545052
2021-01-11 00:00:00;109.38171761485938;90.0;60.45176355848099
2021-01-11 01:00:00;117.64049978305601;90.0;58.461619436768046
2021-01-11 02:00:00;119.12095436556851;90.0;58.36165645692563
2021-01-11 03:00:00;127.3693240336219;90.0;57.14887938901825
2021-01-11 04:00:00;157.22147830409477;90.0;57.51746083218296
2021-01-11 05:00:00;233.0342941809801;90.0;57.647711719177835
2021-01-11 06:00:00;232.95583270867138;90.0;58.24621733828434
2021-01-11 07:00:00;229.80289447144438;90.0;58.92639076814379
2021-01-11 08:00:00;224.38282865144836;90.0;59.59595293211288
2021-01-11 09:00:00;219.52717379592514;90.0;60.006352352216425
2021-01-11 10:00:00;214.25801587030278;90.0;60.33480761643108
2021-01-11 11:00:00;206.5390781670461;90.0;60.811023910388485
2021-01-11 12:00:00;204.96024268938294;90.0;60.545314533161104
2021-01-11 13:00:00;205.91762292638035;90.0;60.10284330097636
2021-01-11 14:00:00;207.20152263641378;90.0;59.76044408742422
2021-01-11 15:00:00;209.16125783548378;90.0;59.45615834757723
2021-01-11 16:00:00;217.50764752784642;90.0;58.621680547986614
2021-01-11 17:00:00;225.11197042087494;90.0;58.15246306400286
2021-01-11 18:00:00;230.62019766728662;90.0;58.056216752268995
2021-01-11 19:00:00;231.16480230039505;90.0;58.45978867360844
2021-01-11 20:00:00;227.0048778432859;90.0;59.16363790253854
2021-01-11 21:00:00;208.44947835435764;90.0;61.01498803323068
2021-01-11 22:00:00;178.5300989302947;90.0;60.86272321837504
2021-01-11 23:00:00;133.5716514936948;90.0;60.82909624101927
2021-01-12 00:00:00;112.69199724417103;90.0;60.583360430515256
2021-01-12 01:00:00;121.63645005568775;90.0;58.49116826297143
2021-01-12 02:00:00;122.89021742448588;90.0;58.439447044787016
2021-01-12 03:00:00;131.4390149635274;90.0;57.20442093649223
2021-01-12 04:00:00;163.14365906913764;90.0;57.5142788998931
2021-01-12 05:00:00;242.73711169876395;90.0;57.75660348871088
2021-01-12 06:00:00;242.73559232310285;90.0;58.3186107987633
2021-01-12 07:00:00;239.90996947215842;90.0;58.94154933094359
2021-01-12 08:00:00;233.7178936768968;90.0;59.66124153717976
2021-01-12 09:00:00;228.6285599813657;90.0;60.061303424266384
2021-01-12 10:00:00;223.1813392603416;90.0;60.37649613669333
2021-01-12 11:00:00;214.7358795541326;90.0;60.88597212276534
2021-01-12 12:00:00;212.86742707847282;90.0;60.6275241632664
2021-01-12 13:00:00;214.96818828543118;90.0;60.06161312688931
2021-01-12 14:00:00;217.02703082626334;90.0;59.6705668168305
2021-01-12 15:00:00;218.96675686314342;90.0;59.41274927994834
2021-01-12 16:00:00;228.11624901185652;90.0;58.56074104285881
2021-01-12 17:00:00;236.3159963734508;90.0;58.09793851868602
2021-01-12 18:00:00;242.7207971652996;90.0;57.97183753619487
2021-01-12 19:00:00;242.96944085866747;90.0;58.439593577838025
2021-01-12 20:00:00;239.87361566162386;90.0;59.045978271435956
2021-01-12 21:00:00;219.68107963814066;90.0;61.00113362299555
2021-01-12 22:00:00;186.21823811338055;90.0;60.96319863038491
2021-01-12 23:00:00;139.15926618822792;90.0;60.89137618021016
2021-01-13 00:00:00;114.82804596695628;90.0;60.7900839943062
2021-01-13 01:00:00;124.8643931468144;90.0;58.49186160470117
2021-01-13 02:00:00;126.64339068576304;90.0;58.366694576287614
2021-01-13 03:00:00;135.67584882996587;90.0;57.24111350723257
2021-01-13 04:00:00;169.47107049522293;90.0;57.50473527235789
2021-01-13 05:00:00;254.11333212434909;90.0;57.7457021958179
2021-01-13 06:00:00;254.47715795136008;90.0;58.287420102551664
2021-01-13 07:00:00;253.76474171131522;90.0;58.73960614750143
2021-01-13 08:00:00;244.864160819966;90.0;59.73313432874471
2021-01-13 09:00:00;239.1254606186609;90.0;60.15347646987806
2021-01-13 10:00:00;233.74401018091115;90.0;60.420210859657516
2021-01-13 11:00:00;224.28484398314188;90.0;60.98007699124537
2021-01-13 12:00:00;222.32029796070154;90.0;60.70324499734835
2021-01-13 13:00:00;225.71640626121976;90.0;60.01269317895918
2021-01-13 14:00:00;227.91294957270713;90.0;59.641541683831065
2021-01-13 15:00:00;229.89645342489436;90.0;59.40574850195571
2021-01-13 16:00:00;239.69233086096932;90.0;58.546716680574775
2021-01-13 17:00:00;248.43060343453374;90.0;58.0851372064393
2021-01-13 18:00:00;243.25336675270813;90.0;58.98599253643255
2021-01-13 19:00:00;241.75029646371908;90.0;59.27658123334243
2021-01-13 20:00:00;234.17933462122204;90.0;60.00683445199286
2021-01-13 21:00:00;214.2791614712819;90.0;61.00128801114738
2021-01-13 22:00:00;183.23555932193065;90.0;60.88621519951283
2021-01-13 23:00:00;134.15183166487793;90.0;60.89750756772531
2021-01-14 00:00:00;127.04715516412304;90.0;60.7175586902909
2021-01-14 01:00:00;133.20624533109824;90.0;59.228251889027774
2021-01-14 02:00:00;137.90977805129856;90.0;58.45704060747789
2021-01-14 03:00:00;152.54719849627404;90.0;57.41857177249443
2021-01-14 04:00:00;184.10474644617616;90.0;57.76543623201974
2021-01-14 05:00:00;245.6402578535118;90.0;57.969440657517794
2021-01-14 06:00:00;251.70420395094197;90.0;57.941637801247
2021-01-14 07:00:00;252.24737486779782;90.0;58.4009755434364
2021-01-14 08:00:00;259.57563564805446;90.0;58.14622586806638
2021-01-14 09:00:00;254.39315676403436;90.0;59.01447808946625
2021-01-14 10:00:00;243.91412906817868;90.0;60.04995261504462
2021-01-14 11:00:00;229.22470166449463;90.0;61.154858111293606
2021-01-14 12:00:00;227.98140653202853;90.0;60.76275621564821
2021-01-14 13:00:00;230.42001975333278;90.0;60.15263368891988
2021-01-14 14:00:00;232.10249638107842;90.0;59.79307042359977
2021-01-14 15:00:00;234.54394297910846;90.0;59.47649483092681
2021-01-14 16:00:00;243.7975569097221;90.0;58.663431919137736
2021-01-14 17:00:00;252.9150245132146;90.0;58.14813506704786
2021-01-14 18:00:00;258.54013381506536;90.0;58.11692360091382
2021-01-14 19:00:00;259.4144429902856;90.0;58.49592767524888
2021-01-14 20:00:00;254.63774800743522;90.0;59.21485603687489
2021-01-14 21:00:00;234.5823264771968;90.0;61.00367410617616
2021-01-14 22:00:00;199.36306134575693;90.0;60.98037384084017
2021-01-14 23:00:00;148.85477638294535;90.0;60.95536295267817
2021-01-15 00:00:00;106.31271570018144;90.0;60.42780629291036
2021-01-15 01:00:00;114.59107495620447;90.0;58.38785559113796
2021-01-15 02:00:00;116.60465155637554;90.0;58.1997485882967
2021-01-15 03:00:00;125.3093999876443;90.0;57.539706982411985
2021-01-15 04:00:00;155.0385773830486;90.0;57.5651372469851
2021-01-15 05:00:00;230.3040959147803;90.0;57.64152427599345
2021-01-15 06:00:00;230.09706040334146;90.0;58.2522518673137
2021-01-15 07:00:00;227.42715508835994;90.0;58.88719713680257
2021-01-15 08:00:00;221.59141344608759;90.0;59.611985540523335
2021-01-15 09:00:00;216.83201000176794;90.0;60.01171243659053
2021-01-15 10:00:00;211.7165777618738;90.0;60.327611185905766
2021-01-15 11:00:00;203.940014670895;90.0;60.81863487630983
2021-01-15 12:00:00;202.48470059975594;90.0;60.53779009955247
2021-01-15 13:00:00;203.37743979157688;90.0;60.10059978191191
2021-01-15 14:00:00;204.54048978665128;90.0;59.7671918379246
2021-01-15 15:00:00;206.16244415570603;90.0;59.490050878991326
2021-01-15 16:00:00;214.62642021088732;90.0;58.61948569254048
2021-01-15 17:00:00;221.82982916262887;90.0;58.17762013454427
2021-01-15 18:00:00;226.34724275386267;90.0;58.15655284257679
2021-01-15 19:00:00;226.0060480769451;90.0;58.605965210789634
2021-01-15 20:00:00;222.09558520714666;90.0;59.24323138890105
2021-01-15 21:00:00;203.55982984301153;90.0;61.10159891386718
2021-01-15 22:00:00;176.10013977468986;90.0;60.88326349532167
2021-01-15 23:00:00;131.89239219196233;90.0;60.913600078064235
2021-01-16 00:00:00;106.02490304151841;90.0;60.58874884931049
2021-01-16 01:00:00;112.84427301224657;90.0;58.76421409256926
2021-01-16 02:00:00;114.3611839648694;90.0;58.532652780515434
2021-01-16 03:00:00;121.79817196817898;90.0;57.33626153367362
2021-01-16 04:00:00;149.6952655946783;90.0;57.54741594815454
2021-01-16 05:00:00;220.4313226773416;90.0;57.6532047726036
2021-01-16 06:00:00;220.20997377773762;90.0;58.25511414785785
2021-01-16 07:00:00;216.72587008250017;90.0;58.971727647085345
2021-01-16 08:00:00;212.21353671681229;90.0;59.557427390641806
2021-01-16 09:00:00;207.77024342352033;90.0;59.954994503726425
2021-01-16 10:00:00;202.88729389433885;90.0;60.27849389359926
2021-01-16 11:00:00;196.29160187711042;90.0;60.68717816704486
2021-01-16 12:00:00;181.5349565977649;90.0;61.1237520343538
2021-01-16 13:00:00;176.98414508483341;90.0;61.099672879692434
2021-01-16 14:00:00;176.13220684794345;90.0;60.66005023444234
2021-01-16 15:00:00;196.74658169076685;90.0;57.932769280070886
2021-01-16 16:00:00;205.07794046990418;90.0;57.515353544091056
2021-01-16 17:00:00;211.84747815472807;90.0;57.61811698785351
2021-01-16 18:00:00;217.51893774509554;90.0;57.640756513220765
2021-01-16 19:00:00;216.7368636229914;90.0;58.300980455162176
2021-01-16 20:00:00;212.51613878578678;90.0;59.07838887992148
2021-01-16 21:00:00;194.1647714221847;90.0;61.04787092456132
2021-01-16 22:00:00;179.92058958215102;90.0;61.1084688492374
2021-01-16 23:00:00;134.93097101123513;90.0;60.97192900759512
2021-01-17 00:00:00;103.88538140345018;90.0;60.52700207054403
2021-01-17 01:00:00;116.27790181671567;90.0;57.66251332827056
2021-01-17 02:00:00;105.36142250884103;90.0;60.120849683052654
2021-01-17 03:00:00;128.9496206273878;90.0;57.48191745530579
2021-01-17 04:00:00;156.81603164678114;90.0;57.65696975698302
2021-01-17 05:00:00;229.38299376677932;90.0;57.7002439757249
2021-01-17 06:00:00;229.18414795457;90.0;58.2898898201982
2021-01-17 07:00:00;225.96345092858795;90.0;58.96399585745286
2021-01-17 08:00:00;220.68714973892477;90.0;59.613461320831846
2021-01-17 09:00:00;215.9312547586228;90.0;60.013519165040805
2021-01-17 10:00:00;210.83812237759338;90.0;60.32799147111592
2021-01-17 11:00:00;203.4064393791315;90.0;60.786794688469286
2021-01-17 12:00:00;201.90622326496677;90.0;60.51970090107159
2021-01-17 13:00:00;202.5880612527124;90.0;60.108468246345126
2021-01-17 14:00:00;204.05655557852606;90.0;59.74044049777939
2021-01-17 15:00:00;205.82739943643062;90.0;59.455543626038775
2021-01-17 16:00:00;214.34150522057388;90.0;58.588793451283095
2021-01-17 17:00:00;222.4645021363662;90.0;58.067154850772
2021-01-17 18:00:00;227.31947784813556;90.0;58.05201947671429
2021-01-17 19:00:00;227.40597580530002;90.0;58.496645806263984
2021-01-17 20:00:00;223.64490199076693;90.0;59.154525624707446
2021-01-17 21:00:00;204.80273719776844;90.0;61.0615736924334
2021-01-17 22:00:00;175.63165292884514;90.0;60.85568263322341
2021-01-17 23:00:00;131.53264209637913;90.0;60.80825227681521
2021-01-18 00:00:00;110.199433291341;90.0;60.61014359039797
2021-01-18 01:00:00;120.1200711896761;90.0;58.297976253612035
2021-01-18 02:00:00;120.91916312213591;90.0;58.38142974228475
2021-01-18 03:00:00;130.2285398891292;90.0;57.36806431472007
2021-01-18 04:00:00;160.40548063633742;90.0;57.579481535983575
2021-01-18 05:00:00;236.8175087812233;90.0;57.67251665432377
2021-01-18 06:00:00;236.62046076534;90.0;58.27576177167697
2021-01-18 07:00:00;234.17389324220508;90.0;58.88053965488285
2021-01-18 08:00:00;227.8250406443006;90.0;59.643532034655834
2021-01-18 09:00:00;222.9416291154442;90.0;60.03733569182202
2021-01-18 10:00:00;217.76348801964585;90.0;60.34269389806025
2021-01-18 11:00:00;209.9883442566485;90.0;60.812760337630436
2021-01-18 12:00:00;208.5448233333404;90.0;60.533819970519744
2021-01-18 13:00:00;209.17073534686776;90.0;60.13226299711846
2021-01-18 14:00:00;210.23461189888806;90.0;59.807626024927515
2021-01-18 15:00:00;212.3868535521699;90.0;59.475549420550465
2021-01-18 16:00:00;221.2377182909601;90.0;58.601841986825434
2021-01-18 17:00:00;228.57547032978235;90.0;58.17859216432805
2021-01-18 18:00:00;235.53235699025944;90.0;57.952076125570215
2021-01-18 19:00:00;236.0168367061621;90.0;58.399893050731635
2021-01-18 20:00:00;233.63905570560112;90.0;58.95792739184759
2021-01-18 21:00:00;215.012010036922;90.0;60.839501609200966
2021-01-18 22:00:00;178.41941862477432;90.0;61.06204307026451
2021-01-18 23:00:00;135.799535655012;90.0;60.88107729194343
2021-01-19 00:00:00;115.35514247986329;90.0;60.568374723903275
2021-01-19 01:00:00;126.24035153159294;90.0;58.199331355589095
2021-01-19 02:00:00;128.69050677513152;90.0;58.06685440157804
2021-01-19 03:00:00;154.03856779854948;90.0;57.53215839851549
2021-01-19 04:00:00;183.95792216539533;90.0;57.84858515965391
2021-01-19 05:00:00;258.31756913767043;90.0;57.89889517095821
2021-01-19 06:00:00;257.41129673116234;90.0;58.496263260665785
2021-01-19 07:00:00;249.091134916584;90.0;59.51274514791686
2021-01-19 08:00:00;255.38616410317226;90.0;58.98775244525814
2021-01-19 09:00:00;251.81252001199866;90.0;59.45045098616828
2021-01-19 10:00:00;245.52855590715637;90.0;59.99619810254751
2021-01-19 11:00:00;236.5432784101534;90.0;60.613525641930664
2021-01-19 12:00:00;234.6752730892695;90.0;60.4352663345727
2021-01-19 13:00:00;228.38974727483068;90.0;60.70271633597423
2021-01-19 14:00:00;228.95194489484223;90.0;60.27889650315012
2021-01-19 15:00:00;229.38596000658083;90.0;59.99213030198831
2021-01-19 16:00:00;238.09847788343063;90.0;59.05218754260386
2021-01-19 17:00:00;245.25934410790583;90.0;58.56308943449915
2021-01-19 18:00:00;248.41452771244508;90.0;58.589919486986105
2021-01-19 19:00:00;246.47654796654544;90.0;59.04559074481733
2021-01-19 20:00:00;257.471814337633;90.0;58.265401807508056
2021-01-19 21:00:00;235.83049652017021;90.0;60.49800030060942
2021-01-19 22:00:00;196.36567266761085;90.0;60.997168872018165
2021-01-19 23:00:00;146.86597006425959;90.0;60.93814804435317
2021-01-20 00:00:00;131.61763397953075;90.0;60.819452982042606
2021-01-20 01:00:00;121.46537175438273;90.0;60.70892999585266
2021-01-20 02:00:00;123.44936361780202;90.0;59.847431534865905
2021-01-20 03:00:00;132.35480029071655;90.0;58.13258365427487
2021-01-20 04:00:00;165.4200186059047;90.0;57.642449982108246
2021-01-20 05:00:00;248.57695529512463;90.0;57.745741157524606
2021-01-20 06:00:00;249.83035444279022;90.0;58.20752235642965
2021-01-20 07:00:00;237.93959595702893;90.0;59.64865337893667
2021-01-20 08:00:00;243.1565260200592;90.0;59.14475140114769
2021-01-20 09:00:00;234.06533890790064;90.0;60.04871492048488
2021-01-20 10:00:00;228.93649108429042;90.0;60.33156554821028
2021-01-20 11:00:00;219.9891103216229;90.0;60.88571579429271
2021-01-20 12:00:00;218.35197967809887;90.0;60.60577237246173
2021-01-20 13:00:00;220.71214503729075;90.0;60.03148434285265
2021-01-20 14:00:00;222.80260462767143;90.0;59.656245744142836
2021-01-20 15:00:00;224.51516428486292;90.0;59.433226707696974
2021-01-20 16:00:00;233.80146700858754;90.0;58.58763301358056
2021-01-20 17:00:00;241.84588072001063;90.0;58.15176848379133
2021-01-20 18:00:00;248.2981117331984;90.0;58.020414710362104
2021-01-20 19:00:00;248.82556114656387;90.0;58.45211027644865
2021-01-20 20:00:00;244.91422063864204;90.0;59.121593580402305
2021-01-20 21:00:00;224.5248446383874;90.0;61.03430824539646
2021-01-20 22:00:00;191.12261583925437;90.0;60.953749362674046
2021-01-20 23:00:00;142.77724603413657;90.0;60.91309722846819
2021-01-21 00:00:00;109.92648145058965;90.0;60.57701581892837
2021-01-21 01:00:00;118.96815301715664;90.0;58.42303474398898
2021-01-21 02:00:00;120.66080806594661;90.0;58.30558753905359
2021-01-21 03:00:00;128.92087359814283;90.0;57.239786426384114
2021-01-21 04:00:00;161.5857868740857;90.0;57.463267144409315
2021-01-21 05:00:00;242.18025869301295;90.0;57.728366789628296
2021-01-21 06:00:00;242.6017895117936;90.0;58.26233442480793
2021-01-21 07:00:00;241.77899067059508;90.0;58.72821426001201
2021-01-21 08:00:00;233.59084300384694;90.0;59.6917496265778
2021-01-21 09:00:00;228.2988569050721;90.0;60.1007446658071
2021-01-21 10:00:00;223.18113310460652;90.0;60.37393017053495
2021-01-21 11:00:00;215.1211197685383;90.0;60.847712234130995
2021-01-21 12:00:00;213.4186793874648;90.0;60.584540980692225
2021-01-21 13:00:00;214.6672113890088;90.0;60.113919570488974
2021-01-21 14:00:00;216.3669853732868;90.0;59.74113304997695
2021-01-21 15:00:00;218.08477060316682;90.0;59.481907186358
2021-01-21 16:00:00;227.98486500544135;90.0;58.535103363228586
2021-01-21 17:00:00;235.81805390834154;90.0;58.11306074886977
2021-01-21 18:00:00;241.16665826212628;90.0;58.074009529440104
2021-01-21 19:00:00;241.31164462695986;90.0;58.515953308403084
2021-01-21 20:00:00;237.94774074902801;90.0;59.12177087502789
2021-01-21 21:00:00;218.49760391348065;90.0;60.995916159383285
2021-01-21 22:00:00;185.99373891928678;90.0;60.928444109702355
2021-01-21 23:00:00;138.97381666607276;90.0;60.88413455285564
2021-01-22 00:00:00;95.75569829863839;90.0;60.36113656932781
2021-01-22 01:00:00;102.52536143070675;90.0;58.44227247454705
2021-01-22 02:00:00;104.659185283145;90.0;58.131382541199685
2021-01-22 03:00:00;112.62802662843792;90.0;57.42714348709313
2021-01-22 04:00:00;138.98222087843146;90.0;57.501462242318155
2021-01-22 05:00:00;203.9766597555408;90.0;57.631150478229756
2021-01-22 06:00:00;203.95884661756887;90.0;58.20757531523907
2021-01-22 07:00:00;200.93169958933194;90.0;58.90519678116618
2021-01-22 08:00:00;196.60398287400247;90.0;59.51344146554743
2021-01-22 09:00:00;192.67432692244154;90.0;59.88996361532338
2021-01-22 10:00:00;188.0793022341285;90.0;60.225804529068625
2021-01-22 11:00:00;173.1476976283378;90.0;60.94404429491311
2021-01-22 12:00:00;169.50747386660277;90.0;60.87811024539769
2021-01-22 13:00:00;166.65493564087527;90.0;60.73986428815465
2021-01-22 14:00:00;166.99451012783908;90.0;60.25054641229315
2021-01-22 15:00:00;172.1137422973044;90.0;59.32321268821653
2021-01-22 16:00:00;182.4690110460786;90.0;58.083607231996496
2021-01-22 17:00:00;193.1261552304095;90.0;57.95945031726268
2021-01-22 18:00:00;203.32136969989378;90.0;57.907934663870094
2021-01-22 19:00:00;211.46352066517585;90.0;57.648899974653546
2021-01-22 20:00:00;209.8790812153932;90.0;58.38355645782457
2021-01-22 21:00:00;193.301522039245;90.0;60.424329107589756
2021-01-22 22:00:00;161.92454940946703;90.0;60.81829061007585
2021-01-22 23:00:00;123.715161665858;90.0;60.72424976946826
2021-01-23 00:00:00;77.70108830692291;90.0;60.102301930972885
2021-01-23 01:00:00;66.92690228107054;90.0;59.78333455246349
2021-01-23 02:00:00;68.40632655050042;90.0;58.8024227053819
2021-01-23 03:00:00;77.04797393722069;90.0;56.697097884413836
2021-01-23 04:00:00;115.55066693516838;90.0;57.30515173034354
2021-01-23 05:00:00;170.0731595076062;90.0;57.52670602957579
2021-01-23 06:00:00;174.5156634984116;90.0;57.55138226685335
2021-01-23 07:00:00;168.93661535029818;90.0;58.807941064857914
2021-01-23 08:00:00;164.16172077414586;90.0;59.5534883907244
2021-01-23 09:00:00;154.548436969572;90.0;60.69788147960361
2021-01-23 10:00:00;149.1719241261309;90.0;60.96271842984709
2021-01-23 11:00:00;143.92354456596314;90.0;61.04562859799552
2021-01-23 12:00:00;141.49704719778563;90.0;60.81467415862954
2021-01-23 13:00:00;138.8248729138637;90.0;60.68885018601759
2021-01-23 14:00:00;138.20451063301635;90.0;60.298687395257446
2021-01-23 15:00:00;142.45715228761097;90.0;59.307125599540996
2021-01-23 16:00:00;149.27520466412506;90.0;58.27629455673423
2021-01-23 17:00:00;157.46054334855157;90.0;57.437857154083815
2021-01-23 18:00:00;166.21788032669855;90.0;57.6617054665237
2021-01-23 19:00:00;173.61621258394266;90.0;57.61088077781051
2021-01-23 20:00:00;174.2084298811299;90.0;58.09066961891108
2021-01-23 21:00:00;159.2805266485142;90.0;60.34217103512913
2021-01-23 22:00:00;135.20173244682303;90.0;60.863738372760224
2021-01-23 23:00:00;102.60217637700747;90.0;60.57281251937923
2021-01-24 00:00:00;85.83398343283415;90.0;60.280176563670864
2021-01-24 01:00:00;95.11956793035597;90.0;57.62339649173896
2021-01-24 02:00:00;87.35082381720838;90.0;59.73588021567923
2021-01-24 03:00:00;95.87867545410761;90.0;57.44279223112022
2021-01-24 04:00:00;131.81168332701662;90.0;57.53280416659271
2021-01-24 05:00:00;190.37632028127808;90.0;57.659849531224154
2021-01-24 06:00:00;196.01394451269073;90.0;57.58936754425304
2021-01-24 07:00:00;189.38663367815263;90.0;58.89760182050719
2021-01-24 08:00:00;183.36092849697394;90.0;59.7154642069155
2021-01-24 09:00:00;171.18582748961262;90.0;61.003907435909355
2021-01-24 10:00:00;164.67135215425182;90.0;60.96276972270738
2021-01-24 11:00:00;159.26560931416734;90.0;60.902361582605124
2021-01-24 12:00:00;155.7578833219469;90.0;60.84855526011705
2021-01-24 13:00:00;152.57520489992737;90.0;60.7720575368902
2021-01-24 14:00:00;151.87790769640077;90.0;60.386276864873764
2021-01-24 15:00:00;157.97964237340798;90.0;59.205646021186226
2021-01-24 16:00:00;166.19704366113976;90.0;58.14708713424267
2021-01-24 17:00:00;175.39702930616724;90.0;57.47209463951236
2021-01-24 18:00:00;184.9496000665152;90.0;57.72994302205751
2021-01-24 19:00:00;193.82908386374962;90.0;57.94449894813829
2021-01-24 20:00:00;194.0230506309288;90.0;58.38375096461192
2021-01-24 21:00:00;178.70117100372775;90.0;60.4077001871558
2021-01-24 22:00:00;150.53367134042023;90.0;60.722226242265265
2021-01-24 23:00:00;113.44000399246686;90.0;60.69931353378564
2021-01-25 00:00:00;95.95307725395618;90.0;60.36424346453697
2021-01-25 01:00:00;106.365656641547;90.0;57.720799741810765
2021-01-25 02:00:00;95.76447785270982;90.0;60.25017263122919
2021-01-25 03:00:00;117.55426405997002;90.0;57.438005641856535
2021-01-25 04:00:00;143.3907009869913;90.0;57.58398343916241
2021-01-25 05:00:00;209.252664305803;90.0;57.66769445076221
2021-01-25 06:00:00;224.1883063029148;90.0;57.64206291824115
2021-01-25 07:00:00;216.03630603761488;90.0;59.01281392251184
2021-01-25 08:00:00;201.3146160596761;90.0;60.606012433205365
2021-01-25 09:00:00;191.6403625492797;90.0;61.24082218489622
2021-01-25 10:00:00;183.30984799353402;90.0;60.91349015560792
2021-01-25 11:00:00;177.30542122274204;90.0;61.113536935819354
2021-01-25 12:00:00;172.20340901200868;90.0;61.16390539001378
2021-01-25 13:00:00;167.98325941204965;90.0;61.104244865544274
2021-01-25 14:00:00;184.7215126559963;90.0;58.58315919489763
2021-01-25 15:00:00;186.44307046281864;90.0;58.628767503680365
2021-01-25 16:00:00;193.86674055907739;90.0;58.030811006797364
2021-01-25 17:00:00;200.28413055578304;90.0;57.76975676040371
2021-01-25 18:00:00;204.28696289656293;90.0;57.873323888821346
2021-01-25 19:00:00;204.34819135315578;90.0;58.36081374232805
2021-01-25 20:00:00;199.9963388680753;90.0;59.14601645962904
2021-01-25 21:00:00;183.4900972940403;90.0;60.995118044526805
2021-01-25 22:00:00;159.73060181649254;90.0;60.95498765322907
2021-01-25 23:00:00;119.87116445846539;90.0;60.82514364731338
2021-01-26 00:00:00;66.363930989805;90.0;59.85503549247039
2021-01-26 01:00:00;70.13948342945707;90.0;58.16945980472104
2021-01-26 02:00:00;63.03973371604452;90.0;59.68736947902403
2021-01-26 03:00:00;70.95592846313325;90.0;56.723514777417506
2021-01-26 04:00:00;93.71721571751378;90.0;56.955406316553876
2021-01-26 05:00:00;134.04198927736903;90.0;57.456831458247166
2021-01-26 06:00:00;173.38350529199732;90.0;57.472610558923975
2021-01-26 07:00:00;150.0889950949719;90.0;60.94794365552593
2021-01-26 08:00:00;141.0455729909315;90.0;60.9104291223606
2021-01-26 09:00:00;130.92876189485537;90.0;60.934251509036756
2021-01-26 10:00:00;123.60439296135027;90.0;60.76617486786512
2021-01-26 11:00:00;116.39413059084512;90.0;60.68478840616058
2021-01-26 12:00:00;113.92708972516019;90.0;60.58204965122343
2021-01-26 13:00:00;110.1504848743418;90.0;60.74979231226308
2021-01-26 14:00:00;105.6895285018594;90.0;60.43042140497192
2021-01-26 15:00:00;104.742863282395;90.0;60.11493534484674
2021-01-26 16:00:00;106.69652810006072;90.0;59.330489916366446
2021-01-26 17:00:00;112.10096237697535;90.0;58.14985250256342
2021-01-26 18:00:00;120.62116556204458;90.0;57.477703947794794
2021-01-26 19:00:00;131.0405221444022;90.0;57.289674625907764
2021-01-26 20:00:00;135.61748915377993;90.0;57.388101951226986
2021-01-26 21:00:00;132.7533738013838;90.0;58.40477052487961
2021-01-26 22:00:00;110.58853070460175;90.0;60.57869433424344
2021-01-26 23:00:00;81.02026906113952;90.0;60.23305430505792
2021-01-27 00:00:00;99.49449876467037;90.0;57.21447348996395
2021-01-27 01:00:00;111.15715031730082;90.0;57.374412309477634
2021-01-27 02:00:00;114.16321812906254;90.0;57.31987605290169
2021-01-27 03:00:00;120.28782366912384;90.0;57.49800273320835
2021-01-27 04:00:00;147.22752983009167;90.0;57.58965832849077
2021-01-27 05:00:00;217.53363430912285;90.0;57.64171125353505
2021-01-27 06:00:00;217.17764331842218;90.0;58.25875156131394
2021-01-27 07:00:00;212.5788959264241;90.0;59.08630389120691
2021-01-27 08:00:00;209.43685056156446;90.0;59.5035591426261
2021-01-27 09:00:00;205.09372229292958;90.0;59.911392656813234
2021-01-27 10:00:00;199.9418416116577;90.0;60.279968434516036
2021-01-27 11:00:00;193.03653706698577;90.0;60.727969385468384
2021-01-27 12:00:00;191.56949979779128;90.0;60.472313775641624
2021-01-27 13:00:00;191.74741276800006;90.0;60.11497721838714
2021-01-27 14:00:00;192.61858334200508;90.0;59.78998859614666
2021-01-27 15:00:00;194.28846593238816;90.0;59.479104336056196
2021-01-27 16:00:00;202.1481688039831;90.0;58.61346234947678
2021-01-27 17:00:00;208.75046594810698;90.0;58.181964680819874
2021-01-27 18:00:00;213.6191290257902;90.0;58.08775329679514
2021-01-27 19:00:00;213.56233624310707;90.0;58.52385157668607
2021-01-27 20:00:00;209.98579921528648;90.0;59.16626349261611
2021-01-27 21:00:00;193.26787559325408;90.0;60.9545117198287
2021-01-27 22:00:00;166.47395682515184;90.0;60.84371364991432
2021-01-27 23:00:00;124.7705641128813;90.0;60.850116412656234
2021-01-28 00:00:00;99.07652428174717;90.0;60.35439201643658
2021-01-28 01:00:00;106.4769052236531;90.0;58.371524530636066
2021-01-28 02:00:00;108.31004315808406;90.0;58.17044843303296
2021-01-28 03:00:00;116.44464093670688;90.0;57.484278588732764
2021-01-28 04:00:00;143.24216512978413;90.0;57.545383093424334
2021-01-28 05:00:00;211.07899966811556;90.0;57.63522087358774
2021-01-28 06:00:00;210.77484532454397;90.0;58.24513573700551
2021-01-28 07:00:00;205.71230690379232;90.0;59.13282061550939
2021-01-28 08:00:00;203.33131908576544;90.0;59.46141035196092
2021-01-28 09:00:00;199.34603130012482;90.0;59.852864257604665
2021-01-28 10:00:00;185.2538242938862;90.0;61.208571486463086
2021-01-28 11:00:00;178.87625488443558;90.0;61.045969039966735
2021-01-28 12:00:00;174.75900512749394;90.0;60.99740346210899
2021-01-28 13:00:00;170.8966748006986;90.0;60.939182394319744
2021-01-28 14:00:00;170.4071328426822;90.0;60.497231955197435
2021-01-28 15:00:00;177.57758223954144;90.0;59.272755729559435
2021-01-28 16:00:00;187.19600892208155;90.0;58.174695306311605
2021-01-28 17:00:00;202.17824130521646;90.0;57.72485237494601
2021-01-28 18:00:00;206.13144399740003;90.0;57.85386585337716
2021-01-28 19:00:00;222.6109552274259;90.0;57.60926999451931
2021-01-28 20:00:00;222.07120199358008;90.0;58.25810749144375
2021-01-28 21:00:00;203.55072663323895;90.0;60.45213822873927
2021-01-28 22:00:00;171.05913629749065;90.0;60.83515320337722
2021-01-28 23:00:00;128.8091448299104;90.0;60.85127637687583
2021-01-29 00:00:00;92.46931127594232;90.0;60.4289379306411
2021-01-29 01:00:00;102.59576533227754;90.0;57.73146948683427
2021-01-29 02:00:00;93.62612097466543;90.0;59.96611361465796
2021-01-29 03:00:00;103.6019631762285;90.0;57.46153186647149
2021-01-29 04:00:00;142.69412617989786;90.0;57.576047537124964
2021-01-29 05:00:00;206.5097138713259;90.0;57.69012295253623
2021-01-29 06:00:00;213.81980078714798;90.0;57.61613620600758
2021-01-29 07:00:00;207.67367103439145;90.0;58.82271747817231
2021-01-29 08:00:00;200.04081052483286;90.0;59.79043468893235
2021-01-29 09:00:00;184.16797982899095;90.0;61.248487828742554
2021-01-29 10:00:00;177.21964439807405;90.0;60.91230565478776
2021-01-29 11:00:00;170.55359294500164;90.0;61.09939185883502
2021-01-29 12:00:00;165.86349754585038;90.0;61.11762137163123
2021-01-29 13:00:00;162.6351560828748;90.0;60.95780568954825
2021-01-29 14:00:00;162.32531581608208;90.0;60.479457673811
2021-01-29 15:00:00;168.45529443222006;90.0;59.33599048027992
2021-01-29 16:00:00;178.50454149830261;90.0;58.09820770437426
2021-01-29 17:00:00;189.46024685254076;90.0;57.91985790297616
2021-01-29 18:00:00;201.33097412948723;90.0;57.84139438723054
2021-01-29 19:00:00;211.41845488217024;90.0;57.99026633044946
2021-01-29 20:00:00;213.57046063978612;90.0;58.2361058089316
2021-01-29 21:00:00;176.57184717586867;90.0;60.906680412610854
2021-01-29 22:00:00;153.7329798556403;90.0;60.9010242258592
2021-01-29 23:00:00;115.50792235113191;90.0;60.76951973180189
2021-01-30 00:00:00;94.24274795647405;90.0;60.53238515924903
2021-01-30 01:00:00;99.88097290785215;90.0;58.76734405740882
2021-01-30 02:00:00;101.29645743064917;90.0;58.47499452755824
2021-01-30 03:00:00;97.2824333520641;90.0;59.407521991852946
2021-01-30 04:00:00;136.77741912176273;90.0;57.478201110301086
2021-01-30 05:00:00;197.54412214152492;90.0;57.67036108101888
2021-01-30 06:00:00;205.62027210806875;90.0;57.72125169242776
2021-01-30 07:00:00;198.5318173107071;90.0;59.00946547184492
2021-01-30 08:00:00;190.733028714449;90.0;59.96167056514372
2021-01-30 09:00:00;176.13747330455766;90.0;61.065580414635576
2021-01-30 10:00:00;169.40474361779522;90.0;61.008474751931146
2021-01-30 11:00:00;164.177704730221;90.0;61.02199396327251
2021-01-30 12:00:00;161.1447685118875;90.0;60.867258592621624
2021-01-30 13:00:00;158.2581207205816;90.0;60.74189978540721
2021-01-30 14:00:00;157.93775345551006;90.0;60.32222781652439
2021-01-30 15:00:00;163.109780073844;90.0;59.31871720935595
2021-01-30 16:00:00;171.76892773819552;90.0;58.21123395725158
2021-01-30 17:00:00;181.13150741073954;90.0;57.539260233458606
2021-01-30 18:00:00;190.861578432657;90.0;57.779222870442595
2021-01-30 19:00:00;198.90241176409393;90.0;57.642526176664944
2021-01-30 20:00:00;199.33253778903557;90.0;58.16393230655859
2021-01-30 21:00:00;183.03363100850444;90.0;60.33293354751396
2021-01-30 22:00:00;154.596237624514;90.0;60.78279854796824
2021-01-30 23:00:00;116.62300803490207;90.0;60.73288081145108
2021-01-31 00:00:00;81.98663039142187;90.0;60.109100485968156
2021-01-31 01:00:00;90.38251021540506;90.0;57.58896736470234
2021-01-31 02:00:00;83.69816773254053;90.0;59.517651956319924
2021-01-31 03:00:00;91.72456776156722;90.0;57.30370041040078
2021-01-31 04:00:00;124.64026241485364;90.0;57.287106513248716
2021-01-31 05:00:00;179.92063678785433;90.0;57.613636945891926
2021-01-31 06:00:00;185.44636514279486;90.0;57.52512826671608
2021-01-31 07:00:00;179.31220812073428;90.0;58.8282826313216
2021-01-31 08:00:00;173.75625781425;90.0;59.63912837033513
2021-01-31 09:00:00;161.94078213210267;90.0;60.97415001440754
2021-01-31 10:00:00;155.90897205558488;90.0;61.05590929245545
2021-01-31 11:00:00;151.05224006483417;90.0;60.9902245347626
2021-01-31 12:00:00;148.43918178786976;90.0;60.79791682636164
2021-01-31 13:00:00;146.40846656076928;90.0;60.58331489424182
2021-01-31 14:00:00;146.6790388362432;90.0;60.11005674734207
2021-01-31 15:00:00;150.47644118709738;90.0;59.28849654005825
2021-01-31 16:00:00;157.84387418480273;90.0;58.2546152192931
2021-01-31 17:00:00;166.19478427454854;90.0;57.474586202771945
2021-01-31 18:00:00;174.4715016587554;90.0;57.77304501822448
2021-01-31 19:00:00;181.19329312041089;90.0;57.4641301174222
2021-01-31 20:00:00;179.76494244893314;90.0;58.240853003279824
2021-01-31 21:00:00;165.3782052020277;90.0;60.320208561769675
2021-01-31 22:00:00;141.20852459984127;90.0;60.84168568873531
2021-01-31 23:00:00;106.63828629970807;90.0;60.64108906622539
2021-02-01 00:00:00;87.4257637746617;90.0;60.37129028632961
2021-02-01 01:00:00;96.05302936573412;90.0;57.87375625252071
2021-02-01 02:00:00;90.00259084175671;90.0;59.49174652356328
2021-02-01 03:00:00;98.1591357062301;90.0;57.41611220988227
2021-02-01 04:00:00;132.10664369764913;90.0;57.37666707103892
2021-02-01 05:00:00;191.18614524533498;90.0;57.640159490688234
2021-02-01 06:00:00;196.89154249654567;90.0;57.57230256212921
2021-02-01 07:00:00;190.7523784404435;90.0;58.83025514020363
2021-02-01 08:00:00;184.8178595517082;90.0;59.65663888344176
2021-02-01 09:00:00;172.14243420567064;90.0;61.01342907196431
2021-02-01 10:00:00;165.33252922314503;90.0;60.99657084355346
2021-02-01 11:00:00;159.87733698833668;90.0;60.84302354686781
2021-02-01 12:00:00;156.87469595100606;90.0;60.74153757304828
2021-02-01 13:00:00;153.85352961024842;90.0;60.67499771614928
2021-02-01 14:00:00;153.97903226814222;90.0;60.210119443942915
2021-02-01 15:00:00;159.1174180387197;90.0;59.221057469048105
2021-02-01 16:00:00;167.51765141083584;90.0;58.144005381155466
2021-02-01 17:00:00;176.19121348433407;90.0;57.43521256259157
2021-02-01 18:00:00;186.9499369752908;90.0;57.627024036524006
2021-02-01 19:00:00;197.10584889459096;90.0;57.81777203529322
2021-02-01 20:00:00;178.34582665391562;90.0;60.40733751890599
2021-02-01 21:00:00;181.46253957672374;90.0;59.71548420164038
2021-02-01 22:00:00;142.98183216205746;90.0;60.927577293240404
2021-02-01 23:00:00;115.2466700356685;90.0;60.66299199570642
2021-02-02 00:00:00;88.68981351900632;90.0;60.26653418532277
2021-02-02 01:00:00;93.58124890167426;90.0;58.64520468652307
2021-02-02 02:00:00;95.11281755651893;90.0;58.32182358808842
2021-02-02 03:00:00;91.37696582225854;90.0;59.27155573686997
2021-02-02 04:00:00;128.29448051465383;90.0;57.42638741415345
2021-02-02 05:00:00;184.7029563542679;90.0;57.647681576001276
2021-02-02 06:00:00;191.3137861400954;90.0;57.55937342361909
2021-02-02 07:00:00;184.4209690863626;90.0;58.922451642084354
2021-02-02 08:00:00;178.15159907329343;90.0;59.77377886415121
2021-02-02 09:00:00;165.0841094612108;90.0;61.08380739672913
2021-02-02 10:00:00;158.9507386478145;90.0;60.77351333537945
2021-02-02 11:00:00;153.92157565939647;90.0;60.85807735421332
2021-02-02 12:00:00;151.1477602161987;90.0;60.725328147345465
2021-02-02 13:00:00;149.49877568123847;90.0;60.48060826736605
2021-02-02 14:00:00;149.32184226000808;90.0;60.105837377715716
2021-02-02 15:00:00;153.9642502385805;90.0;59.18529666740943
2021-02-02 16:00:00;161.93578717387075;90.0;58.13181319518753
2021-02-02 17:00:00;169.99059044483818;90.0;57.46117920324639
2021-02-02 18:00:00;177.61008288716312;90.0;57.84095785024067
2021-02-02 19:00:00;182.16461046043548;90.0;57.78019746991407
2021-02-02 20:00:00;186.64892437484627;90.0;57.765873946460545
2021-02-02 21:00:00;166.49542874472795;90.0;60.65200447550217
2021-02-02 22:00:00;142.48512732947484;90.0;60.708724361179236
2021-02-02 23:00:00;107.87124556351084;90.0;60.613822101103835
2021-02-03 00:00:00;88.38306210813262;90.0;60.38264350303376
2021-02-03 01:00:00;96.46862690288718;90.0;58.02347453192789
2021-02-03 02:00:00;88.9793230245574;90.0;59.910238383305625
2021-02-03 03:00:00;97.20875644138353;90.0;57.6708834111389
2021-02-03 04:00:00;133.54954337361295;90.0;57.44414070864502
2021-02-03 05:00:00;193.11546920157622;90.0;57.653417270354396
2021-02-03 06:00:00;199.5892850565791;90.0;57.61656904496664
2021-02-03 07:00:00;192.84180353025815;90.0;58.91998392660162
2021-02-03 08:00:00;186.78805427129916;90.0;59.72594749221713
2021-02-03 09:00:00;172.70813923344133;90.0;61.10780934383649
2021-02-03 10:00:00;166.20805441587729;90.0;60.81177633370339
2021-02-03 11:00:00;160.83799504968377;90.0;60.909624286323776
2021-02-03 12:00:00;157.89512330492036;90.0;60.77883489127845
2021-02-03 13:00:00;155.87666822690204;90.0;60.5683870291723
2021-02-03 14:00:00;155.78174752285878;90.0;60.16678247323648
2021-02-03 15:00:00;160.78244048141494;90.0;59.21838068100243
2021-02-03 16:00:00;168.6130646786341;90.0;58.22649359781218
2021-02-03 17:00:00;177.59592038193722;90.0;57.461855373681544
2021-02-03 18:00:00;187.733765044306;90.0;57.69318982479251
2021-02-03 19:00:00;197.7814265853615;90.0;57.85879017251102
2021-02-03 20:00:00;199.0280782548263;90.0;58.21808491292404
2021-02-03 21:00:00;182.8786100851168;90.0;60.35334786154647
2021-02-03 22:00:00;152.98690163190756;90.0;60.77265207272899
2021-02-03 23:00:00;115.34612772734309;90.0;60.723836450245074
2021-02-04 00:00:00;86.47191473911266;90.0;60.29479608815291
2021-02-04 01:00:00;96.30316126431337;90.0;57.531072359356244
2021-02-04 02:00:00;87.76776069447645;90.0;59.83558736240337
2021-02-04 03:00:00;96.73862039231219;90.0;57.42689705645705
2021-02-04 04:00:00;133.90365345015204;90.0;57.516861549257385
2021-02-04 05:00:00;193.1169571978071;90.0;57.66892684138378
2021-02-04 06:00:00;200.14948584275396;90.0;57.57036234820458
2021-02-04 07:00:00;193.6756679858654;90.0;58.85851642102358
2021-02-04 08:00:00;186.41449456917965;90.0;59.81627243594437
2021-02-04 09:00:00;173.10082028988538;90.0;61.08330135040768
2021-02-04 10:00:00;166.6405459038063;90.0;60.87886588754026
2021-02-04 11:00:00;161.2564724891187;90.0;60.87181373604943
2021-02-04 12:00:00;157.78452099012824;90.0;60.81995454756412
2021-02-04 13:00:00;154.70493730448723;90.0;60.736334996162554
2021-02-04 14:00:00;154.01331423538517;90.0;60.36259422605235
2021-02-04 15:00:00;159.7276455388809;90.0;59.25376063162042
2021-02-04 16:00:00;168.5271377680973;90.0;58.12114299171941
2021-02-04 17:00:00;177.67548425577354;90.0;57.480959882505715
2021-02-04 18:00:00;187.29068454854703;90.0;57.74245930458807
2021-02-04 19:00:00;195.43015613354882;90.0;57.593288965741465
2021-02-04 20:00:00;195.748757750833;90.0;58.1393772803076
2021-02-04 21:00:00;180.12157235014115;90.0;60.269897121830695
2021-02-04 22:00:00;152.2208614409161;90.0;60.96454891368194
2021-02-04 23:00:00;115.50302822872642;90.0;60.72410230433172
2021-02-05 00:00:00;98.04106478952632;90.0;60.367378646293275
2021-02-05 01:00:00;110.94294766462009;90.0;57.29642824715063
2021-02-05 02:00:00;111.9476618720932;90.0;57.64197672222798
2021-02-05 03:00:00;119.02051015268209;90.0;57.506097794954826
2021-02-05 04:00:00;146.2123468959646;90.0;57.56695511198359
2021-02-05 05:00:00;215.11816074905022;90.0;57.64934241167151
2021-02-05 06:00:00;214.9274876451276;90.0;58.24594385865635
2021-02-05 07:00:00;211.86264005209418;90.0;58.92797810777603
2021-02-05 08:00:00;207.19005331034847;90.0;59.54993669534804
2021-02-05 09:00:00;203.45563917123152;90.0;59.88388130758483
2021-02-05 10:00:00;189.89682614034513;90.0;61.14614116433302
2021-02-05 11:00:00;184.27052881578828;90.0;61.21986956617292
2021-02-05 12:00:00;179.61175742712288;90.0;61.17539280999978
2021-02-05 13:00:00;174.71262124892968;90.0;61.17947384179507
2021-02-05 14:00:00;172.20135130760002;90.0;60.909820961998435
2021-02-05 15:00:00;192.00899907618106;90.0;58.15056665480677
2021-02-05 16:00:00;199.77098106369849;90.0;57.69797616214794
2021-02-05 17:00:00;206.59437067148843;90.0;57.52935197358937
2021-02-05 18:00:00;210.87231524539652;90.0;57.70323250190131
2021-02-05 19:00:00;210.85028035387862;90.0;58.26194278924663
2021-02-05 20:00:00;207.4626443971313;90.0;58.97400203761197
2021-02-05 21:00:00;190.73642914113196;90.0;60.84679980191663
2021-02-05 22:00:00;164.72954326680568;90.0;60.999387631267666
2021-02-05 23:00:00;123.49547786633993;90.0;60.869511696374616
2021-02-06 00:00:00;108.8407150474354;90.0;60.72112625894505
2021-02-06 01:00:00;116.00995902084607;90.0;58.83926732197568
2021-02-06 02:00:00;117.44142874005516;90.0;58.61636625151908
2021-02-06 03:00:00;125.53734159704582;90.0;57.324378836126414
2021-02-06 04:00:00;154.05950898327688;90.0;57.56916317896963
2021-02-06 05:00:00;227.43616131983597;90.0;57.657897353782175
2021-02-06 06:00:00;227.19760880347758;90.0;58.26429405538272
2021-02-06 07:00:00;224.2547514463426;90.0;58.92193147456641
2021-02-06 08:00:00;218.88950893263345;90.0;59.595947269991996
2021-02-06 09:00:00;214.38177421101162;90.0;59.97982684115925
2021-02-06 10:00:00;209.28323595734366;90.0;60.307488766414224
2021-02-06 11:00:00;202.26034928645478;90.0;60.73547869111752
2021-02-06 12:00:00;200.7742702139934;90.0;60.48176448869884
2021-02-06 13:00:00;183.29451103641452;90.0;61.21435018151891
2021-02-06 14:00:00;181.6948791261272;90.0;60.82961678858368
2021-02-06 15:00:00;203.0537638873553;90.0;58.05320694455867
2021-02-06 16:00:00;211.61081748651029;90.0;57.60633098019326
2021-02-06 17:00:00;219.53970459532647;90.0;57.75612627935902
2021-02-06 18:00:00;224.80770145975035;90.0;57.797154438887674
2021-02-06 19:00:00;225.33043543645738;90.0;58.28449243535232
2021-02-06 20:00:00;221.90094783707042;90.0;58.98329028131462
2021-02-06 21:00:00;203.4803700075092;90.0;60.91969610979339
2021-02-06 22:00:00;174.21529182343374;90.0;60.82593090830977
2021-02-06 23:00:00;130.43966351672162;90.0;60.796194333042706
2021-02-07 00:00:00;109.19011880701808;90.0;60.6045574983022
2021-02-07 01:00:00;117.25884948216122;90.0;58.602078888919664
2021-02-07 02:00:00;118.60692293988994;90.0;58.47778902143142
2021-02-07 03:00:00;126.68235616578026;90.0;57.25004072877181
2021-02-07 04:00:00;156.8370090015631;90.0;57.51697188311954
2021-02-07 05:00:00;234.31529874196374;90.0;57.732833742147534
2021-02-07 06:00:00;234.62581091195761;90.0;58.26911788668832
2021-02-07 07:00:00;233.9647521158966;90.0;58.71538761991775
2021-02-07 08:00:00;226.02337956436384;90.0;59.67932261677868
2021-02-07 09:00:00;221.4803837766248;90.0;60.03260589309201
2021-02-07 10:00:00;216.22032521303865;90.0;60.349418279336476
2021-02-07 11:00:00;209.02178780876315;90.0;60.76533155530518
2021-02-07 12:00:00;207.37821046204598;90.0;60.51989394815075
2021-02-07 13:00:00;207.22847971444065;90.0;60.19805812746114
2021-02-07 14:00:00;208.20231363554032;90.0;59.860024917346266
2021-02-07 15:00:00;210.33574536574832;90.0;59.51014882065533
2021-02-07 16:00:00;219.04308892479386;90.0;58.63003154847229
2021-02-07 17:00:00;227.29564095058953;90.0;58.10346576227579
2021-02-07 18:00:00;232.68266612808736;90.0;58.04067409340445
2021-02-07 19:00:00;232.73564567888212;90.0;58.49603053143136
2021-02-07 20:00:00;228.80587895230505;90.0;59.16536631785078
2021-02-07 21:00:00;209.95358507287713;90.0;61.03207645613509
2021-02-07 22:00:00;180.03456309304892;90.0;60.86282908728157
2021-02-07 23:00:00;134.73013981796245;90.0;60.835413680369584
2021-02-08 00:00:00;138.16649925890542;90.0;59.78669094484155
2021-02-08 01:00:00;140.4725339985015;90.0;59.23285360074556
2021-02-08 02:00:00;141.94249730691033;90.0;58.98263578405977
2021-02-08 03:00:00;154.309669479106;90.0;57.3828650479727
2021-02-08 04:00:00;185.22863685721342;90.0;57.79449091146779
2021-02-08 05:00:00;253.63915481621976;90.0;57.975980621885185
2021-02-08 06:00:00;255.24588610666945;90.0;58.336017581824535
2021-02-08 07:00:00;253.20839117434784;90.0;58.88236533579334
2021-02-08 08:00:00;260.7130941541182;90.0;58.463765914029864
2021-02-08 09:00:00;254.6196078703305;90.0;59.30026753057729
2021-02-08 10:00:00;246.6983234745164;90.0;60.02673008623816
2021-02-08 11:00:00;236.5859615154358;90.0;60.72877539809116
2021-02-08 12:00:00;228.64354240025466;90.0;61.051367356935884
2021-02-08 13:00:00;231.92316018550756;90.0;60.284961368077006
2021-02-08 14:00:00;233.79062279950998;90.0;59.87161266857362
2021-02-08 15:00:00;235.88624400566596;90.0;59.56454744706832
2021-02-08 16:00:00;246.1118771401974;90.0;58.646656354227844
2021-02-08 17:00:00;255.30946583591324;90.0;58.13848803054776
2021-02-08 18:00:00;250.1884680473258;90.0;59.00879966264819
2021-02-08 19:00:00;248.22404319419286;90.0;59.331739285098195
2021-02-08 20:00:00;240.64074735129805;90.0;60.03220848625659
2021-02-08 21:00:00;220.88045588169635;90.0;60.97738834865896
2021-02-08 22:00:00;195.385679221143;90.0;61.19567508061385
2021-02-08 23:00:00;143.422285255191;90.0;60.85309144811475
2021-02-09 00:00:00;131.26909047433116;90.0;60.564692232874734
2021-02-09 01:00:00;136.7395935134689;90.0;59.26339589811852
2021-02-09 02:00:00;139.6793726086594;90.0;58.76973075989781
2021-02-09 03:00:00;152.16372210060882;90.0;57.68327989487409
2021-02-09 04:00:00;182.83664635831536;90.0;57.83638224655408
2021-02-09 05:00:00;249.06770159021198;90.0;57.99319394727365
2021-02-09 06:00:00;252.53293653590373;90.0;58.18496852647968
2021-02-09 07:00:00;249.7536365246656;90.0;58.84403268789964
2021-02-09 08:00:00;256.81315566242404;90.0;58.46384296846503
2021-02-09 09:00:00;250.72534926950144;90.0;59.305220587215786
2021-02-09 10:00:00;241.22811184155168;90.0;60.17257495989878
2021-02-09 11:00:00;227.46168094991137;90.0;61.16878991555325
2021-02-09 12:00:00;226.16921573768326;90.0;60.77661457455616
2021-02-09 13:00:00;228.46914589380336;90.0;60.17188455177808
2021-02-09 14:00:00;230.54802534352115;90.0;59.768116831025395
2021-02-09 15:00:00;232.49940287071362;90.0;59.50050696703943
2021-02-09 16:00:00;242.94790347009976;90.0;58.567327061034916
2021-02-09 17:00:00;252.04062705988576;90.0;58.08115043910715
2021-02-09 18:00:00;259.02163531065327;90.0;57.957207569651075
2021-02-09 19:00:00;258.3743621757508;90.0;58.514202511081066
2021-02-09 20:00:00;253.53929013594077;90.0;59.232948030928355
2021-02-09 21:00:00;232.56386869186719;90.0;61.10262546307894
2021-02-09 22:00:00;197.84831875384154;90.0;60.99516584651593
2021-02-09 23:00:00;147.7002079906453;90.0;60.9529556594037
2021-02-10 00:00:00;104.90575270667456;90.0;60.43704522934905
2021-02-10 01:00:00;114.1562156729161;90.0;58.19097935444768
2021-02-10 02:00:00;115.48477160594712;90.0;58.188801766532265
2021-02-10 03:00:00;123.50746865942523;90.0;57.366763093111615
2021-02-10 04:00:00;154.29701627042687;90.0;57.480574835371954
2021-02-10 05:00:00;229.46393257822132;90.0;57.62819846067549
2021-02-10 06:00:00;229.9167981816713;90.0;58.181675486481254
2021-02-10 07:00:00;228.67200964824005;90.0;58.70805395791325
2021-02-10 08:00:00;221.5389066020569;90.0;59.61098358799205
2021-02-10 09:00:00;216.76217393284708;90.0;60.0127405667061
2021-02-10 10:00:00;211.64672179077795;90.0;60.3284230097197
2021-02-10 11:00:00;204.40794464227818;90.0;60.76576287303425
2021-02-10 12:00:00;202.79770846657348;90.0;60.51613889975454
2021-02-10 13:00:00;203.40475539324848;90.0;60.114678765058386
2021-02-10 14:00:00;184.01113762184283;90.0;61.168404758508586
2021-02-10 15:00:00;206.17166608310558;90.0;58.25140841937099
2021-02-10 16:00:00;214.68273700492628;90.0;57.7610661034326
2021-02-10 17:00:00;221.55173290946692;90.0;57.628436078328434
2021-02-10 18:00:00;225.75319607454355;90.0;57.81725999605561
2021-02-10 19:00:00;224.81314103797453;90.0;58.43557593121989
2021-02-10 20:00:00;220.26488982570447;90.0;59.19049431541458
2021-02-10 21:00:00;202.43403998999585;90.0;61.00962604105189
2021-02-10 22:00:00;187.9416056563232;90.0;61.24162647969456
2021-02-10 23:00:00;140.7290847270146;90.0;60.94481139682097
2021-02-11 00:00:00;92.61482234922272;90.0;60.43291106297988
2021-02-11 01:00:00;103.53598838782446;90.0;57.57780424131835
2021-02-11 02:00:00;93.61837951996954;90.0;60.05886227601229
2021-02-11 03:00:00;104.11280194163271;90.0;57.42308997510685
2021-02-11 04:00:00;144.7183789259424;90.0;57.547492758271574
2021-02-11 05:00:00;209.61065689552152;90.0;57.69018067414618
2021-02-11 06:00:00;203.05218404786288;90.0;58.92183625582021
2021-02-11 07:00:00;198.11894680388522;90.0;59.585410088255855
2021-02-11 08:00:00;195.8355196009459;90.0;59.762962892105975
2021-02-11 09:00:00;186.03132622686957;90.0;60.698936172801325
2021-02-11 10:00:00;178.6974404020711;90.0;61.106344530790636
2021-02-11 11:00:00;172.94948435726224;90.0;61.231001633503695
2021-02-11 12:00:00;170.41639047774444;90.0;60.94965393537274
2021-02-11 13:00:00;167.51044869041428;90.0;60.796264008353944
2021-02-11 14:00:00;166.44352645309604;90.0;60.463894892789995
2021-02-11 15:00:00;172.08892075614048;90.0;59.40807796363214
2021-02-11 16:00:00;180.80320300558668;90.0;58.33432474724219
2021-02-11 17:00:00;191.55128775771738;90.0;57.42369227686709
2021-02-11 18:00:00;198.69037350074757;90.0;57.96376909370889
2021-02-11 19:00:00;198.50517961862818;90.0;58.44205961709531
2021-02-11 20:00:00;194.90602462893264;90.0;59.12713260501306
2021-02-11 21:00:00;179.6755876198655;90.0;60.88020875354425
2021-02-11 22:00:00;155.52631679597545;90.0;60.95414174769735
2021-02-11 23:00:00;116.7700783761847;90.0;60.79578276512166
2021-02-12 00:00:00;91.31155555622003;90.0;60.33194738814029
2021-02-12 01:00:00;97.41297382778119;90.0;58.475732011991056
2021-02-12 02:00:00;98.8159753735341;90.0;58.26375327243147
2021-02-12 03:00:00;105.85011351924005;90.0;56.983690001614775
2021-02-12 04:00:00;129.4263671027738;90.0;57.43288378507128
2021-02-12 05:00:00;189.48217215548596;90.0;57.602746659660625
2021-02-12 06:00:00;188.8638329304474;90.0;58.24244247696441
2021-02-12 07:00:00;184.149460958488;90.0;59.12967312301606
2021-02-12 08:00:00;188.55735503778078;90.0;58.69806758801991
2021-02-12 09:00:00;173.0997892321625;90.0;60.673863822648514
2021-02-12 10:00:00;166.10724463082062;90.0;61.09253768599615
2021-02-12 11:00:00;160.77751267233216;90.0;61.1035302540555
2021-02-12 12:00:00;157.55675252353123;90.0;60.95109727384363
2021-02-12 13:00:00;154.50876579779316;90.0;60.824280411377
2021-02-12 14:00:00;154.6669806016846;90.0;60.311731553874324
2021-02-12 15:00:00;163.2739950383352;90.0;58.84822566993188
2021-02-12 16:00:00;170.3879833766088;90.0;58.07776753853403
2021-02-12 17:00:00;150.0712050367305;90.0;61.085095493854396
2021-02-12 18:00:00;167.9610158222011;90.0;58.172006715691225
2021-02-12 19:00:00;186.67838051424675;90.0;57.64756321227759
2021-02-12 20:00:00;196.74501668219395;90.0;57.83403739643131
2021-02-12 21:00:00;176.87622922088215;90.0;60.549594702380375
2021-02-12 22:00:00;151.49881486637358;90.0;60.926207246955244
2021-02-12 23:00:00;114.8944345379849;90.0;60.71403863036693
2021-02-13 00:00:00;94.82539271600044;90.0;60.44084462114296
2021-02-13 01:00:00;104.91071091499369;90.0;57.81034541728957
2021-02-13 02:00:00;95.92006924458079;90.0;59.989096284722564
2021-02-13 03:00:00;105.48363156746859;90.0;57.61785531591647
2021-02-13 04:00:00;146.03559165416544;90.0;57.58785045792183
2021-02-13 05:00:00;211.52588571098178;90.0;57.697601523202934
2021-02-13 06:00:00;219.01146777466178;90.0;57.62538798440244
2021-02-13 07:00:00;211.62442069061825;90.0;58.94137891815842
2021-02-13 08:00:00;204.58850695566846;90.0;59.798483440503446
2021-02-13 09:00:00;188.3330816916383;90.0;61.2611322369786
2021-02-13 10:00:00;180.84990724524403;90.0;60.958972543377286
2021-02-13 11:00:00;175.03679907866552;90.0;61.026715218195875
2021-02-13 12:00:00;170.81990304488787;90.0;61.00195343093736
2021-02-13 13:00:00;167.41785582307207;90.0;60.89250844115833
2021-02-13 14:00:00;166.3284628230468;90.0;60.53439381835574
2021-02-13 15:00:00;173.17455928933722;90.0;59.312724608900055
2021-02-13 16:00:00;182.4622935662876;90.0;58.208581840912586
2021-02-13 17:00:00;193.62632942190248;90.0;57.891098975209275
2021-02-13 18:00:00;201.5897992243832;90.0;57.6082030232223
2021-02-13 19:00:00;202.32495936095555;90.0;58.11089399022177
2021-02-13 20:00:00;198.97512831775714;90.0;58.87584605023585
2021-02-13 21:00:00;183.5154936991594;90.0;60.70827994623767
2021-02-13 22:00:00;157.49585173593312;90.0;60.77106205787254
2021-02-13 23:00:00;118.17607228280242;90.0;60.77540162271947
2021-02-14 00:00:00;114.16138568814834;90.0;60.74432477846085
2021-02-14 01:00:00;123.05395229028828;90.0;58.63824638865685
2021-02-14 02:00:00;125.0819673833352;90.0;58.413751011634076
2021-02-14 03:00:00;134.1319228294764;90.0;57.32857972407015
2021-02-14 04:00:00;166.7132557253729;90.0;57.53953270822143
2021-02-14 05:00:00;248.23855560067773;90.0;57.655155495147426
2021-02-14 06:00:00;248.39668929525706;90.0;58.23996305864216
2021-02-14 07:00:00;246.84633580740157;90.0;58.77677800063333
2021-02-14 08:00:00;239.091488348343;90.0;59.67461278558716
2021-02-14 09:00:00;233.5548204465431;90.0;60.10323408560055
2021-02-14 10:00:00;228.2155617865346;90.0;60.38873428441417
2021-02-14 11:00:00;219.35277542830246;90.0;60.91937668994353
2021-02-14 12:00:00;217.32506876970075;90.0;60.66615630824333
2021-02-14 13:00:00;220.26812612055997;90.0;60.017650124618
2021-02-14 14:00:00;222.0978593081421;90.0;59.6701862097388
2021-02-14 15:00:00;224.08637043587402;90.0;59.41609161600957
2021-02-14 16:00:00;233.4549152519512;90.0;58.56626608878565
2021-02-14 17:00:00;241.92464604656604;90.0;58.09828032333951
2021-02-14 18:00:00;248.48860994052322;90.0;57.974842268431416
2021-02-14 19:00:00;236.01264405205393;90.0;59.55152399976919
2021-02-14 20:00:00;228.560497652529;90.0;60.19547880624731
2021-02-14 21:00:00;225.42055830897849;90.0;60.258054002576046
2021-02-14 22:00:00;188.03602381849964;90.0;60.89680214023588
2021-02-14 23:00:00;137.50837957994275;90.0;60.78240622858516
2021-02-15 00:00:00;128.1755880939686;90.0;60.89549764901369
2021-02-15 01:00:00;131.9910234481496;90.0;59.72975527657883
2021-02-15 02:00:00;135.86327953108182;90.0;58.92331279918682
2021-02-15 03:00:00;148.00666009220913;90.0;57.523050191922266
2021-02-15 04:00:00;176.79843423518975;90.0;57.8277840514308
2021-02-15 05:00:00;248.59285994914592;90.0;57.87981531710591
2021-02-15 06:00:00;249.840949876823;90.0;58.296647415809616
2021-02-15 07:00:00;248.5483691844067;90.0;58.79301593215638
2021-02-15 08:00:00;239.7474715229573;90.0;59.77258915990984
2021-02-15 09:00:00;234.3032777082043;90.0;60.161564394860136
2021-02-15 10:00:00;229.0770045156314;90.0;60.41806866993198
2021-02-15 11:00:00;220.3915178729113;90.0;60.920936356544075
2021-02-15 12:00:00;218.5836017049453;90.0;60.64666764190781
2021-02-15 13:00:00;220.54648169337327;90.0;60.09801537079085
2021-02-15 14:00:00;222.29562642230553;90.0;59.73441319573135
2021-02-15 15:00:00;224.45915220348962;90.0;59.44475632981073
2021-02-15 16:00:00;233.73569451885214;90.0;58.59630364154856
2021-02-15 17:00:00;242.10078564382584;90.0;58.129152143250906
2021-02-15 18:00:00;248.17598869053097;90.0;58.03833129803331
2021-02-15 19:00:00;248.82569819302955;90.0;58.453558315874886
2021-02-15 20:00:00;245.09368931055073;90.0;59.107172172932394
2021-02-15 21:00:00;224.22326983285683;90.0;61.067005047802354
2021-02-15 22:00:00;191.04668153338807;90.0;60.954956878180724
2021-02-15 23:00:00;142.72969145792786;90.0;60.91269228795153
2021-02-16 00:00:00;113.70424938213556;90.0;60.49933822324874
2021-02-16 01:00:00;122.88275544297464;90.0;58.406115246174465
2021-02-16 02:00:00;124.46812451715286;90.0;58.33090200628533
2021-02-16 03:00:00;133.00045142872955;90.0;57.265062890860634
2021-02-16 04:00:00;165.57493458944376;90.0;57.51624130801065
2021-02-16 05:00:00;248.0118026186261;90.0;57.742563457962376
2021-02-16 06:00:00;248.3485355701166;90.0;58.28341738636874
2021-02-16 07:00:00;247.29716733129902;90.0;58.76377537887373
2021-02-16 08:00:00;239.0354321877728;90.0;59.709387575712924
2021-02-16 09:00:00;233.5173477805933;90.0;60.1257963608777
2021-02-16 10:00:00;228.27203439380568;90.0;60.39613586661699
2021-02-16 11:00:00;219.1272082528085;90.0;60.95060304672023
2021-02-16 12:00:00;217.26826026886488;90.0;60.67252109193839
2021-02-16 13:00:00;220.2959383106119;90.0;60.01418076342378
2021-02-16 14:00:00;222.26691718971153;90.0;59.654628674353205
2021-02-16 15:00:00;224.25588708613375;90.0;59.40555167779013
2021-02-16 16:00:00;233.45547456835584;90.0;58.57502870533256
2021-02-16 17:00:00;241.75568913687295;90.0;58.11926797276402
2021-02-16 18:00:00;248.24384593600467;90.0;57.9950798124695
2021-02-16 19:00:00;248.45978119359614;90.0;58.461751532893516
2021-02-16 20:00:00;244.85298241798085;90.0;59.1021673890649
2021-02-16 21:00:00;224.56948984452865;90.0;61.01227823499539
2021-02-16 22:00:00;190.58016766035936;90.0;60.96998792135378
2021-02-16 23:00:00;142.35627718581227;90.0;60.91445728020011
2021-02-17 00:00:00;113.62382284187925;90.0;60.487498940353305
2021-02-17 01:00:00;123.63759322344585;90.0;58.25432723508095
2021-02-17 02:00:00;125.4048542719247;90.0;58.20201399476343
2021-02-17 03:00:00;134.38649073725549;90.0;57.61498749708335
2021-02-17 04:00:00;168.122226412192;90.0;57.55561345866812
2021-02-17 05:00:00;251.94252095536467;90.0;57.750120379837995
2021-02-17 06:00:00;252.2840385555358;90.0;58.290755869713735
2021-02-17 07:00:00;250.7175071211602;90.0;58.81302927815119
2021-02-17 08:00:00;242.8541017023658;90.0;59.70067924760724
2021-02-17 09:00:00;237.3221906599047;90.0;60.115938438989645
2021-02-17 10:00:00;231.87647976818255;90.0;60.402207043733085
2021-02-17 11:00:00;222.65801328938534;90.0;60.95112789205035
2021-02-17 12:00:00;220.65453056217703;90.0;60.68634668978973
2021-02-17 13:00:00;223.675072457474;90.0;60.031716821890996
2021-02-17 14:00:00;225.73586205023628;90.0;59.6640055769476
2021-02-17 15:00:00;227.81498754637872;90.0;59.40923905348228
2021-02-17 16:00:00;237.6441551195569;90.0;58.53686772125383
2021-02-17 17:00:00;246.40699742657776;90.0;58.06854655757297
2021-02-17 18:00:00;241.1062545494258;90.0;58.988175594023915
2021-02-17 19:00:00;239.5501335464454;90.0;59.28248239070547
2021-02-17 20:00:00;232.11607650724633;90.0;60.00326902854647
2021-02-17 21:00:00;212.859472398113;90.0;60.965268742753096
2021-02-17 22:00:00;187.32937434559318;90.0;61.22618637222138
2021-02-17 23:00:00;138.4924061616662;90.0;60.79119137836017
2021-02-18 00:00:00;135.84206019596166;90.0;60.67049444883037
2021-02-18 01:00:00;141.26788640446492;90.0;59.382543178565356
2021-02-18 02:00:00;144.6125930317396;90.0;58.81589449711731
2021-02-18 03:00:00;157.02288466238878;90.0;57.542499971928635
2021-02-18 04:00:00;188.37935606194105;90.0;57.834120129404425
2021-02-18 05:00:00;259.73900201886505;90.0;57.963460106889784
2021-02-18 06:00:00;261.0107866407491;90.0;58.36144907956293
2021-02-18 07:00:00;256.8116826934918;90.0;59.07568017078404
2021-02-18 08:00:00;263.5373843321451;90.0;58.67020289571292
2021-02-18 09:00:00;259.8766741316323;90.0;59.23786682756793
2021-02-18 10:00:00;252.88518708850881;90.0;59.897652853346585
2021-02-18 11:00:00;241.5915802205942;90.0;60.72261237076674
2021-02-18 12:00:00;240.04660693733115;90.0;60.48460383544
2021-02-18 13:00:00;234.42303197332637;90.0;60.67056908275032
2021-02-18 14:00:00;233.91027240315157;90.0;60.35614170428909
2021-02-18 15:00:00;235.2544098662135;90.0;59.97056864563916
2021-02-18 16:00:00;245.52360153921302;90.0;58.92609233479186
2021-02-18 17:00:00;252.2407928172223;90.0;58.536746941341164
2021-02-18 18:00:00;256.8249743790772;90.0;58.46503562466091
2021-02-18 19:00:00;253.4934860690408;90.0;59.07641492684769
2021-02-18 20:00:00;244.78807668214338;90.0;59.943663518241124
2021-02-18 21:00:00;223.5805294612554;90.0;61.010109226627264
2021-02-18 22:00:00;194.44758153427395;90.0;61.0761677837142
2021-02-18 23:00:00;143.12757461880838;90.0;61.02600766955112
2021-02-19 00:00:00;128.972631586694;90.0;60.778786319824405
2021-02-19 01:00:00;135.36483316427265;90.0;59.25548251644619
2021-02-19 02:00:00;138.3456641857042;90.0;58.75090470843787
2021-02-19 03:00:00;151.25705091789783;90.0;57.71222405199677
2021-02-19 04:00:00;181.84574853096981;90.0;57.83489632679738
2021-02-19 05:00:00;250.57525419850276;90.0;57.95399243885066
2021-02-19 06:00:00;252.87263707946246;90.0;58.259598345914355
2021-02-19 07:00:00;247.25385816010515;90.0;59.13438926901722
2021-02-19 08:00:00;252.59985310409286;90.0;58.799743349833705
2021-02-19 09:00:00;247.7078872569705;90.0;59.4357359477151
2021-02-19 10:00:00;235.75015966483647;90.0;60.482541150244344
2021-02-19 11:00:00;226.4963927402344;90.0;60.99893182147542
2021-02-19 12:00:00;224.7475913236572;90.0;60.69687836758516
2021-02-19 13:00:00;227.3862048548249;90.0;60.082037324765565
2021-02-19 14:00:00;229.33817325761882;90.0;59.71492224894348
2021-02-19 15:00:00;231.33783236007062;90.0;59.457366522842335
2021-02-19 16:00:00;240.79218031852497;90.0;58.61915448565401
2021-02-19 17:00:00;249.68489613612985;90.0;58.12559928435621
2021-02-19 18:00:00;256.4491051804403;90.0;57.99862093225681
2021-02-19 19:00:00;256.79821610325155;90.0;58.458363652812466
2021-02-19 20:00:00;253.24909351303194;90.0;59.08998887981625
2021-02-19 21:00:00;232.06681257443395;90.0;61.027765625800214
2021-02-19 22:00:00;196.81122855731905;90.0;60.996539606426154
2021-02-19 23:00:00;146.86236226145175;90.0;60.95112011801996
2021-02-20 00:00:00;110.22555649102756;90.0;60.73779083047367
2021-02-20 01:00:00;118.95264632860376;90.0;58.599480875903794
2021-02-20 02:00:00;121.2788681694038;90.0;58.315031666260666
2021-02-20 03:00:00;129.52116789964808;90.0;57.14790150543325
2021-02-20 04:00:00;158.69218290659236;90.0;57.56359547388729
2021-02-20 05:00:00;234.07236228697442;90.0;57.66986349518828
2021-02-20 06:00:00;233.9046016024204;90.0;58.269710610027914
2021-02-20 07:00:00;230.82605368308947;90.0;58.93480723589698
2021-02-20 08:00:00;225.2947563507417;90.0;59.610450218298524
2021-02-20 09:00:00;220.3654883355152;90.0;60.022064015711805
2021-02-20 10:00:00;215.0916113726324;90.0;60.34488960512198
2021-02-20 11:00:00;207.25195039302287;90.0;60.82764889942496
2021-02-20 12:00:00;205.56043717648492;90.0;60.56839495514083
2021-02-20 13:00:00;206.86553911843933;90.0;60.08529862131837
2021-02-20 14:00:00;208.0759756922678;90.0;59.75693103927807
2021-02-20 15:00:00;209.93824776905777;90.0;59.464982476552734
2021-02-20 16:00:00;218.74308160899335;90.0;58.587088003496206
2021-02-20 17:00:00;226.406720478844;90.0;58.128179520351694
2021-02-20 18:00:00;231.8857053796809;90.0;58.04631788816192
2021-02-20 19:00:00;232.08848030763758;90.0;58.485538674736404
2021-02-20 20:00:00;228.58128643795865;90.0;59.12001689176037
2021-02-20 21:00:00;209.98409260944308;90.0;60.978935892734796
2021-02-20 22:00:00;179.44580183929205;90.0;60.87325106766406
2021-02-20 23:00:00;134.22864379130814;90.0;60.836719619571625
2021-02-21 00:00:00;113.39548694640031;90.0;60.58114219214582
2021-02-21 01:00:00;123.25109855354218;90.0;58.345960150573546
2021-02-21 02:00:00;125.44491197855326;90.0;58.191045448988575
2021-02-21 03:00:00;134.40663036202497;90.0;57.60578832787553
2021-02-21 04:00:00;167.0112493540323;90.0;57.589314389312904
2021-02-21 05:00:00;249.0344935409556;90.0;57.765062250200515
2021-02-21 06:00:00;249.19228602946856;90.0;58.31439305764951
2021-02-21 07:00:00;247.5228638234541;90.0;58.83748854241196
2021-02-21 08:00:00;239.85469751406703;90.0;59.706859733447175
2021-02-21 09:00:00;234.60140451672282;90.0;60.09963227320486
2021-02-21 10:00:00;229.1315415888263;90.0;60.396730585228
2021-02-21 11:00:00;220.1637171175318;90.0;60.93216038930285
2021-02-21 12:00:00;218.4123324670142;90.0;60.64940452794241
2021-02-21 13:00:00;220.65831341338554;90.0;60.073230526371674
2021-02-21 14:00:00;222.3515199641869;90.0;59.72249495706609
2021-02-21 15:00:00;224.28893768144252;90.0;59.45762969966631
2021-02-21 16:00:00;233.6689811498066;90.0;58.59517627140025
2021-02-21 17:00:00;242.60990790199438;90.0;58.07737895363499
2021-02-21 18:00:00;249.89495405130782;90.0;57.90081601733209
2021-02-21 19:00:00;236.89746478259858;90.0;59.54357056391825
2021-02-21 20:00:00;229.28842786498737;90.0;60.20227725623994
2021-02-21 21:00:00;209.81745780153463;90.0;61.08919301585473
2021-02-21 22:00:00;181.44798054145443;90.0;60.89949096043546
2021-02-21 23:00:00;132.88699998147084;90.0;60.95395808900582
2021-02-22 00:00:00;125.32576148565975;90.0;60.7989656194585
2021-02-22 01:00:00;131.53282849718548;90.0;59.26196087612391
2021-02-22 02:00:00;136.5060413375007;90.0;58.426229442143665
2021-02-22 03:00:00;149.56479511964267;90.0;57.53129693571077
2021-02-22 04:00:00;179.77208295223292;90.0;57.79849852337213
2021-02-22 05:00:00;245.68403839674704;90.0;57.97274760494986
2021-02-22 06:00:00;248.91588714051198;90.0;58.18522993564699
2021-02-22 07:00:00;244.42501106456902;90.0;58.99264769261811
2021-02-22 08:00:00;247.63174635813408;90.0;58.87711836692421
2021-02-22 09:00:00;238.33176542799896;90.0;59.87476064021075
2021-02-22 10:00:00;233.24227002208727;90.0;60.202463537224446
2021-02-22 11:00:00;224.6055437886423;90.0;60.75616981983944
2021-02-22 12:00:00;222.5939697183416;90.0;60.548962784965454
2021-02-22 13:00:00;224.82875046648127;90.0;60.010236321707794
2021-02-22 14:00:00;226.7298385850385;90.0;59.66541453714734
2021-02-22 15:00:00;228.8219412862663;90.0;59.41055852706398
2021-02-22 16:00:00;237.77936190987595;90.0;58.61987581444737
2021-02-22 17:00:00;246.4021731163374;90.0;58.1380175007306
2021-02-22 18:00:00;252.64268138723534;90.0;58.04197032297179
2021-02-22 19:00:00;252.56332669603205;90.0;58.520813925796915
2021-02-22 20:00:00;247.97742844412323;90.0;59.222094118563575
2021-02-22 21:00:00;227.11356778589598;90.0;61.12271939576004
2021-02-22 22:00:00;194.4158697682439;90.0;60.9429436714089
2021-02-22 23:00:00;145.1693033115524;90.0;60.92739083823096
2021-02-23 00:00:00;106.24814611619321;90.0;60.52070562210963
2021-02-23 01:00:00;114.46447419383237;90.0;58.46330953649601
2021-02-23 02:00:00;116.17634138352028;90.0;58.30304738053587
2021-02-23 03:00:00;124.20814728676578;90.0;57.28830820654224
2021-02-23 04:00:00;153.3307446823832;90.0;57.52930766062235
2021-02-23 05:00:00;227.3311843126867;90.0;57.6398508017042
2021-02-23 06:00:00;227.21301338441168;90.0;58.240994960255364
2021-02-23 07:00:00;224.15087665899583;90.0;58.91755660933802
2021-02-23 08:00:00;218.95701961758738;90.0;59.57684715270949
2021-02-23 09:00:00;214.38125172746595;90.0;59.973213793077036
2021-02-23 10:00:00;209.21438900366343;90.0;60.30963340762099
2021-02-23 11:00:00;201.69504441744897;90.0;60.787196743709956
2021-02-23 12:00:00;200.3618373817252;90.0;60.502566400037665
2021-02-23 13:00:00;200.57550415149376;90.0;60.14239251013015
2021-02-23 14:00:00;201.3622853821095;90.0;59.830831959027364
2021-02-23 15:00:00;190.12594814418262;90.0;60.87428344350275
2021-02-23 16:00:00;201.8296125668434;90.0;59.17989406670097
2021-02-23 17:00:00;218.60201071314842;90.0;57.55437105210797
2021-02-23 18:00:00;223.68340337198336;90.0;57.67590448416013
2021-02-23 19:00:00;223.52200946644584;90.0;58.266904023705706
2021-02-23 20:00:00;219.93751594916452;90.0;58.98698836428281
2021-02-23 21:00:00;202.50982615374386;90.0;60.83658777993111
2021-02-23 22:00:00;174.1015500654797;90.0;60.853249963333724
2021-02-23 23:00:00;130.3653581910819;90.0;60.89834123692498
2021-02-24 00:00:00;100.23022371369645;90.0;60.47850296684567
2021-02-24 01:00:00;106.51310988785795;90.0;58.69959917319636
2021-02-24 02:00:00;107.97794019308317;90.0;58.46398155524997
2021-02-24 03:00:00;114.84840915793953;90.0;57.3007164281135
2021-02-24 04:00:00;142.74720483652126;90.0;57.45420385093843
2021-02-24 05:00:00;212.42037248877176;90.0;57.70491456241609
2021-02-24 06:00:00;212.7360722501353;90.0;58.23117598947897
2021-02-24 07:00:00;210.1289821587554;90.0;58.87414974869887
2021-02-24 08:00:00;205.188246874954;90.0;59.54352274207065
2021-02-24 09:00:00;201.0463684604673;90.0;59.92347787929867
2021-02-24 10:00:00;186.8612432556469;90.0;61.15706514133274
2021-02-24 11:00:00;181.2922963190705;90.0;61.22698356598215
2021-02-24 12:00:00;177.19199484032683;90.0;61.12118111405982
2021-02-24 13:00:00;173.6535054709424;90.0;60.986521072645246
2021-02-24 14:00:00;172.88771040507442;90.0;60.56667471518824
2021-02-24 15:00:00;179.0429030566419;90.0;59.45563071405604
2021-02-24 16:00:00;189.5610144195683;90.0;58.212415029910005
2021-02-24 17:00:00;201.3009067962288;90.0;57.982096307144275
2021-02-24 18:00:00;213.1752852715527;90.0;57.93483722561473
2021-02-24 19:00:00;223.14735347775004;90.0;57.78428222597029
2021-02-24 20:00:00;221.3451561183151;90.0;58.496688388038535
2021-02-24 21:00:00;202.72392422531613;90.0;60.6244350999832
2021-02-24 22:00:00;171.1108529067166;90.0;60.84771756917945
2021-02-24 23:00:00;128.76569924346302;90.0;60.85763458335299
2021-02-25 00:00:00;100.18478300301368;90.0;60.4014277144297
2021-02-25 01:00:00;110.79240859998816;90.0;57.81305510568825
2021-02-25 02:00:00;101.04057563271218;90.0;60.0670353376056
2021-02-25 03:00:00;110.44875025158701;90.0;57.8194112219619
2021-02-25 04:00:00;155.10424942806728;90.0;57.684616357713026
2021-02-25 05:00:00;217.81036048284096;90.0;57.82254036315561
2021-02-25 06:00:00;217.19683107863318;90.0;58.404158474165854
2021-02-25 07:00:00;213.07591004254286;90.0;59.136356126287694
2021-02-25 08:00:00;209.26356389773272;90.0;59.60389150359521
2021-02-25 09:00:00;204.9996546251086;90.0;59.97237520588044
2021-02-25 10:00:00;199.87899380126018;90.0;60.31898458861497
2021-02-25 11:00:00;192.646564262066;90.0;60.78967191673706
2021-02-25 12:00:00;190.8845582793921;90.0;60.54734917397326
2021-02-25 13:00:00;191.96590290650624;90.0;60.06996062829495
2021-02-25 14:00:00;193.15619454703491;90.0;59.724594683263945
2021-02-25 15:00:00;194.63197388966822;90.0;59.45546181792753
2021-02-25 16:00:00;202.3781670860622;90.0;58.61058251393774
2021-02-25 17:00:00;208.89902364590307;90.0;58.189253274694295
2021-02-25 18:00:00;213.19637363583146;90.0;58.1501623326763
2021-02-25 19:00:00;212.95029916520838;90.0;58.58409964040203
2021-02-25 20:00:00;209.05407371951048;90.0;59.23923747587105
2021-02-25 21:00:00;191.82912214220244;90.0;61.06335286568674
2021-02-25 22:00:00;166.27492320834696;90.0;60.82250266046651
2021-02-25 23:00:00;124.6794935870475;90.0;60.84232757629354
2021-02-26 00:00:00;97.90387659875866;90.0;60.4054140832842
2021-02-26 01:00:00;104.92828677848668;90.0;58.46052533640602
2021-02-26 02:00:00;106.32522117259883;90.0;58.30501266011032
2021-02-26 03:00:00;113.82496461171519;90.0;57.049400281021065
2021-02-26 04:00:00;139.3277445330615;90.0;57.48207008980279
2021-02-26 05:00:00;203.57495811656662;90.0;57.64282651931126
2021-02-26 06:00:00;202.96475856484122;90.0;58.27686418603383
2021-02-26 07:00:00;198.45014322731998;90.0;59.10874763587964
2021-02-26 08:00:00;195.73769572280617;90.0;59.48224836712126
2021-02-26 09:00:00;191.99893769832818;90.0;59.84901992452831
2021-02-26 10:00:00;178.42914816042733;90.0;61.19739112932683
2021-02-26 11:00:00;172.76809858007607;90.0;61.18619571926985
2021-02-26 12:00:00;169.08118645214415;90.0;61.05438117426297
2021-02-26 13:00:00;166.86953388110788;90.0;60.78598989690124
2021-02-26 14:00:00;166.43900572412093;90.0;60.37745681755865
2021-02-26 15:00:00;172.65460982106404;90.0;59.277317902179504
2021-02-26 16:00:00;181.88773352565988;90.0;58.18624964323584
2021-02-26 17:00:00;192.01196483558581;90.0;57.514253747933424
2021-02-26 18:00:00;202.92760017901358;90.0;57.74409686998962
2021-02-26 19:00:00;212.49462770975853;90.0;57.989449207130974
2021-02-26 20:00:00;214.46757399915032;90.0;58.255463296782864
2021-02-26 21:00:00;196.80422460613144;90.0;60.42050170567313
2021-02-26 22:00:00;165.53501298522602;90.0;60.799930601923734
2021-02-26 23:00:00;124.93910353540639;90.0;60.80199903905731
2021-02-27 00:00:00;91.41384628207486;90.0;60.307104790302446
2021-02-27 01:00:00;96.31541401715089;90.0;58.714560565941895
2021-02-27 02:00:00;98.01075294747021;90.0;58.353839789893925
2021-02-27 03:00:00;104.14441649378657;90.0;57.21162807795531
2021-02-27 04:00:00;126.4888501021007;90.0;57.49302479540535
2021-02-27 05:00:00;185.25695839477956;90.0;57.59791578781795
2021-02-27 06:00:00;185.06538867455617;90.0;58.18736901703869
2021-02-27 07:00:00;182.32359805791222;90.0;58.871828848778875
2021-02-27 08:00:00;178.669336143523;90.0;59.43903571824336
2021-02-27 09:00:00;170.46985188922963;90.0;60.3692077994225
2021-02-27 10:00:00;165.05946397995478;90.0;60.69532653872744
2021-02-27 11:00:00;160.59248461342406;90.0;60.816991778145564
2021-02-27 12:00:00;160.30095662822504;90.0;60.37482261861504
2021-02-27 13:00:00;153.7848711103397;90.0;60.87127878923155
2021-02-27 14:00:00;143.95465666011188;90.0;60.94017105791107
2021-02-27 15:00:00;142.28359894345218;90.0;60.63362918585199
2021-02-27 16:00:00;167.9857084568281;90.0;57.54389712059367
2021-02-27 17:00:00;175.8496224042898;90.0;57.84686046150324
2021-02-27 18:00:00;184.2088552725993;90.0;57.676769948884385
2021-02-27 19:00:00;191.06880778746049;90.0;57.774145817550334
2021-02-27 20:00:00;190.5967727782555;90.0;58.340355666138976
2021-02-27 21:00:00;174.73272881070562;90.0;60.4696541450769
2021-02-27 22:00:00;149.07860436856419;90.0;60.71587755639746
2021-02-27 23:00:00;112.90293937018248;90.0;60.6623376391957
2021-02-28 00:00:00;68.0531355178706;90.0;60.01035189139537
2021-02-28 01:00:00;74.66312707729148;90.0;57.52383132272536
2021-02-28 02:00:00;68.86777122880571;90.0;59.44376331474541
2021-02-28 03:00:00;75.3748523614681;90.0;57.18399573226918
2021-02-28 04:00:00;102.52861533171907;90.0;57.13168374786977
2021-02-28 05:00:00;147.0533006328725;90.0;57.51928587747085
2021-02-28 06:00:00;151.60648380660527;90.0;57.41350128034526
2021-02-28 07:00:00;146.90315068853752;90.0;58.66310465892826
2021-02-28 08:00:00;141.39030372828748;90.0;59.6181083475372
2021-02-28 09:00:00;133.1986188183144;90.0;60.68581748968347
2021-02-28 10:00:00;135.8428760406628;90.0;59.79089092834175
2021-02-28 11:00:00;126.98231466836697;90.0;60.94680598541498
2021-02-28 12:00:00;123.88127072161419;90.0;60.8629479765774
2021-02-28 13:00:00;119.6982286478722;90.0;60.671649655834926
2021-02-28 14:00:00;114.59944736813398;90.0;60.589155455613536
2021-02-28 15:00:00;115.22127018184717;90.0;59.96502337781686
2021-02-28 16:00:00;116.54028809043479;90.0;59.40731161449918
2021-02-28 17:00:00;120.96807159841605;90.0;58.486699495064784
2021-02-28 18:00:00;131.02067232210396;90.0;57.57170984282794
2021-02-28 19:00:00;142.50086121300157;90.0;57.35155008326814
2021-02-28 20:00:00;148.10325303028267;90.0;57.70584296834187
2021-02-28 21:00:00;145.12600571594257;90.0;58.613057872223635
2021-02-28 22:00:00;121.01291896829586;90.0;60.70741409896732
2021-02-28 23:00:00;88.01637396428923;90.0;60.2684373469844
2021-03-01 00:00:00;76.31689426650695;90.0;60.29793834910606
2021-03-01 01:00:00;82.63647028402498;90.0;58.05969003538928
2021-03-01 02:00:00;77.64229780783029;90.0;59.47866505256229
2021-03-01 03:00:00;84.36061018000385;90.0;57.4207685324501
2021-03-01 04:00:00;112.73812436378353;90.0;57.30202976921811
2021-03-01 05:00:00;162.5481172464186;90.0;57.57136642960177
2021-03-01 06:00:00;167.79747778318696;90.0;57.443378447558985
2021-03-01 07:00:00;162.19090764771533;90.0;58.759729783029286
2021-03-01 08:00:00;157.19349647686477;90.0;59.56552629363563
2021-03-01 09:00:00;147.14711906671468;90.0;60.809843715528245
2021-03-01 10:00:00;142.03332081400495;90.0;61.026511667427144
2021-03-01 11:00:00;137.60177327152982;90.0;60.99386858881127
2021-03-01 12:00:00;135.66721409894774;90.0;60.70732694824534
2021-03-01 13:00:00;132.01448115871295;90.0;60.76714061866676
2021-03-01 14:00:00;123.33750195490855;90.0;60.83418882305784
2021-03-01 15:00:00;121.26799964454749;90.0;60.616521325653366
2021-03-01 16:00:00;143.82463909528448;90.0;57.412580435797906
2021-03-01 17:00:00;150.92903624006155;90.0;57.69804566556684
2021-03-01 18:00:00;140.5381421325079;90.0;59.673943550825356
2021-03-01 19:00:00;161.51220408211492;90.0;57.45563534557709
2021-03-01 20:00:00;160.64047991748745;90.0;58.15700757522745
2021-03-01 21:00:00;147.77541951078672;90.0;60.23803326917448
2021-03-01 22:00:00;135.5714381908002;90.0;60.88987912552784
2021-03-01 23:00:00;95.49391906918702;90.0;60.34674307145622
2021-03-02 00:00:00;78.71649853648746;90.0;60.114194730366194
2021-03-02 01:00:00;85.30877431528435;90.0;57.927578284596734
2021-03-02 02:00:00;81.11951349442711;90.0;59.16788318695825
2021-03-02 03:00:00;88.09856390095763;90.0;57.23488970371784
2021-03-02 04:00:00;115.61079957698747;90.0;57.14496158652122
2021-03-02 05:00:00;166.86314864550516;90.0;57.56471272991212
2021-03-02 06:00:00;219.28226274441187;90.0;57.737575508588236
2021-03-02 07:00:00;190.65717690296793;90.0;61.09153609871197
2021-03-02 08:00:00;177.1237673511556;90.0;61.03526147523388
2021-03-02 09:00:00;164.58849264633227;90.0;61.08895830105939
2021-03-02 10:00:00;154.7749026036481;90.0;61.01476812258693
2021-03-02 11:00:00;145.68853267601943;90.0;60.93611394835182
2021-03-02 12:00:00;139.13218457984755;90.0;60.664041330947896
2021-03-02 13:00:00;135.18088812509427;90.0;60.77605661282797
2021-03-02 14:00:00;136.08836404900438;90.0;60.125260686149375
2021-03-02 15:00:00;140.9076513974929;90.0;59.087531574055845
2021-03-02 16:00:00;147.8476844139838;90.0;58.093559633158236
2021-03-02 17:00:00;155.353512621602;90.0;57.39434680603517
2021-03-02 18:00:00;163.44212159308546;90.0;57.684641324261065
2021-03-02 19:00:00;170.5303536784664;90.0;57.63740850673349
2021-03-02 20:00:00;171.51133776925008;90.0;58.05494615634012
2021-03-02 21:00:00;158.2452119108791;90.0;60.129230992635314
2021-03-02 22:00:00;133.5763704167328;90.0;60.840646520113694
2021-03-02 23:00:00;101.28596245155029;90.0;60.557723613561336
2021-03-03 00:00:00;94.13525785977072;90.0;60.52222048999283
2021-03-03 01:00:00;104.65217480571282;90.0;57.76468698967108
2021-03-03 02:00:00;94.61075168266179;90.0;60.186396675083074
2021-03-03 03:00:00;104.37348500179677;90.0;57.68711203072962
2021-03-03 04:00:00;146.5868349259892;90.0;57.63886007051161
2021-03-03 05:00:00;212.02288077517744;90.0;57.707623382546785
2021-03-03 06:00:00;220.4146138112933;90.0;57.78272639708911
2021-03-03 07:00:00;212.9473985186102;90.0;59.0494879793909
2021-03-03 08:00:00;198.05461554149204;90.0;60.66775607402445
2021-03-03 09:00:00;188.25231349139304;90.0;60.997571449149916
2021-03-03 10:00:00;180.2981763084075;90.0;61.062187267848515
2021-03-03 11:00:00;174.66384238083052;90.0;61.01776134442872
2021-03-03 12:00:00;171.06141437048547;90.0;60.923481946071604
2021-03-03 13:00:00;166.7709725973698;90.0;60.94449909865921
2021-03-03 14:00:00;167.03101592929613;90.0;60.40544090813734
2021-03-03 15:00:00;172.94397568521956;90.0;59.337295119562896
2021-03-03 16:00:00;182.461359736803;90.0;58.19733244231395
2021-03-03 17:00:00;193.7490200186451;90.0;57.87605210527255
2021-03-03 18:00:00;200.79049606423916;90.0;57.69304956522444
2021-03-03 19:00:00;200.93953841836293;90.0;58.22811312456827
2021-03-03 20:00:00;197.3640505481937;90.0;58.979100842651405
2021-03-03 21:00:00;181.41886860602796;90.0;60.84309435298894
2021-03-03 22:00:00;157.20349310322882;90.0;60.940014146571116
2021-03-03 23:00:00;118.03200453895907;90.0;60.803634769869404
2021-03-04 00:00:00;93.85473709458226;90.0;60.2691433572935
2021-03-04 01:00:00;100.67953733288785;90.0;58.32795072705824
2021-03-04 02:00:00;102.4814303436536;90.0;58.10609792676814
2021-03-04 03:00:00;109.43652348104291;90.0;57.06574339927005
2021-03-04 04:00:00;133.34127422873942;90.0;57.48618670314846
2021-03-04 05:00:00;195.2296200714427;90.0;57.62022705370606
2021-03-04 06:00:00;194.7853577609957;90.0;58.23878015663428
2021-03-04 07:00:00;190.32602971626036;90.0;59.089235872318454
2021-03-04 08:00:00;194.53507372915126;90.0;58.71424929613465
2021-03-04 09:00:00;184.13829963008013;90.0;60.06509162018824
2021-03-04 10:00:00;172.12746852512194;90.0;61.21659069845407
2021-03-04 11:00:00;166.77806002748133;90.0;60.96864354071374
2021-03-04 12:00:00;163.77227251716135;90.0;60.82289748002523
2021-03-04 13:00:00;162.39754570330354;90.0;60.51764488764621
2021-03-04 14:00:00;162.19220064470778;90.0;60.154213813354204
2021-03-04 15:00:00;167.76945854800246;90.0;59.17250438624109
2021-03-04 16:00:00;176.80857258731044;90.0;58.09910784363416
2021-03-04 17:00:00;185.07185423020985;90.0;57.51788101178312
2021-03-04 18:00:00;194.23254033299523;90.0;57.83063849219076
2021-03-04 19:00:00;202.6258153071422;90.0;57.609839571859766
2021-03-04 20:00:00;204.12017065643033;90.0;58.0355126586835
2021-03-04 21:00:00;187.58007236967478;90.0;60.23831719489954
2021-03-04 22:00:00;158.69613269616815;90.0;60.973700716262385
2021-03-04 23:00:00;119.85778714960936;90.0;60.79103963216721
2021-03-05 00:00:00;101.0886163482593;90.0;60.467230745057975
2021-03-05 01:00:00;115.2032853445947;90.0;57.22948803738586
2021-03-05 02:00:00;116.91057163858612;90.0;57.49057650795538
2021-03-05 03:00:00;125.3222710523451;90.0;57.351327948543315
2021-03-05 04:00:00;152.77863826575822;90.0;57.606915593859526
2021-03-05 05:00:00;223.0554088251316;90.0;57.691710223880136
2021-03-05 06:00:00;222.4039884711989;90.0;58.32345283572022
2021-03-05 07:00:00;217.5370193328525;90.0;59.14886347913313
2021-03-05 08:00:00;214.2978665256177;90.0;59.55262670205997
2021-03-05 09:00:00;209.99531497750445;90.0;59.935364916176354
2021-03-05 10:00:00;204.83104126774182;90.0;60.289958162370795
2021-03-05 11:00:00;188.5197758793565;90.0;61.011536228402974
2021-03-05 12:00:00;183.4671330571047;90.0;61.06471406380905
2021-03-05 13:00:00;196.30622953601824;90.0;59.14624543329063
2021-03-05 14:00:00;197.27328691681734;90.0;59.11606680677937
2021-03-05 15:00:00;198.80121032742545;90.0;59.037575911501335
2021-03-05 16:00:00;207.62187957384336;90.0;58.23100214696723
2021-03-05 17:00:00;214.97668705379556;90.0;57.869017352864034
2021-03-05 18:00:00;220.2179930211884;90.0;57.85983637555819
2021-03-05 19:00:00;220.65028457184778;90.0;58.329548495697225
2021-03-05 20:00:00;217.68263279755402;90.0;58.971430984285405
2021-03-05 21:00:00;199.1849819211656;90.0;60.9512002703716
2021-03-05 22:00:00;170.57012807392684;90.0;60.81971284499758
2021-03-05 23:00:00;127.70475448858674;90.0;60.77564839540537
2021-03-06 00:00:00;110.07772356423817;90.0;60.467498207305596
2021-03-06 01:00:00;118.78501668617218;90.0;58.40386160527714
2021-03-06 02:00:00;120.31380137390673;90.0;58.31906490461216
2021-03-06 03:00:00;128.68845750833208;90.0;57.227694812663515
2021-03-06 04:00:00;160.124661693418;90.0;57.496693725242096
2021-03-06 05:00:00;239.74880990341288;90.0;57.73133779859802
2021-03-06 06:00:00;240.03883393614223;90.0;58.27408774830292
2021-03-06 07:00:00;238.77123584183312;90.0;58.774586607039566
2021-03-06 08:00:00;231.09111354913222;90.0;59.684210721295585
2021-03-06 09:00:00;225.94902195403904;90.0;60.0852110098333
2021-03-06 10:00:00;220.74335194322117;90.0;60.37443895810219
2021-03-06 11:00:00;212.62788484499393;90.0;60.859776588420175
2021-03-06 12:00:00;210.88925540172596;90.0;60.59635140658543
2021-03-06 13:00:00;212.47690002761013;90.0;60.08572493807225
2021-03-06 14:00:00;213.5864502727405;90.0;59.77515277799557
2021-03-06 15:00:00;215.61055953812257;90.0;59.47150156763507
2021-03-06 16:00:00;224.61054538420638;90.0;58.600139998398674
2021-03-06 17:00:00;232.1638582723363;90.0;58.17029401368205
2021-03-06 18:00:00;238.00499696079245;90.0;58.05860792210842
2021-03-06 19:00:00;237.9220506339083;90.0;58.523779490310176
2021-03-06 20:00:00;233.8604515360638;90.0;59.191562257885835
2021-03-06 21:00:00;214.5813056127939;90.0;61.054498134185394
2021-03-06 22:00:00;183.98397981206384;90.0;60.881966491659284
2021-03-06 23:00:00;137.60664780101072;90.0;60.86093246608607
2021-03-07 00:00:00;94.0213563543862;90.0;60.370474053373584
2021-03-07 01:00:00;100.87665276846532;90.0;58.398852296998825
2021-03-07 02:00:00;101.91242133823356;90.0;58.312231670823564
2021-03-07 03:00:00;109.13566675166679;90.0;57.03424047390632
2021-03-07 04:00:00;135.82789170855202;90.0;57.374166205289725
2021-03-07 05:00:00;202.40775020629658;90.0;57.67519241982848
2021-03-07 06:00:00;202.6796635514643;90.0;58.20598798768884
2021-03-07 07:00:00;200.81102554540524;90.0;58.783844896524954
2021-03-07 08:00:00;195.4951249400414;90.0;59.53711547839373
2021-03-07 09:00:00;191.78600211065196;90.0;59.883931227083224
2021-03-07 10:00:00;178.33729976773682;90.0;61.20895283618347
2021-03-07 11:00:00;174.22626819342304;90.0;61.11424841690706
2021-03-07 12:00:00;172.24213330487888;90.0;60.80153919566817
2021-03-07 13:00:00;168.01964156409213;90.0;60.84903934580092
2021-03-07 14:00:00;156.51916957192648;90.0;61.03846292912323
2021-03-07 15:00:00;174.86541193078529;90.0;58.184798270523515
2021-03-07 16:00:00;183.76993078860465;90.0;57.48884737381911
2021-03-07 17:00:00;192.71591592323543;90.0;57.82700680483049
2021-03-07 18:00:00;201.92046969972023;90.0;57.916269066984
2021-03-07 19:00:00;210.1131275260496;90.0;57.64235100355904
2021-03-07 20:00:00;210.02727253529017;90.0;58.2270166056133
2021-03-07 21:00:00;192.6246949379454;90.0;60.40859470655056
2021-03-07 22:00:00;163.17214518438306;90.0;60.73272198252039
2021-03-07 23:00:00;123.33616573372912;90.0;60.76733891611411
2021-03-08 00:00:00;85.32071006297853;90.0;60.25011691187473
2021-03-08 01:00:00;93.83336944580527;90.0;57.75678875246376
2021-03-08 02:00:00;84.73669071361854;90.0;60.151716766218215
2021-03-08 03:00:00;93.5874721245648;90.0;57.59513772720146
2021-03-08 04:00:00;130.81634783315766;90.0;57.48749396641762
2021-03-08 05:00:00;188.88337588213832;90.0;57.65289421697861
2021-03-08 06:00:00;195.72180968402873;90.0;57.55996354617042
2021-03-08 07:00:00;188.72928021770048;90.0;58.92084575397001
2021-03-08 08:00:00;181.73638041347476;90.0;59.84320679198987
2021-03-08 09:00:00;168.5538992361;90.0;61.117049990840314
2021-03-08 10:00:00;162.14937215687283;90.0;60.812806699807595
2021-03-08 11:00:00;157.09010466799194;90.0;60.881218638892676
2021-03-08 12:00:00;154.4724352128303;90.0;60.71901877288457
2021-03-08 13:00:00;152.9984142454329;90.0;60.4538227751608
2021-03-08 14:00:00;141.5526489797249;90.0;60.89468912287623
2021-03-08 15:00:00;140.23051355268552;90.0;60.54998967061124
2021-03-08 16:00:00;140.0750276219952;90.0;60.13561992914168
2021-03-08 17:00:00;173.57713497532035;90.0;57.51902840537258
2021-03-08 18:00:00;181.78392282116198;90.0;57.840409303863055
2021-03-08 19:00:00;189.25374140822032;90.0;57.573503044101415
2021-03-08 20:00:00;190.21722505805997;90.0;58.04695731662605
2021-03-08 21:00:00;175.4220521074734;90.0;60.157810933287635
2021-03-08 22:00:00;149.4569859554668;90.0;61.05285666748631
2021-03-08 23:00:00;112.67383386133034;90.0;60.755560558705895
2021-03-09 00:00:00;91.65926409170746;90.0;60.30209911439101
2021-03-09 01:00:00;96.14105436741804;90.0;58.80460041613509
2021-03-09 02:00:00;96.63348609885294;90.0;58.66919495925259
2021-03-09 03:00:00;103.0278424045205;90.0;57.35006135674314
2021-03-09 04:00:00;127.29751736689707;90.0;57.42603442271093
2021-03-09 05:00:00;186.62045219629806;90.0;57.59124183231586
2021-03-09 06:00:00;186.30956627828328;90.0;58.19784264114412
2021-03-09 07:00:00;182.44504481286955;90.0;59.00676393095529
2021-03-09 08:00:00;185.69230600957994;90.0;58.73830938727531
2021-03-09 09:00:00;171.77050099603952;90.0;60.542000392756165
2021-03-09 10:00:00;166.65101796619737;90.0;60.7767870951011
2021-03-09 11:00:00;161.3191243230965;90.0;60.979179576294314
2021-03-09 12:00:00;159.1162242966804;90.0;60.7336270751685
2021-03-09 13:00:00;156.05971486894651;90.0;60.671630089481425
2021-03-09 14:00:00;156.87105198879811;90.0;60.121545356376714
2021-03-09 15:00:00;141.86538246553295;90.0;60.96591092823934
2021-03-09 16:00:00;168.94099320154848;90.0;57.583254764245
2021-03-09 17:00:00;177.23214521651715;90.0;57.83528619116112
2021-03-09 18:00:00;185.02501380811375;90.0;57.51210243445979
2021-03-09 19:00:00;191.23424041852655;90.0;57.63880265282614
2021-03-09 20:00:00;191.0295950378162;90.0;58.22306916858872
2021-03-09 21:00:00;175.8646101615878;90.0;60.309208812279735
2021-03-09 22:00:00;150.4540575853649;90.0;60.85685396424998
2021-03-09 23:00:00;113.77818669945545;90.0;60.70668710389782
2021-03-10 00:00:00;75.43849354052287;90.0;60.0361596925398
2021-03-10 01:00:00;83.06226742988852;90.0;57.52362857480529
2021-03-10 02:00:00;77.31088060459531;90.0;59.32711988173861
2021-03-10 03:00:00;84.79205189819484;90.0;57.11833800295642
2021-03-10 04:00:00;113.83512495572843;90.0;57.252404667983114
2021-03-10 05:00:00;163.87377768120245;90.0;57.575576119262394
2021-03-10 06:00:00;168.22642138215932;90.0;57.567005532241296
2021-03-10 07:00:00;162.90895020886546;90.0;58.801932247430386
2021-03-10 08:00:00;157.8315111185502;90.0;59.602537719331565
2021-03-10 09:00:00;148.8032091977728;90.0;60.69134517453455
2021-03-10 10:00:00;151.51609063044475;90.0;59.858453591868454
2021-03-10 11:00:00;142.16694674744573;90.0;60.95014059419054
2021-03-10 12:00:00;138.5481157849919;90.0;60.922015791808974
2021-03-10 13:00:00;133.13459628443792;90.0;60.62895841380282
2021-03-10 14:00:00;125.43699131375668;90.0;60.65191040946803
2021-03-10 15:00:00;124.37591031412451;90.0;60.323058931127946
2021-03-10 16:00:00;124.56769624871006;90.0;59.885043286881455
2021-03-10 17:00:00;128.5411680409441;90.0;58.96323646682083
2021-03-10 18:00:00;158.78486507026346;90.0;57.63633920557049
2021-03-10 19:00:00;164.40423237489807;90.0;57.548085608481756
2021-03-10 20:00:00;164.18836435434324;90.0;58.13561084270145
2021-03-10 21:00:00;152.96995329067698;90.0;59.96992978190963
2021-03-10 22:00:00;129.38930305760957;90.0;60.75680594584384
2021-03-10 23:00:00;98.40312335474607;90.0;60.488409997444364
2021-03-11 00:00:00;65.63199501934102;90.0;59.80761932261356
2021-03-11 01:00:00;71.67109180286725;90.0;57.45595997788661
2021-03-11 02:00:00;67.04120453897742;90.0;59.09089966891719
2021-03-11 03:00:00;73.22983691082428;90.0;56.965703432682176
2021-03-11 04:00:00;97.72287419336071;90.0;57.14043020742997
2021-03-11 05:00:00;140.20383146775285;90.0;57.49207593925519
2021-03-11 06:00:00;144.43637790316453;90.0;57.399648997283066
2021-03-11 07:00:00;139.16535411131667;90.0;58.75931494066401
2021-03-11 08:00:00;134.48091948265983;90.0;59.58400746425616
2021-03-11 09:00:00;136.87670539436434;90.0;59.06161650625336
2021-03-11 10:00:00;128.42283145662756;90.0;60.384717971481905
2021-03-11 11:00:00;120.83670809862936;90.0;60.53043226445902
2021-03-11 12:00:00;118.14692035427011;90.0;60.50962389163254
2021-03-11 13:00:00;111.21482427408328;90.0;60.53548696419858
2021-03-11 14:00:00;112.32543235924254;90.0;59.82445859788595
2021-03-11 15:00:00;102.74539563724369;90.0;60.565602272999
2021-03-11 16:00:00;113.87431811503697;90.0;57.89374355361167
2021-03-11 17:00:00;115.96210002638965;90.0;57.852201204939604
2021-03-11 18:00:00;124.27708594146924;90.0;57.50726503147695
2021-03-11 19:00:00;135.30747038643446;90.0;57.288116247686844
2021-03-11 20:00:00;142.2077702035427;90.0;57.599904653445094
2021-03-11 21:00:00;141.8100359150416;90.0;58.16549050659887
2021-03-11 22:00:00;109.098120207391;90.0;60.59051886150428
2021-03-11 23:00:00;83.348301726447;90.0;60.20996371695463
2021-03-12 00:00:00;66.89756815031501;90.0;59.79029839530136
2021-03-12 01:00:00;74.45368549736624;90.0;57.06260427986564
2021-03-12 02:00:00;70.71316002901048;90.0;58.556366659949276
2021-03-12 03:00:00;77.04415925622196;90.0;56.68139827551454
2021-03-12 04:00:00;100.81935757795847;90.0;57.051064106784
2021-03-12 05:00:00;144.96659538864026;90.0;57.4950716529068
2021-03-12 06:00:00;148.5653099859924;90.0;57.5211921817567
2021-03-12 07:00:00;143.53866750572763;90.0;58.78858414044976
2021-03-12 08:00:00;139.35397520600105;90.0;59.51669174575039
2021-03-12 09:00:00;141.2101846527976;90.0;59.11712825418266
2021-03-12 10:00:00;132.9661048672195;90.0;60.3584183210578
2021-03-12 11:00:00;125.56151338357131;90.0;60.573409563563416
2021-03-12 12:00:00;122.69380757036365;90.0;60.56364397305259
2021-03-12 13:00:00;118.61403357919225;90.0;60.7654052133326
2021-03-12 14:00:00;113.47323768729386;90.0;60.439307914341384
2021-03-12 15:00:00;113.17894971955641;90.0;60.01934317747083
2021-03-12 16:00:00;113.01826979593403;90.0;59.701463875187756
2021-03-12 17:00:00;114.23691521617317;90.0;59.23119169165062
2021-03-12 18:00:00;140.58569606602765;90.0;57.329549796112076
2021-03-12 19:00:00;145.1451145890793;90.0;57.48101654202134
2021-03-12 20:00:00;144.78119499559614;90.0;58.08766934434658
2021-03-12 21:00:00;133.1320815873192;90.0;60.17230052120931
2021-03-12 22:00:00;113.79665259711152;90.0;60.61121848150793
2021-03-12 23:00:00;86.11029335181766;90.0;60.31295604399264
2021-03-13 00:00:00;67.70297572266614;90.0;59.97119642031822
2021-03-13 01:00:00;73.60505462328082;90.0;57.680566353860684
2021-03-13 02:00:00;68.98784067165671;90.0;59.212445066142834
2021-03-13 03:00:00;75.82488307897306;90.0;56.93656126891199
2021-03-13 04:00:00;99.92770861620417;90.0;57.04667302576922
2021-03-13 05:00:00;143.4771924617609;90.0;57.4934046802706
2021-03-13 06:00:00;145.87311638764436;90.0;57.68680618625842
2021-03-13 07:00:00;162.41800272886033;90.0;57.74659831404483
2021-03-13 08:00:00;148.8451524708116;90.0;60.052899761415006
2021-03-13 09:00:00;138.48558333391333;90.0;60.60548328969787
2021-03-13 10:00:00;131.45133516985507;90.0;60.64552662600738
2021-03-13 11:00:00;124.2747327109317;90.0;60.60505406838354
2021-03-13 12:00:00;120.20307355280373;90.0;60.78883555031359
2021-03-13 13:00:00;117.21650270293182;90.0;60.74173450298741
2021-03-13 14:00:00;111.67568357329506;90.0;60.477799678256815
2021-03-13 15:00:00;111.015263480986;90.0;60.10844285108203
2021-03-13 16:00:00;110.97599799266088;90.0;59.73467694969747
2021-03-13 17:00:00;115.13239853316823;90.0;58.70905474066069
2021-03-13 18:00:00;125.8121676294474;90.0;57.52716161276453
2021-03-13 19:00:00;138.7361352642301;90.0;57.481442687100525
2021-03-13 20:00:00;146.3423943413097;90.0;57.64438704087598
2021-03-13 21:00:00;131.0059568987338;90.0;60.43601152513321
2021-03-13 22:00:00;112.56609095687297;90.0;60.63693605657875
2021-03-13 23:00:00;85.70468682412168;90.0;60.27547416200508
2021-03-14 00:00:00;81.43140801122357;90.0;60.14066540765168
2021-03-14 01:00:00;88.84413677998337;90.0;57.82342108838628
2021-03-14 02:00:00;82.86159384535127;90.0;59.51480206278586
2021-03-14 03:00:00;90.26676912542614;90.0;57.421958528352604
2021-03-14 04:00:00;121.65132304297752;90.0;57.320081738672684
2021-03-14 05:00:00;175.60899583724762;90.0;57.60594795648524
2021-03-14 06:00:00;180.2712129360201;90.0;57.60186655520414
2021-03-14 07:00:00;174.34137968141286;90.0;58.8683381322989
2021-03-14 08:00:00;169.30652552509034;90.0;59.61467636759647
2021-03-14 09:00:00;157.43521510054123;90.0;60.99706418688908
2021-03-14 10:00:00;152.4856448799222;90.0;61.10746833408183
2021-03-14 11:00:00;147.74803365119175;90.0;61.068103930763755
2021-03-14 12:00:00;145.57283840980566;90.0;60.794163230020104
2021-03-14 13:00:00;144.0823521444796;90.0;60.50462690573727
2021-03-14 14:00:00;144.27777340278786;90.0;60.060360443907996
2021-03-14 15:00:00;130.87424412454564;90.0;60.94926756322394
2021-03-14 16:00:00;130.58946250871526;90.0;60.41877557415131
2021-03-14 17:00:00;162.94488712202343;90.0;57.51584667545927
2021-03-14 18:00:00;170.60974324419064;90.0;57.820735941409055
2021-03-14 19:00:00;177.12439313772458;90.0;57.498721399105705
2021-03-14 20:00:00;177.34086811461412;90.0;58.06510314545892
2021-03-14 21:00:00;167.09769835181578;90.0;59.71031836730822
2021-03-14 22:00:00;139.99395325763567;90.0;60.82342173044253
2021-03-14 23:00:00;105.62172954559331;90.0;60.63210347052302
2021-03-15 00:00:00;84.04361766456127;90.0;60.30722976733722
2021-03-15 01:00:00;93.2053181988676;90.0;57.61428845435904
2021-03-15 02:00:00;84.45118390317003;90.0;59.98869728556497
2021-03-15 03:00:00;103.07750957111267;90.0;57.22302306026995
2021-03-15 04:00:00;129.89372260324132;90.0;57.31208726975922
2021-03-15 05:00:00;187.6007003770147;90.0;57.63075594863642
2021-03-15 06:00:00;194.52534007178113;90.0;57.531199698325224
2021-03-15 07:00:00;186.64662610507884;90.0;59.00493634031261
2021-03-15 08:00:00;180.01916822828287;90.0;59.8642341262576
2021-03-15 09:00:00;168.11793329090327;90.0;60.99568004276284
2021-03-15 10:00:00;162.06514889457597;90.0;61.00958013905881
2021-03-15 11:00:00;156.69157753555515;90.0;60.93815922234518
2021-03-15 12:00:00;153.6612770212567;90.0;60.81448636285893
2021-03-15 13:00:00;151.27365954491873;90.0;60.64372105929493
2021-03-15 14:00:00;151.5293989477692;90.0;60.16549859781617
2021-03-15 15:00:00;156.28770099175827;90.0;59.22509320621401
2021-03-15 16:00:00;164.32354053352486;90.0;58.170348607452695
2021-03-15 17:00:00;172.29499739666818;90.0;57.5156414166035
2021-03-15 18:00:00;180.55198463795446;90.0;57.8282383071284
2021-03-15 19:00:00;187.3728196990614;90.0;57.52338229047325
2021-03-15 20:00:00;187.7487784074458;90.0;58.07617339250777
2021-03-15 21:00:00;173.35577552566735;90.0;60.14830317753473
2021-03-15 22:00:00;146.73680262481557;90.0;60.89446161393215
2021-03-15 23:00:00;111.11154625120588;90.0;60.68109819584089
2021-03-16 00:00:00;79.64333422137736;90.0;60.186232973218694
2021-03-16 01:00:00;88.1895791536458;90.0;57.53630745786154
2021-03-16 02:00:00;91.12416608062686;90.0;57.21064599738628
2021-03-16 03:00:00;96.86442518592341;90.0;57.20305329446637
2021-03-16 04:00:00;118.11361519379139;90.0;57.42351796971661
2021-03-16 05:00:00;171.89307451489793;90.0;57.57822564822567
2021-03-16 06:00:00;171.45281020247;90.0;58.191130879788716
2021-03-16 07:00:00;167.21565535609378;90.0;59.068963320087505
2021-03-16 08:00:00;170.5063725777041;90.0;58.72353585237289
2021-03-16 09:00:00;158.56824600163264;90.0;60.40259188334795
2021-03-16 10:00:00;153.1502421160916;90.0;60.75115565646405
2021-03-16 11:00:00;152.42908160796918;90.0;60.37526420328925
2021-03-16 12:00:00;148.31262502045843;90.0;60.571897028119054
2021-03-16 13:00:00;142.7094713831304;90.0;60.92632043155868
2021-03-16 14:00:00;136.36477107133126;90.0;60.641026011435144
2021-03-16 15:00:00;136.19571819439017;90.0;60.19435585408314
2021-03-16 16:00:00;136.94240970219258;90.0;59.74285128311175
2021-03-16 17:00:00;138.48504055922302;90.0;59.31146411749643
2021-03-16 18:00:00;170.08224174065765;90.0;57.45765441961106
2021-03-16 19:00:00;175.57561654537906;90.0;57.61094940419417
2021-03-16 20:00:00;175.302956204011;90.0;58.197746724548836
2021-03-16 21:00:00;162.299426321531;90.0;60.156990228119525
2021-03-16 22:00:00;137.84021031733027;90.0;60.816982340389416
2021-03-16 23:00:00;104.63121494310342;90.0;60.584584495666604
2021-03-17 00:00:00;75.79902489633874;90.0;60.03361680222213
2021-03-17 01:00:00;83.01971752054403;90.0;57.631942971002275
2021-03-17 02:00:00;76.8736417370883;90.0;59.49951075259679
2021-03-17 03:00:00;84.32588855938425;90.0;57.23187087993017
2021-03-17 04:00:00;113.95936545158456;90.0;57.2419766658773
2021-03-17 05:00:00;163.9690152130922;90.0;57.57644906286629
2021-03-17 06:00:00;168.58082947896588;90.0;57.53515687675076
2021-03-17 07:00:00;162.51030726762193;90.0;58.87705130172827
2021-03-17 08:00:00;158.4143779280882;90.0;59.52542780348949
2021-03-17 09:00:00;148.14581232673137;90.0;60.804654450067346
2021-03-17 10:00:00;142.89369294685758;90.0;61.03940868549455
2021-03-17 11:00:00;138.6353836690788;90.0;60.97689046848683
2021-03-17 12:00:00;138.69029258144093;90.0;60.40233181962037
2021-03-17 13:00:00;134.6542052898048;90.0;60.60657509275245
2021-03-17 14:00:00;124.77581863813035;90.0;60.88048546588408
2021-03-17 15:00:00;124.87280206075212;90.0;60.294583959445674
2021-03-17 16:00:00;126.45187448380018;90.0;59.64045603001193
2021-03-17 17:00:00;129.53913621447256;90.0;58.948611746598885
2021-03-17 18:00:00;158.52948298292705;90.0;57.5885045271815
2021-03-17 19:00:00;162.70089396256662;90.0;57.57585206826707
2021-03-17 20:00:00;162.63288385579466;90.0;58.133545129470235
2021-03-17 21:00:00;149.73895417588218;90.0;60.20905513545722
2021-03-17 22:00:00;127.97030622000058;90.0;60.722454236570684
2021-03-17 23:00:00;96.832498198593;90.0;60.49146047706404
2021-03-18 00:00:00;91.90739890795379;90.0;60.27119950071142
2021-03-18 01:00:00;100.31851282280678;90.0;57.9606559721351
2021-03-18 02:00:00;94.37112104565438;90.0;59.48889338868128
2021-03-18 03:00:00;101.91572875306093;90.0;57.639937937957484
2021-03-18 04:00:00;138.195405899079;90.0;57.400379660783074
2021-03-18 05:00:00;200.53996141972678;90.0;57.65294844914513
2021-03-18 06:00:00;208.91559773735054;90.0;57.932249300532646
2021-03-18 07:00:00;202.01300170866534;90.0;59.11931953013317
2021-03-18 08:00:00;194.30268447389201;90.0;60.01472871617864
2021-03-18 09:00:00;179.04432568503478;90.0;60.92088399430526
2021-03-18 10:00:00;171.76805125592497;90.0;61.09035358263185
2021-03-18 11:00:00;166.06401169765343;90.0;60.91422282719236
2021-03-18 12:00:00;161.66668524139538;90.0;60.959554363397615
2021-03-18 13:00:00;158.87398099593338;90.0;60.79452231932629
2021-03-18 14:00:00;159.16391658443936;90.0;60.28166662608237
2021-03-18 15:00:00;165.23875016426763;90.0;59.182736350241385
2021-03-18 16:00:00;174.46553590456588;90.0;58.063904323475526
2021-03-18 17:00:00;184.17374283242538;90.0;57.770315458886046
2021-03-18 18:00:00;195.10005260712964;90.0;57.8123834979728
2021-03-18 19:00:00;205.88044109576202;90.0;57.90063909032716
2021-03-18 20:00:00;207.32931740959992;90.0;58.23802511522007
2021-03-18 21:00:00;172.28810965299317;90.0;60.841244514979394
2021-03-18 22:00:00;149.36299460112593;90.0;60.90044297765985
2021-03-18 23:00:00;112.29911040136693;90.0;60.73590963639225
2021-03-19 00:00:00;107.33707542551527;90.0;60.49181082547938
2021-03-19 01:00:00;114.21668436162453;90.0;58.70452403890374
2021-03-19 02:00:00;115.36815790391344;90.0;58.566320689336635
2021-03-19 03:00:00;123.17883252621841;90.0;57.309351002852964
2021-03-19 04:00:00;151.82593792830255;90.0;57.53466016999556
2021-03-19 05:00:00;225.1873248965274;90.0;57.635735530631734
2021-03-19 06:00:00;225.19786679556313;90.0;58.224651562470115
2021-03-19 07:00:00;222.10486265237898;90.0;58.91062554226136
2021-03-19 08:00:00;217.17923141073422;90.0;59.549354878538736
2021-03-19 09:00:00;212.8663480318144;90.0;59.93093948756837
2021-03-19 10:00:00;207.64564100197745;90.0;60.28806710619733
2021-03-19 11:00:00;191.05149536280436;90.0;61.0198706283432
2021-03-19 12:00:00;186.19836302483785;90.0;61.04439654097274
2021-03-19 13:00:00;181.3537864833715;90.0;61.068948316597925
2021-03-19 14:00:00;180.51714222095904;90.0;60.63949757676244
2021-03-19 15:00:00;188.6303104922339;90.0;59.33004774418367
2021-03-19 16:00:00;209.6803182271889;90.0;57.85241627536698
2021-03-19 17:00:00;216.79294115696857;90.0;57.64594415441263
2021-03-19 18:00:00;222.19051370164215;90.0;57.70097384014446
2021-03-19 19:00:00;222.73436536351196;90.0;58.21499543329571
2021-03-19 20:00:00;219.32819665159502;90.0;58.935776613799476
2021-03-19 21:00:00;201.4497294434043;90.0;60.852460793087346
2021-03-19 22:00:00;172.68450592234691;90.0;60.876670893279424
2021-03-19 23:00:00;129.308925347181;90.0;60.89550093920138
2021-03-20 00:00:00;108.76552518786174;90.0;60.591375907289034
2021-03-20 01:00:00;117.25652664609171;90.0;58.51091206993135
2021-03-20 02:00:00;118.75416895937728;90.0;58.39022921794492
2021-03-20 03:00:00;126.54629870670331;90.0;57.24002521382573
2021-03-20 04:00:00;157.3248558489908;90.0;57.493714744022554
2021-03-20 05:00:00;235.37058502984604;90.0;57.727865546644296
2021-03-20 06:00:00;235.67347541714912;90.0;58.2673247233393
2021-03-20 07:00:00;232.52629700049624;90.0;58.9391118053382
2021-03-20 08:00:00;227.1103400073798;90.0;59.60066076634217
2021-03-20 09:00:00;222.12353856895353;90.0;60.01866776064503
2021-03-20 10:00:00;216.9491837392726;90.0;60.33073943566171
2021-03-20 11:00:00;209.721767532705;90.0;60.75346087527839
2021-03-20 12:00:00;207.75166675480298;90.0;60.54373183442834
2021-03-20 13:00:00;208.13462824133168;90.0;60.16241214560159
2021-03-20 14:00:00;188.22703533224274;90.0;61.205026104941
2021-03-20 15:00:00;210.5203190027567;90.0;58.320445207826765
2021-03-20 16:00:00;219.26494702019846;90.0;57.80621838112495
2021-03-20 17:00:00;227.0908915031368;90.0;57.585282828035076
2021-03-20 18:00:00;234.2503899489125;90.0;57.63908292488634
2021-03-20 19:00:00;234.82320873003152;90.0;58.18327425110249
2021-03-20 20:00:00;231.71424568944533;90.0;58.88009196953317
2021-03-20 21:00:00;212.47168510006085;90.0;60.860414352417024
2021-03-20 22:00:00;180.90484815301386;90.0;60.8751745055651
2021-03-20 23:00:00;135.29090891448044;90.0;60.844928713111926
2021-03-21 00:00:00;104.3029728924409;90.0;60.49708643710596
2021-03-21 01:00:00;113.18180273125596;90.0;58.29233383624518
2021-03-21 02:00:00;116.16387416019748;90.0;57.95223506741502
2021-03-21 03:00:00;124.42301794366588;90.0;57.559641938544246
2021-03-21 04:00:00;154.1993238644816;90.0;57.55538504926136
2021-03-21 05:00:00;229.95566473497016;90.0;57.73574165797504
2021-03-21 06:00:00;230.0519896713463;90.0;58.28739220381715
2021-03-21 07:00:00;227.9466647596061;90.0;58.85904577987776
2021-03-21 08:00:00;221.57443328481847;90.0;59.642863790917545
2021-03-21 09:00:00;216.97106444445885;90.0;60.018318905286435
2021-03-21 10:00:00;211.66499652999778;90.0;60.350647442039815
2021-03-21 11:00:00;204.51271679355875;90.0;60.772633497191464
2021-03-21 12:00:00;203.00659823930008;90.0;60.510607634192354
2021-03-21 13:00:00;184.87317276694122;90.0;61.169526827196705
2021-03-21 14:00:00;183.780921371604;90.0;60.74097039193208
2021-03-21 15:00:00;192.67484967683808;90.0;59.33714318174634
2021-03-21 16:00:00;214.20248310639724;90.0;57.85921849233284
2021-03-21 17:00:00;221.47608099088885;90.0;57.65300846377477
2021-03-21 18:00:00;227.3339111703009;90.0;57.67644095723813
2021-03-21 19:00:00;226.9005882349129;90.0;58.294970549939194
2021-03-21 20:00:00;222.4162934398733;90.0;59.087951285291865
2021-03-21 21:00:00;203.83214268254417;90.0;61.000973979435685
2021-03-21 22:00:00;176.1163103309374;90.0;60.86529966316232
2021-03-21 23:00:00;131.90088389821875;90.0;60.91011762893305
2021-03-22 00:00:00;99.13812683980542;90.0;60.497765071633125
2021-03-22 01:00:00;105.50547318327511;90.0;58.67725402447866
2021-03-22 02:00:00;106.66237474018892;90.0;58.50124491949657
2021-03-22 03:00:00;114.18656747813797;90.0;57.18396406134485
2021-03-22 04:00:00;139.26226654296084;90.0;57.52463072484488
2021-03-22 05:00:00;204.46974638818006;90.0;57.632923103650455
2021-03-22 06:00:00;204.03169850797843;90.0;58.252891827285
2021-03-22 07:00:00;200.01789356539817;90.0;59.038713721233876
2021-03-22 08:00:00;196.72579886309217;90.0;59.4951899936691
2021-03-22 09:00:00;187.1143854987278;90.0;60.492224894877495
2021-03-22 10:00:00;179.86406343714663;90.0;60.94966636033553
2021-03-22 11:00:00;174.08573052385114;90.0;61.12140046389584
2021-03-22 12:00:00;170.01401097167522;90.0;61.053544551143375
2021-03-22 13:00:00;166.18846625984315;90.0;60.981627216669494
2021-03-22 14:00:00;166.47678561831887;90.0;60.427685918379325
2021-03-22 15:00:00;173.60624885355432;90.0;59.203678130955154
2021-03-22 16:00:00;183.6522484130383;90.0;58.04803264056278
2021-03-22 17:00:00;193.2417018513881;90.0;57.56134250748369
2021-03-22 18:00:00;204.28203674529806;90.0;57.763279628585735
2021-03-22 19:00:00;214.19635142746145;90.0;57.981400268742505
2021-03-22 20:00:00;214.12535839413505;90.0;58.45477362313011
2021-03-22 21:00:00;197.7048763960552;90.0;60.42425362205438
2021-03-22 22:00:00;166.88077457724282;90.0;60.778734065793174
2021-03-22 23:00:00;117.33862529251209;90.0;60.58456907366855
2021-03-23 00:00:00;100.53934663279475;90.0;60.404471998982046
2021-03-23 01:00:00;106.07039324614584;90.0;58.79647241749467
2021-03-23 02:00:00;107.10944365120528;90.0;58.60819552121387
2021-03-23 03:00:00;114.66797088603101;90.0;57.25820481847933
2021-03-23 04:00:00;140.0167569012199;90.0;57.533856363068196
2021-03-23 05:00:00;205.5730359295643;90.0;57.635993776999555
2021-03-23 06:00:00;205.17827105034416;90.0;58.25116892215999
2021-03-23 07:00:00;200.48001581179827;90.0;59.10774298463764
2021-03-23 08:00:00;204.7896962083698;90.0;58.74952182814769
2021-03-23 09:00:00;188.65434835205886;90.0;60.6552993520944
2021-03-23 10:00:00;181.69562482955473;90.0;61.025680754446284
2021-03-23 11:00:00;175.51319225798443;90.0;61.216742983109214
2021-03-23 12:00:00;171.5692132722952;90.0;61.104014258810764
2021-03-23 13:00:00;169.36278467629165;90.0;60.820852802495665
2021-03-23 14:00:00;169.34233655308756;90.0;60.35584251880351
2021-03-23 15:00:00;174.91990628579;90.0;59.354893197440276
2021-03-23 16:00:00;183.74716895116612;90.0;58.30400219312389
2021-03-23 17:00:00;194.1246091969513;90.0;57.46617343177087
2021-03-23 18:00:00;205.89949363404662;90.0;57.67454737029135
2021-03-23 19:00:00;200.51729747424258;90.0;58.796880940795575
2021-03-23 20:00:00;196.9509465230017;90.0;59.360273308735316
2021-03-23 21:00:00;181.1885207979957;90.0;61.07917211825634
2021-03-23 22:00:00;157.23308233802078;90.0;60.78223912348511
2021-03-23 23:00:00;118.03642521360037;90.0;60.77365953657369
2021-03-24 00:00:00;111.65336149354248;90.0;60.59823493091341
2021-03-24 01:00:00;118.56239682869028;90.0;58.83920558469134
2021-03-24 02:00:00;120.04616899338603;90.0;58.62120993144765
2021-03-24 03:00:00;128.35771859539403;90.0;57.329028791014764
2021-03-24 04:00:00;158.12591236644838;90.0;57.56231204068479
2021-03-24 05:00:00;234.70782478393122;90.0;57.64996207141331
2021-03-24 06:00:00;234.7347489312516;90.0;58.23920886072142
2021-03-24 07:00:00;232.1582865103846;90.0;58.86833277504434
2021-03-24 08:00:00;226.12701294695268;90.0;59.609605372069325
2021-03-24 09:00:00;221.3723824903947;90.0;60.00411132219597
2021-03-24 10:00:00;216.09488050646513;90.0;60.33135688760626
2021-03-24 11:00:00;208.38262112578192;90.0;60.80313404943189
2021-03-24 12:00:00;206.84430480949953;90.0;60.536024947897545
2021-03-24 13:00:00;207.54449476101524;90.0;60.12440452920043
2021-03-24 14:00:00;208.94519201105214;90.0;59.7664097236692
2021-03-24 15:00:00;210.70874844265686;90.0;59.482865949093366
2021-03-24 16:00:00;219.60288286236118;90.0;58.594711225631954
2021-03-24 17:00:00;227.6171311195774;90.0;58.10396146009788
2021-03-24 18:00:00;233.261239760296;90.0;58.018343585003834
2021-03-24 19:00:00;233.53640915823954;90.0;58.46128462921479
2021-03-24 20:00:00;230.15703825784826;90.0;59.091079664176334
2021-03-24 21:00:00;211.23504132326565;90.0;60.979914062725925
2021-03-24 22:00:00;180.05491260347245;90.0;60.89526979545121
2021-03-24 23:00:00;134.68617598113605;90.0;60.843961953939186
2021-03-25 00:00:00;108.31715103511178;90.0;60.59459885622755
2021-03-25 01:00:00;117.38997134438381;90.0;58.39873766083815
2021-03-25 02:00:00;118.75728525482158;90.0;58.336142589549695
2021-03-25 03:00:00;126.8634620633358;90.0;57.26212779718418
2021-03-25 04:00:00;158.50169027583354;90.0;57.47448038232386
2021-03-25 05:00:00;236.956980880474;90.0;57.73015708912129
2021-03-25 06:00:00;237.35170879284934;90.0;58.26182040901904
2021-03-25 07:00:00;236.13522163222643;90.0;58.76129344126525
2021-03-25 08:00:00;228.58045045231881;90.0;59.66974344344874
2021-03-25 09:00:00;223.641672303821;90.0;60.05977231419632
2021-03-25 10:00:00;218.44283023416824;90.0;60.359365460245556
2021-03-25 11:00:00;210.4573099711698;90.0;60.84300105791442
2021-03-25 12:00:00;209.00770275861484;90.0;60.55600764606277
2021-03-25 13:00:00;209.7434791632764;90.0;60.13774325695334
2021-03-25 14:00:00;210.43506829415398;90.0;59.84892564045515
2021-03-25 15:00:00;198.7968053124362;90.0;60.88491688049635
2021-03-25 16:00:00;210.73047642741926;90.0;59.22599614821735
2021-03-25 17:00:00;228.50099617386473;90.0;57.56924470920973
2021-03-25 18:00:00;234.52286996847343;90.0;57.627468395693086
2021-03-25 19:00:00;235.80696132795447;90.0;58.110459101936044
2021-03-25 20:00:00;232.62846760108425;90.0;58.83672637185555
2021-03-25 21:00:00;214.08358984019702;90.0;60.75846419854304
2021-03-25 22:00:00;182.1428831103101;90.0;60.85733657077782
2021-03-25 23:00:00;136.19236639581848;90.0;60.84869185301892
2021-03-26 00:00:00;108.6463606209291;90.0;60.42984389409213
2021-03-26 01:00:00;117.34650141167599;90.0;58.35377113309801
2021-03-26 02:00:00;119.30171910710277;90.0;58.20331217145076
2021-03-26 03:00:00;129.3486989732885;90.0;57.516932680382354
2021-03-26 04:00:00;160.32423956023777;90.0;57.56670041211953
2021-03-26 05:00:00;239.09397317249423;90.0;57.74960374242596
2021-03-26 06:00:00;239.1745213875979;90.0;58.30437592834778
2021-03-26 07:00:00;236.70831614508353;90.0;58.90135931359487
2021-03-26 08:00:00;230.537563194889;90.0;59.637431259817845
2021-03-26 09:00:00;225.56087219980006;90.0;60.03865109279576
2021-03-26 10:00:00;220.26762303064197;90.0;60.35091066399161
2021-03-26 11:00:00;212.7259361758427;90.0;60.78976589458705
2021-03-26 12:00:00;210.12775520858392;90.0;60.63029071798172
2021-03-26 13:00:00;211.4643769016297;90.0;60.132997788390696
2021-03-26 14:00:00;212.48710761480098;90.0;59.8153291499259
2021-03-26 15:00:00;215.26156273274046;90.0;59.42470729810526
2021-03-26 16:00:00;224.17399138783077;90.0;58.57408302345925
2021-03-26 17:00:00;232.3772131467745;90.0;58.09105148343207
2021-03-26 18:00:00;238.31579794708057;90.0;57.99694524874258
2021-03-26 19:00:00;238.28009189063965;90.0;58.47852607847534
2021-03-26 20:00:00;235.07614463281024;90.0;59.08407789273258
2021-03-26 21:00:00;215.25787286129096;90.0;61.025487578294815
2021-03-26 22:00:00;183.50720618205176;90.0;60.91732911888943
2021-03-26 23:00:00;137.14961056416882;90.0;60.86913664441613
2021-03-27 00:00:00;106.51407829298071;90.0;60.483133623644676
2021-03-27 01:00:00;114.73232108710471;90.0;58.44333292498504
2021-03-27 02:00:00;116.46960350451299;90.0;58.28843655826461
2021-03-27 03:00:00;124.68377446126915;90.0;57.178696985005104
2021-03-27 04:00:00;154.29884408454808;90.0;57.50063875091115
2021-03-27 05:00:00;229.9531061392842;90.0;57.6239754089824
2021-03-27 06:00:00;230.04159242756762;90.0;58.213026505174525
2021-03-27 07:00:00;227.84133663940688;90.0;58.817453199219244
2021-03-27 08:00:00;221.66016980363557;90.0;59.596715602122174
2021-03-27 09:00:00;217.07466527363053;90.0;59.98458490345166
2021-03-27 10:00:00;211.83838604202035;90.0;60.32023485827415
2021-03-27 11:00:00;204.51302435768034;90.0;60.768232052987514
2021-03-27 12:00:00;203.162935255308;90.0;60.49168042280007
2021-03-27 13:00:00;203.06805081655727;90.0;60.16896688768975
2021-03-27 14:00:00;185.2104463167817;90.0;61.078256822039236
2021-03-27 15:00:00;193.87348173013862;90.0;59.615180578961315
2021-03-27 16:00:00;213.8034761568082;90.0;57.46854849017126
2021-03-27 17:00:00;221.17961001448904;90.0;57.96500620113426
2021-03-27 18:00:00;226.21575675609418;90.0;57.96331706113574
2021-03-27 19:00:00;226.77433124521917;90.0;58.392751895048605
2021-03-27 20:00:00;224.06739414386905;90.0;58.986531384574164
2021-03-27 21:00:00;206.61329183215383;90.0;60.81040587703649
2021-03-27 22:00:00;176.53843724518384;90.0;60.902524848646465
2021-03-27 23:00:00;132.10094984410514;90.0;60.8259855622656
2021-03-28 00:00:00;96.59267615834314;90.0;60.39014991536129
2021-03-28 01:00:00;104.42277019855977;90.0;58.26268939305709
2021-03-28 02:00:00;105.24721839290734;90.0;58.28103734213926
2021-03-28 03:00:00;112.73565375911241;90.0;57.1301244877713
2021-03-28 04:00:00;139.6519543529946;90.0;57.432551980726146
2021-03-28 05:00:00;209.73781628941796;90.0;57.67018390563351
2021-03-28 06:00:00;209.41307467137298;90.0;58.27046717686159
2021-03-28 07:00:00;206.71400153430457;90.0;58.9110915196668
2021-03-28 08:00:00;202.18281774803114;90.0;59.53145804116514
2021-03-28 09:00:00;192.5911128688956;90.0;60.49234657723929
2021-03-28 10:00:00;185.98026441599905;90.0;60.86315794393562
2021-03-28 11:00:00;180.32043374998352;90.0;61.03302556544935
2021-03-28 12:00:00;178.14469113798154;90.0;60.76562242025204
2021-03-28 13:00:00;174.1610092638281;90.0;60.786959977006006
2021-03-28 14:00:00;174.61337272227104;90.0;60.28272387931531
2021-03-28 15:00:00;179.87511992026432;90.0;59.36634637044017
2021-03-28 16:00:00;189.1971644300264;90.0;58.290137100442394
2021-03-28 17:00:00;198.78513790660023;90.0;57.58009346360984
2021-03-28 18:00:00;209.33458209025804;90.0;57.83167280252303
2021-03-28 19:00:00;219.7346005358448;90.0;58.002379701961615
2021-03-28 20:00:00;221.8304267982436;90.0;58.26421961785036
2021-03-28 21:00:00;204.33921456938936;90.0;60.35444947309651
2021-03-28 22:00:00;171.17753131634834;90.0;60.834628900198254
2021-03-28 23:00:00;129.1186134339485;90.0;60.843227279288556
2021-03-29 00:00:00;79.14245438603743;90.0;60.25014798206661
2021-03-29 01:00:00;83.85384813146429;90.0;58.49207779317243
2021-03-29 02:00:00;85.02169950008533;90.0;58.216421685304624
2021-03-29 03:00:00;89.84396027227567;90.0;57.17828254374888
2021-03-29 04:00:00;110.16909458863381;90.0;57.338985398612806
2021-03-29 05:00:00;160.23207128562453;90.0;57.53807466693729
2021-03-29 06:00:00;159.90286420946893;90.0;58.137960687895486
2021-03-29 07:00:00;165.25849529899733;90.0;57.794970710973246
2021-03-29 08:00:00;158.06898866846038;90.0;59.20485399222895
2021-03-29 09:00:00;149.06803689471548;90.0;60.41841373952997
2021-03-29 10:00:00;150.0506983352396;90.0;59.902184886297334
2021-03-29 11:00:00;141.2717579991174;90.0;60.908391082413004
2021-03-29 12:00:00;138.07738013756457;90.0;60.8319635416529
2021-03-29 13:00:00;133.72679289759907;90.0;60.95579857968653
2021-03-29 14:00:00;127.9177555862068;90.0;60.60652191811147
2021-03-29 15:00:00;128.18651735453267;90.0;60.08226764409869
2021-03-29 16:00:00;129.7718949922353;90.0;59.505748142556854
2021-03-29 17:00:00;133.2754554678227;90.0;58.810616923756584
2021-03-29 18:00:00;142.70618617964925;90.0;57.45747205838154
2021-03-29 19:00:00;163.09006617176135;90.0;57.44751311374608
2021-03-29 20:00:00;162.63454237564986;90.0;58.098491233974926
2021-03-29 21:00:00;149.58698090197169;90.0;60.20642159456054
2021-03-29 22:00:00;127.63940238579107;90.0;60.73867744510744
2021-03-29 23:00:00;96.44051332504701;90.0;60.49789642730411
2021-03-30 00:00:00;70.7778657354628;90.0;60.04819890142812
2021-03-30 01:00:00;77.0885160340257;90.0;57.72420245701028
2021-03-30 02:00:00;73.43673911254058;90.0;58.94210176096834
2021-03-30 03:00:00;79.28420556404693;90.0;57.15545913806136
2021-03-30 04:00:00;104.27805519582299;90.0;57.049113841298094
2021-03-30 05:00:00;150.27247102179587;90.0;57.50735677352566
2021-03-30 06:00:00;153.9052309797528;90.0;57.551573494883314
2021-03-30 07:00:00;148.41933182571813;90.0;58.85701271640863
2021-03-30 08:00:00;158.17485839425382;90.0;57.61542364361486
2021-03-30 09:00:00;147.05735787519006;90.0;59.665424681338266
2021-03-30 10:00:00;138.8056641464696;90.0;60.690482178114905
2021-03-30 11:00:00;130.34844483900122;90.0;60.75254647830508
2021-03-30 12:00:00;127.20535496373498;90.0;60.72877642506501
2021-03-30 13:00:00;122.66574110123085;90.0;60.84354304776781
2021-03-30 14:00:00;114.8764500728389;90.0;60.79438052332421
2021-03-30 15:00:00;116.3116259573659;90.0;59.96804381199894
2021-03-30 16:00:00;117.90595485486867;90.0;59.366542297009175
2021-03-30 17:00:00;120.35194619842473;90.0;58.811194969509586
2021-03-30 18:00:00;145.68482406874233;90.0;57.373460604818376
2021-03-30 19:00:00;150.2087580304799;90.0;57.31441223235254
2021-03-30 20:00:00;151.31620487515997;90.0;57.777265017073944
2021-03-30 21:00:00;139.78046563595888;90.0;59.890177427947094
2021-03-30 22:00:00;119.24832077224815;90.0;60.79160971539392
2021-03-30 23:00:00;90.41709347746136;90.0;60.40546377651464
2021-03-31 00:00:00;58.71666811394898;90.0;59.56878541572377
2021-03-31 01:00:00;64.6052409749405;90.0;57.068170885860354
2021-03-31 02:00:00;58.3947185662936;90.0;59.456785905378354
2021-03-31 03:00:00;64.30241668213971;90.0;56.970239683050295
2021-03-31 04:00:00;88.6696628133821;90.0;56.93028025870342
2021-03-31 05:00:00;126.46455797190498;90.0;57.427238444863406
2021-03-31 06:00:00;129.94675312195216;90.0;57.38373667958473
2021-03-31 07:00:00;124.38819930103837;90.0;58.85350614764377
2021-03-31 08:00:00;131.03369447596094;90.0;57.81365731596475
2021-03-31 09:00:00;120.97613912259636;90.0;59.87962379973533
2021-03-31 10:00:00;114.46618332537501;90.0;60.722784078501945
2021-03-31 11:00:00;114.11909846436664;90.0;60.23060603028205
2021-03-31 12:00:00;114.08764316654246;90.0;59.82804489187407
2021-03-31 13:00:00;100.55061874616312;90.0;60.38664011624604
2021-03-31 14:00:00;100.82907355491925;90.0;59.826637331595464
2021-03-31 15:00:00;93.69323747392666;90.0;60.27057939680907
2021-03-31 16:00:00;94.42019306655965;90.0;59.61403789765325
2021-03-31 17:00:00;97.17708787771893;90.0;58.72883858161748
2021-03-31 18:00:00;114.75401865104787;90.0;57.32339503430063
2021-03-31 19:00:00;122.61988790266588;90.0;57.31260260091062
2021-03-31 20:00:00;126.25793782997592;90.0;57.25536329119694
2021-03-31 21:00:00;122.16445598214432;90.0;58.53723473408024
2021-03-31 22:00:00;102.76488501060382;90.0;60.45492255651021
2021-03-31 23:00:00;75.71383600275891;90.0;60.13550722194333
2021-04-01 00:00:00;44.82312025562386;90.0;58.9189636053008
2021-04-01 01:00:00;41.30483447883055;90.0;58.76933954751297
2021-04-01 02:00:00;40.36030602840852;90.0;58.5596752281827
2021-04-01 03:00:00;42.9277375517445;90.0;56.737845699329284
2021-04-01 04:00:00;63.907679258313294;90.0;56.29754047598698
2021-04-01 05:00:00;95.0583280889658;90.0;57.143417601241595
2021-04-01 06:00:00;114.15361578484358;90.0;57.38597395106791
2021-04-01 07:00:00;99.91592241165107;90.0;60.63649482577097
2021-04-01 08:00:00;93.02865976525456;90.0;60.52713222624669
2021-04-01 09:00:00;93.06378843982786;90.0;59.937938677613886
2021-04-01 10:00:00;86.38993501656101;90.0;60.27120185944074
2021-04-01 11:00:00;82.84211611671084;90.0;60.239863413326816
2021-04-01 12:00:00;82.51984357729921;90.0;59.76471384910934
2021-04-01 13:00:00;74.86226582558709;90.0;60.16942442024947
2021-04-01 14:00:00;74.29945874591488;90.0;59.7336917327674
2021-04-01 15:00:00;70.62626850134244;90.0;59.8295289796244
2021-04-01 16:00:00;71.13686302807979;90.0;59.16472505931847
2021-04-01 17:00:00;72.9320976809899;90.0;58.354237140286045
2021-04-01 18:00:00;76.59632114878728;90.0;57.324538930593405
2021-04-01 19:00:00;89.9066467872383;90.0;56.92797786411501
2021-04-01 20:00:00;92.35598339710202;90.0;56.946680618540086
2021-04-01 21:00:00;90.36260983085354;90.0;57.98747620766392
2021-04-01 22:00:00;76.36777162555886;90.0;60.004465658942365
2021-04-01 23:00:00;56.78474301205629;90.0;59.43653048675071
2021-04-02 00:00:00;53.07424843579642;90.0;59.376036603321495
2021-04-02 01:00:00;46.83533164974519;90.0;58.980413875991474
2021-04-02 02:00:00;45.98451492754034;90.0;58.75849112413647
2021-04-02 03:00:00;50.438133534987045;90.0;56.39038989886018
2021-04-02 04:00:00;78.02857780475763;90.0;56.76555313362343
2021-04-02 05:00:00;111.27230875559388;90.0;57.32296623334406
2021-04-02 06:00:00;144.63112114763172;90.0;57.33933187640906
2021-04-02 07:00:00;124.90181914247869;90.0;60.854470575170865
2021-04-02 08:00:00;115.83775681617338;90.0;60.73500009924652
2021-04-02 09:00:00;107.64147103034848;90.0;60.706366261441076
2021-04-02 10:00:00;101.98773136993844;90.0;60.47702330511419
2021-04-02 11:00:00;96.62536408077702;90.0;60.32719466451903
2021-04-02 12:00:00;101.50600289241875;90.0;58.814719344171294
2021-04-02 13:00:00;89.59037443013378;90.0;60.40251481731667
2021-04-02 14:00:00;90.07952398855218;90.0;59.730034338042856
2021-04-02 15:00:00;83.47842110818881;90.0;60.16596811185536
2021-04-02 16:00:00;83.95945470412903;90.0;59.52528106918061
2021-04-02 17:00:00;86.54701390028458;90.0;58.58140555407152
2021-04-02 18:00:00;101.42342045871338;90.0;57.26262742248355
2021-04-02 19:00:00;108.79565280051276;90.0;57.169814341888866
2021-04-02 20:00:00;112.7273933779363;90.0;57.106692382396375
2021-04-02 21:00:00;110.91756536409476;90.0;58.05383854226227
2021-04-02 22:00:00;92.5654184368701;90.0;60.28022904546816
2021-04-02 23:00:00;68.02429081249724;90.0;59.926994524852205
2021-04-03 00:00:00;66.52383080564985;90.0;59.802142418569304
2021-04-03 01:00:00;57.67399072195943;90.0;59.48142851695292
2021-04-03 02:00:00;70.05041490146311;90.0;56.52818110504387
2021-04-03 03:00:00;75.79212539147301;90.0;56.61834769107509
2021-04-03 04:00:00;99.89764049792521;90.0;57.16552335831085
2021-04-03 05:00:00;143.72589049774345;90.0;57.500108897150085
2021-04-03 06:00:00;146.28566734987305;90.0;57.66856073464885
2021-04-03 07:00:00;162.8629222630298;90.0;57.74353829958079
2021-04-03 08:00:00;150.09415680077726;90.0;59.936332182688204
2021-04-03 09:00:00;139.52901586147968;90.0;60.65071138431631
2021-04-03 10:00:00;131.11860959123695;90.0;60.72466211905322
2021-04-03 11:00:00;124.11979796123101;90.0;60.625646496733395
2021-04-03 12:00:00;121.37197045592572;90.0;60.582761853651164
2021-04-03 13:00:00;117.77199250479829;90.0;60.70097414047649
2021-04-03 14:00:00;113.07592829841444;90.0;60.65739546294259
2021-04-03 15:00:00;109.45592898844501;90.0;60.549294495303855
2021-04-03 16:00:00;108.73181429112772;90.0;60.16494757895828
2021-04-03 17:00:00;112.54955444249809;90.0;59.050109011809866
2021-04-03 18:00:00;139.31179526666682;90.0;57.46268118571254
2021-04-03 19:00:00;143.93298648208363;90.0;57.433763559813826
2021-04-03 20:00:00;144.3512630526527;90.0;57.93924755115114
2021-04-03 21:00:00;133.2602533627671;90.0;59.99430502512098
2021-04-03 22:00:00;113.95040747090759;90.0;60.76814586099073
2021-04-03 23:00:00;86.7331024371005;90.0;60.32123804747863
2021-04-04 00:00:00;86.98637400036588;90.0;59.7111581216127
2021-04-04 01:00:00;96.17445280369407;90.0;57.271649149054156
2021-04-04 02:00:00;86.83021769690616;90.0;59.86108411723137
2021-04-04 03:00:00;95.5010975429841;90.0;57.486096294438596
2021-04-04 04:00:00;129.10724544317108;90.0;57.352785890501195
2021-04-04 05:00:00;188.20718065442398;90.0;57.607641953531925
2021-04-04 06:00:00;201.56668148695894;90.0;57.592173957802686
2021-04-04 07:00:00;192.50405098599555;90.0;59.14840888455058
2021-04-04 08:00:00;185.1646665692913;90.0;60.02299528361692
2021-04-04 09:00:00;174.44593834898575;90.0;61.03142012484659
2021-04-04 10:00:00;168.10458492845035;90.0;61.16069216720285
2021-04-04 11:00:00;166.7188157038932;90.0;60.76060554782322
2021-04-04 12:00:00;162.4106486058301;90.0;60.83918787904548
2021-04-04 13:00:00;155.6598408305595;90.0;61.00440453817663
2021-04-04 14:00:00;157.08913057799515;90.0;60.27550974771191
2021-04-04 15:00:00;159.7565757499802;90.0;59.602901329143435
2021-04-04 16:00:00;168.47058246382772;90.0;58.37581919764938
2021-04-04 17:00:00;177.91019089272174;90.0;57.50731906932879
2021-04-04 18:00:00;187.2960341448125;90.0;57.77056677842751
2021-04-04 19:00:00;198.09000190024017;90.0;57.837848170813515
2021-04-04 20:00:00;179.90433387661938;90.0;60.34517888135349
2021-04-04 21:00:00;165.3107971122655;90.0;61.01121701026068
2021-04-04 22:00:00;143.96968013707635;90.0;60.88830659327709
2021-04-04 23:00:00;108.29664755591223;90.0;60.69107750124209
2021-04-05 00:00:00;97.89969655569419;90.0;60.39982448515218
2021-04-05 01:00:00;102.9945767225628;90.0;58.84223968692652
2021-04-05 02:00:00;105.5888014345801;90.0;58.31453955369267
2021-04-05 03:00:00;112.27287530921178;90.0;57.19799827939397
2021-04-05 04:00:00;137.03287669923233;90.0;57.51381336000901
2021-04-05 05:00:00;202.95931024859274;90.0;57.60070148942452
2021-04-05 06:00:00;202.89696508419658;90.0;58.191163966204726
2021-04-05 07:00:00;198.4452882569117;90.0;59.04511388295998
2021-04-05 08:00:00;202.52364538757294;90.0;58.724076764631775
2021-04-05 09:00:00;186.39580686183277;90.0;60.654876558746935
2021-04-05 10:00:00;179.60921768759258;90.0;61.01272016513309
2021-04-05 11:00:00;174.22737642352334;90.0;61.12038809744314
2021-04-05 12:00:00;171.27178342316165;90.0;60.92042881670284
2021-04-05 13:00:00;168.63190996033404;90.0;60.74297427315156
2021-04-05 14:00:00;169.24251121197946;90.0;60.223160120214345
2021-04-05 15:00:00;174.15093959403305;90.0;59.340233831159594
2021-04-05 16:00:00;183.07273164600008;90.0;58.27743753419247
2021-04-05 17:00:00;192.38875380797512;90.0;57.561157340003206
2021-04-05 18:00:00;202.66718442949238;90.0;57.80927537150632
2021-04-05 19:00:00;213.33440980954796;90.0;57.94411374448242
2021-04-05 20:00:00;214.91314116686007;90.0;58.26535162156989
2021-04-05 21:00:00;179.30340918708387;90.0;60.8282855086091
2021-04-05 22:00:00;155.61465354805316;90.0;60.913287347729295
2021-04-05 23:00:00;116.80778544528275;90.0;60.789310115832336
2021-04-06 00:00:00;94.94273052346138;90.0;60.50876962025245
2021-04-06 01:00:00;102.65264425073198;90.0;58.33919104321012
2021-04-06 02:00:00;103.68287396843357;90.0;58.28206122482908
2021-04-06 03:00:00;110.75480173653075;90.0;57.181929982901806
2021-04-06 04:00:00;137.00345855402009;90.0;57.438219608456734
2021-04-06 05:00:00;201.90636484762874;90.0;57.60741935249888
2021-04-06 06:00:00;201.71609443277362;90.0;58.208188588415226
2021-04-06 07:00:00;197.60019522917102;90.0;59.022413513374545
2021-04-06 08:00:00;201.3150282877082;90.0;58.74391838034154
2021-04-06 09:00:00;185.7736612393329;90.0;60.612816825571656
2021-04-06 10:00:00;178.69629933151018;90.0;61.018134422103515
2021-04-06 11:00:00;173.43669176208672;90.0;61.11198878036083
2021-04-06 12:00:00;170.8002722893571;90.0;60.87712222723985
2021-04-06 13:00:00;168.32763877231324;90.0;60.692422739997426
2021-04-06 14:00:00;168.47556313978137;90.0;60.243017468127505
2021-04-06 15:00:00;174.198597126699;90.0;59.2529541224111
2021-04-06 16:00:00;182.79794508885558;90.0;58.25430189060131
2021-04-06 17:00:00;191.67443680265964;90.0;57.5926372631983
2021-04-06 18:00:00;201.36834537814937;90.0;57.85993532421918
2021-04-06 19:00:00;211.284638885186;90.0;57.9228335857635
2021-04-06 20:00:00;214.78206057335962;90.0;58.05767157492028
2021-04-06 21:00:00;177.58095591976112;90.0;60.93045835168056
2021-04-06 22:00:00;154.6864180035973;90.0;61.05491881506873
2021-04-06 23:00:00;116.18448385467602;90.0;60.80937303215353
2021-04-07 00:00:00;78.49867038871773;90.0;60.03981969324121
2021-04-07 01:00:00;83.64725128747052;90.0;58.2236866977492
2021-04-07 02:00:00;85.12795063969524;90.0;57.95999826931694
2021-04-07 03:00:00;90.67875129014462;90.0;56.94970723225731
2021-04-07 04:00:00;111.5971031502731;90.0;57.294350089717796
2021-04-07 05:00:00;162.83895382760653;90.0;57.531574943934004
2021-04-07 06:00:00;174.33172925117458;90.0;57.51886018522703
2021-04-07 07:00:00;166.78879319146984;90.0;59.032318661402826
2021-04-07 08:00:00;160.5569029090537;90.0;59.89554890986432
2021-04-07 09:00:00;162.67950125757966;90.0;59.41897989354504
2021-04-07 10:00:00;152.5943849601362;90.0;60.679131669218066
2021-04-07 11:00:00;143.7238729674616;90.0;60.753424315573625
2021-04-07 12:00:00;140.37707992392447;90.0;60.74216740658227
2021-04-07 13:00:00;135.70292399888467;90.0;60.93529254615726
2021-04-07 14:00:00;130.52105957831316;90.0;60.6114553533767
2021-04-07 15:00:00;130.5610701174597;90.0;60.12760298541201
2021-04-07 16:00:00;132.0772554808054;90.0;59.55768102204087
2021-04-07 17:00:00;136.90814870410898;90.0;58.657405934074234
2021-04-07 18:00:00;145.86729018804814;90.0;57.46437115626816
2021-04-07 19:00:00;160.6063577041055;90.0;57.69261021307108
2021-04-07 20:00:00;165.21661080522676;90.0;57.597336874110624
2021-04-07 21:00:00;153.3583218946589;90.0;59.69899753351791
2021-04-07 22:00:00;131.09938579827352;90.0;60.875454445592084
2021-04-07 23:00:00;99.5224643567914;90.0;60.539585823774644
2021-04-08 00:00:00;59.99884299713682;90.0;59.71597589608882
2021-04-08 01:00:00;65.96108286678147;90.0;57.19965339923516
2021-04-08 02:00:00;61.34843373679117;90.0;58.98426845191517
2021-04-08 03:00:00;67.11409989419109;90.0;56.80940175258485
2021-04-08 04:00:00;89.79464453915365;90.0;57.038765129709645
2021-04-08 05:00:00;128.5140966606787;90.0;57.436943472492544
2021-04-08 06:00:00;131.89330910118872;90.0;57.42037983455532
2021-04-08 07:00:00;126.46991842426286;90.0;58.84601658386788
2021-04-08 08:00:00;133.48208226469845;90.0;57.77275193050292
2021-04-08 09:00:00;123.26203980985174;90.0;59.85520243364425
2021-04-08 10:00:00;116.49426123313447;90.0;60.736204305636306
2021-04-08 11:00:00;110.5414677312391;90.0;60.52676697650469
2021-04-08 12:00:00;116.78871068006924;90.0;58.889327779658345
2021-04-08 13:00:00;102.49345749495363;90.0;60.62060765022147
2021-04-08 14:00:00;102.92100675044063;90.0;59.9687315066497
2021-04-08 15:00:00;95.30696497110685;90.0;60.40042414227838
2021-04-08 16:00:00;95.54905458730735;90.0;59.81734920135182
2021-04-08 17:00:00;98.88521559602891;90.0;58.76034762700829
2021-04-08 18:00:00;116.4314139761895;90.0;57.36708142103157
2021-04-08 19:00:00;124.6926126061995;90.0;57.30791251355106
2021-04-08 20:00:00;129.42033901637063;90.0;57.27593964350842
2021-04-08 21:00:00;128.44368643468553;90.0;58.02825021041832
2021-04-08 22:00:00;100.12250815032158;90.0;60.368826124784334
2021-04-08 23:00:00;77.58020693978413;90.0;60.06592971701173
2021-04-09 00:00:00;67.53104643725052;90.0;59.949829292530296
2021-04-09 01:00:00;75.15987468519687;90.0;57.180078816432626
2021-04-09 02:00:00;70.92385808559234;90.0;58.76841412451637
2021-04-09 03:00:00;76.54648279332565;90.0;57.02434587420919
2021-04-09 04:00:00;102.23698768604464;90.0;57.1814704302501
2021-04-09 05:00:00;146.88427962655823;90.0;57.51802056504022
2021-04-09 06:00:00;150.45549385884237;90.0;57.55034237277238
2021-04-09 07:00:00;144.85578641288564;90.0;58.884330001830506
2021-04-09 08:00:00;152.98869297123002;90.0;57.820741855150175
2021-04-09 09:00:00;141.60571956376808;90.0;59.88021115895299
2021-04-09 10:00:00;133.52232772237306;90.0;60.84566300733445
2021-04-09 11:00:00;126.74831006118615;90.0;60.65740979552578
2021-04-09 12:00:00;123.83135107494759;90.0;60.63025542905177
2021-04-09 13:00:00;119.3650782394666;90.0;60.77545133302965
2021-04-09 14:00:00;113.79066528806143;90.0;60.49603587979317
2021-04-09 15:00:00;114.330677825487;90.0;59.91037607190833
2021-04-09 16:00:00;115.27535383919957;90.0;59.43118990123321
2021-04-09 17:00:00;119.63898623967853;90.0;58.50232101896222
2021-04-09 18:00:00;128.3935034939496;90.0;57.27731381417078
2021-04-09 19:00:00;141.26531106807184;90.0;57.67422144364144
2021-04-09 20:00:00;145.45251294263335;90.0;57.53473235272759
2021-04-09 21:00:00;134.85000887195312;90.0;59.6477143766665
2021-04-09 22:00:00;115.99522553346516;90.0;60.70079761161787
2021-04-09 23:00:00;88.59761348526979;90.0;60.31919038183605
2021-04-10 00:00:00;86.77622046968312;90.0;60.19845665229985
2021-04-10 01:00:00;95.77961990296102;90.0;57.65302102448646
2021-04-10 02:00:00;88.54659224844606;90.0;59.62283085448678
2021-04-10 03:00:00;96.26456825224777;90.0;57.56933410177868
2021-04-10 04:00:00;133.0545710133536;90.0;57.53354989278222
2021-04-10 05:00:00;192.02842550055374;90.0;57.665979883359626
2021-04-10 06:00:00;197.4556426753882;90.0;57.62316567245597
2021-04-10 07:00:00;190.40580658069095;90.0;58.96235741227389
2021-04-10 08:00:00;184.19736663585934;90.0;59.77707947451711
2021-04-10 09:00:00;172.92029264323156;90.0;60.93478373482924
2021-04-10 10:00:00;166.84858951257388;90.0;61.163955302483544
2021-04-10 11:00:00;161.2428876433893;90.0;60.970259871230496
2021-04-10 12:00:00;157.01398157678494;90.0;60.985232545009126
2021-04-10 13:00:00;154.16488418339068;90.0;60.82232129782648
2021-04-10 14:00:00;152.71956782686888;90.0;60.522330170120824
2021-04-10 15:00:00;157.56503688790292;90.0;59.47259984305566
2021-04-10 16:00:00;166.6783624980423;90.0;58.21550764829908
2021-04-10 17:00:00;176.07927970056798;90.0;57.49818032757844
2021-04-10 18:00:00;186.55959418848965;90.0;57.675800991840674
2021-04-10 19:00:00;195.87920373424515;90.0;57.89719489948857
2021-04-10 20:00:00;197.1236694607264;90.0;58.24105001798819
2021-04-10 21:00:00;180.7876329386504;90.0;60.40491172807407
2021-04-10 22:00:00;152.20038538382624;90.0;60.73368157241367
2021-04-10 23:00:00;114.85452616741779;90.0;60.70637381662658
2021-04-11 00:00:00;95.67590579223904;90.0;60.480001665665384
2021-04-11 01:00:00;99.02646034525661;90.0;59.22583239666818
2021-04-11 02:00:00;88.91489953427708;90.0;60.339841147066124
2021-04-11 03:00:00;98.18833956254423;90.0;57.75151798431517
2021-04-11 04:00:00;133.05854059416484;90.0;57.39525544063213
2021-04-11 05:00:00;194.06874690486234;90.0;57.62269925792572
2021-04-11 06:00:00;193.61332719754196;90.0;58.24094703892831
2021-04-11 07:00:00;199.70296543285716;90.0;57.94544046194892
2021-04-11 08:00:00;192.20892506687483;90.0;59.215843421902946
2021-04-11 09:00:00;178.87690617308428;90.0;60.743649036619104
2021-04-11 10:00:00;172.1276495993205;90.0;61.09303337610254
2021-04-11 11:00:00;167.00345756413967;90.0;61.162968517157765
2021-04-11 12:00:00;164.18808413057192;90.0;60.93837374055778
2021-04-11 13:00:00;161.738750847209;90.0;60.735232918038434
2021-04-11 14:00:00;150.0012041059602;90.0;61.02707938204253
2021-04-11 15:00:00;166.46938008644642;90.0;58.30824478214549
2021-04-11 16:00:00;174.73505176513194;90.0;57.58887733778238
2021-04-11 17:00:00;183.64998957068852;90.0;57.82400102338869
2021-04-11 18:00:00;193.41281022760583;90.0;57.91493232921238
2021-04-11 19:00:00;203.33780737241324;90.0;57.90863748024856
2021-04-11 20:00:00;205.84079378257348;90.0;58.13068744629527
2021-04-11 21:00:00;171.13724474023226;90.0;60.87603698491847
2021-04-11 22:00:00;148.61977405616977;90.0;60.811112124459044
2021-04-11 23:00:00;111.71418344140402;90.0;60.7145226799766
2021-04-12 00:00:00;87.99542586018379;90.0;60.22158445490231
2021-04-12 01:00:00;95.21068458377918;90.0;58.0886139070484
2021-04-12 02:00:00;96.72392547301676;90.0;57.96484083794371
2021-04-12 03:00:00;103.90417967341085;90.0;57.33831451001714
2021-04-12 04:00:00;127.51787616418243;90.0;57.463945686879356
2021-04-12 05:00:00;187.72716240539023;90.0;57.5841749294637
2021-04-12 06:00:00;187.63767845839465;90.0;58.169087294552526
2021-04-12 07:00:00;193.01122705901625;90.0;57.949162392190885
2021-04-12 08:00:00;186.11442348550915;90.0;59.17239084691789
2021-04-12 09:00:00;174.1311538423898;90.0;60.598800468064326
2021-04-12 10:00:00;168.33241574800746;90.0;60.892809353052655
2021-04-12 11:00:00;162.96095944450215;90.0;61.06119469306998
2021-04-12 12:00:00;162.47221903288738;90.0;60.576022846198384
2021-04-12 13:00:00;158.10725158440934;90.0;60.72563838635779
2021-04-12 14:00:00;156.93492621461456;90.0;60.42119821985273
2021-04-12 15:00:00;162.06328412800914;90.0;59.38891135034805
2021-04-12 16:00:00;169.78616124253554;90.0;58.36828565361242
2021-04-12 17:00:00;178.08906301789062;90.0;57.64898850636092
2021-04-12 18:00:00;186.71277007737484;90.0;57.8909296443415
2021-04-12 19:00:00;194.18972461318543;90.0;57.52503140445748
2021-04-12 20:00:00;194.31954287045863;90.0;58.11254468861506
2021-04-12 21:00:00;178.65779931749915;90.0;60.26735342363037
2021-04-12 22:00:00;151.43020230423622;90.0;60.939257559549844
2021-04-12 23:00:00;114.10929127155443;90.0;60.7472197662255
2021-04-13 00:00:00;70.92592062088617;90.0;59.98015399219702
2021-04-13 01:00:00;77.96058740604263;90.0;57.48629363387607
2021-04-13 02:00:00;72.04268063671967;90.0;59.409962026138714
2021-04-13 03:00:00;78.82805026303767;90.0;57.189900024519886
2021-04-13 04:00:00;106.92356239504399;90.0;57.17578451518932
2021-04-13 05:00:00;153.50646914777786;90.0;57.54359275729081
2021-04-13 06:00:00;157.7336632382301;90.0;57.51081782275941
2021-04-13 07:00:00;151.88588686141782;90.0;58.86787921246764
2021-04-13 08:00:00;147.37930100759158;90.0;59.596699504727326
2021-04-13 09:00:00;139.44408836751842;90.0;60.59597202805895
2021-04-13 10:00:00;140.89285069196566;90.0;59.931848252800364
2021-04-13 11:00:00;132.47093761727436;90.0;60.93697909597063
2021-04-13 12:00:00;129.33023814250535;90.0;60.855096438740134
2021-04-13 13:00:00;124.99732823667019;90.0;60.891000475061105
2021-04-13 14:00:00;119.57309106767295;90.0;60.53330685317877
2021-04-13 15:00:00;117.11986782213354;90.0;60.47136175235613
2021-04-13 16:00:00;116.89752641616705;90.0;60.0387315839979
2021-04-13 17:00:00;121.28639713736007;90.0;58.9374743830781
2021-04-13 18:00:00;132.72067040544957;90.0;57.40770429370065
2021-04-13 19:00:00;147.6959996718211;90.0;57.63121259976435
2021-04-13 20:00:00;155.92108346811966;90.0;57.72203886729358
2021-04-13 21:00:00;139.26309550764952;90.0;60.55054125688059
2021-04-13 22:00:00;119.27523032665093;90.0;60.53245346858256
2021-04-13 23:00:00;90.53028654593861;90.0;60.350243005937955
2021-04-14 00:00:00;67.32531247727516;90.0;59.85564830837069
2021-04-14 01:00:00;73.18170199261203;90.0;57.60210327517029
2021-04-14 02:00:00;56.528059507330234;90.0;59.56695985477626
2021-04-14 03:00:00;62.36556730417059;90.0;56.98474786196397
2021-04-14 04:00:00;98.79027602740689;90.0;57.06874206598803
2021-04-14 05:00:00;142.1970839170341;90.0;57.482040285168864
2021-04-14 06:00:00;145.13720852689195;90.0;57.59395620552573
2021-04-14 07:00:00;140.14277882653735;90.0;58.8420401585841
2021-04-14 08:00:00;150.04426945951582;90.0;57.49318107398068
2021-04-14 09:00:00;137.46898407228772;90.0;59.873399452505964
2021-04-14 10:00:00;130.5849764291299;90.0;60.682326598659586
2021-04-14 11:00:00;123.55525448560184;90.0;60.60933240689661
2021-04-14 12:00:00;120.52100678990578;90.0;60.619948371017756
2021-04-14 13:00:00;116.24531199399914;90.0;60.74628328237088
2021-04-14 14:00:00;111.15914315337143;90.0;60.52119641226545
2021-04-14 15:00:00;110.87376004568357;90.0;60.06974392538575
2021-04-14 16:00:00;111.2001100268969;90.0;59.6405732144209
2021-04-14 17:00:00;114.95400024886062;90.0;58.71877469355019
2021-04-14 18:00:00;124.1957855298326;90.0;57.163107539632335
2021-04-14 19:00:00;137.51673752063468;90.0;57.56907995283808
2021-04-14 20:00:00;141.50243501627298;90.0;57.471104087020535
2021-04-14 21:00:00;130.5554932946699;90.0;59.69763056008503
2021-04-14 22:00:00;112.19639917020064;90.0;60.70075363325793
2021-04-14 23:00:00;85.52026838257378;90.0;60.28156787726272
2021-04-15 00:00:00;62.38967613722095;90.0;59.79734633783278
2021-04-15 01:00:00;68.46411437189207;90.0;57.32059606608112
2021-04-15 02:00:00;62.81818735107433;90.0;59.36124659415077
2021-04-15 03:00:00;68.36323333715488;90.0;57.192318362306935
2021-04-15 04:00:00;94.07556546260034;90.0;57.01573054686003
2021-04-15 05:00:00;134.11472871093486;90.0;57.47380065669665
2021-04-15 06:00:00;137.9254801213901;90.0;57.412669586749075
2021-04-15 07:00:00;132.1609447790164;90.0;58.86942743228002
2021-04-15 08:00:00;140.57954103873683;90.0;57.63585576693964
2021-04-15 09:00:00;130.04347576457408;90.0;59.74774386475963
2021-04-15 10:00:00;122.4742405416177;90.0;60.75233476303754
2021-04-15 11:00:00;115.27873842334083;90.0;60.67887698385766
2021-04-15 12:00:00;112.6116694359327;90.0;60.61454108726616
2021-04-15 13:00:00;106.30657355991386;90.0;60.51636799890605
2021-04-15 14:00:00;107.06135349641181;90.0;59.852354268926604
2021-04-15 15:00:00;98.78069922856044;90.0;60.42548382161914
2021-04-15 16:00:00;98.62810029029852;90.0;59.93395944496217
2021-04-15 17:00:00;101.68994973369759;90.0;58.93254763541262
2021-04-15 18:00:00;120.15085919222042;90.0;57.405635824240164
2021-04-15 19:00:00;129.81307790566981;90.0;57.32906415659323
2021-04-15 20:00:00;134.47222222096306;90.0;57.39251427994043
2021-04-15 21:00:00;132.05280097303762;90.0;58.33793150861197
2021-04-15 22:00:00;109.83971404731197;90.0;60.56630856685018
2021-04-15 23:00:00;80.1951756727365;90.0;60.08231963834555
2021-04-16 00:00:00;50.98853456059072;90.0;59.24951921006726
2021-04-16 01:00:00;45.91678035142947;90.0;58.89586725782698
2021-04-16 02:00:00;45.7625886635368;90.0;58.38636399639364
2021-04-16 03:00:00;49.71612193178222;90.0;56.32966856133788
2021-04-16 04:00:00;73.80476376868737;90.0;56.69770343605529
2021-04-16 05:00:00;109.98190232833737;90.0;57.286650710485276
2021-04-16 06:00:00;132.4678503136592;90.0;57.49138945902223
2021-04-16 07:00:00;116.36498200186874;90.0;60.68839854398777
2021-04-16 08:00:00;108.7808415845311;90.0;60.71063292130049
2021-04-16 09:00:00;101.56951129279301;90.0;60.59043531877654
2021-04-16 10:00:00;100.51378719111479;90.0;60.23993949762996
2021-04-16 11:00:00;96.58862510285148;90.0;60.583786013947474
2021-04-16 12:00:00;97.3107520942145;90.0;59.85216944397928
2021-04-16 13:00:00;85.97461365928017;90.0;60.21086764140125
2021-04-16 14:00:00;86.41705023174384;90.0;59.584590558704804
2021-04-16 15:00:00;85.5309125112719;90.0;59.46780858662203
2021-04-16 16:00:00;86.81178586468133;90.0;58.86917703302652
2021-04-16 17:00:00;89.22768266760708;90.0;58.20792464353758
2021-04-16 18:00:00;95.84094929690522;90.0;56.850649537336324
2021-04-16 19:00:00;103.90265849394434;90.0;57.181003306409195
2021-04-16 20:00:00;107.78201458332174;90.0;57.21148219792326
2021-04-16 21:00:00;105.77894748318907;90.0;58.157556308149424
2021-04-16 22:00:00;88.40370287539473;90.0;60.24974845939795
2021-04-16 23:00:00;65.17088463122205;90.0;59.822745068620236
2021-04-17 00:00:00;55.765046336579644;90.0;59.5357913447657
2021-04-17 01:00:00;50.96014532754143;90.0;59.06174020104544
2021-04-17 02:00:00;49.77813223154168;90.0;58.999151357648884
2021-04-17 03:00:00;54.07529132663986;90.0;56.81359888727633
2021-04-17 04:00:00;81.06899472759162;90.0;56.810204797432164
2021-04-17 05:00:00;121.63024085705916;90.0;57.348043791859084
2021-04-17 06:00:00;148.79802368637186;90.0;57.57336979086597
2021-04-17 07:00:00;131.32979722448835;90.0;60.68251273835767
2021-04-17 08:00:00;122.83182055045529;90.0;60.7740679420678
2021-04-17 09:00:00;114.0782619185647;90.0;60.77587784623341
2021-04-17 10:00:00;107.80230445684295;90.0;60.58867056011559
2021-04-17 11:00:00;101.9817773005254;90.0;60.44346088881093
2021-04-17 12:00:00;99.77536979735082;90.0;60.370619797521954
2021-04-17 13:00:00;94.32364236121776;90.0;60.289682085195864
2021-04-17 14:00:00;95.11081582176071;90.0;59.618431148424804
2021-04-17 15:00:00;87.0812005716986;90.0;60.326091592386035
2021-04-17 16:00:00;95.14888111361185;90.0;57.95640419845836
2021-04-17 17:00:00;97.85465576051666;90.0;57.62112120015149
2021-04-17 18:00:00;104.08679310412352;90.0;57.32160625486989
2021-04-17 19:00:00;114.11234239871796;90.0;57.20871360413929
2021-04-17 20:00:00;119.53488098364672;90.0;57.37573277344859
2021-04-17 21:00:00;119.1282624246736;90.0;57.980576816668474
2021-04-17 22:00:00;98.46244011632594;90.0;60.41721794516474
2021-04-17 23:00:00;71.66460483049465;90.0;60.10141700824158
2021-04-18 00:00:00;54.432967849149485;90.0;59.440685080137484
2021-04-18 01:00:00;48.0501896533717;90.0;59.05212253144316
2021-04-18 02:00:00;47.082483222973465;90.0;58.87281222778097
2021-04-18 03:00:00;62.41907530289252;90.0;56.280496149688815
2021-04-18 04:00:00;80.51146916338422;90.0;56.792062784280176
2021-04-18 05:00:00;114.82787652695987;90.0;57.34732807501325
2021-04-18 06:00:00;148.8698037620383;90.0;57.37098236846572
2021-04-18 07:00:00;129.24075287641963;90.0;60.78308961374444
2021-04-18 08:00:00;119.5789058725084;90.0;60.90079674488953
2021-04-18 09:00:00;110.93796677836437;90.0;60.67956359808761
2021-04-18 10:00:00;105.00943122957862;90.0;60.49775178105597
2021-04-18 11:00:00;99.80882362093678;90.0;60.31435753570696
2021-04-18 12:00:00;105.31394787256541;90.0;58.72704071151111
2021-04-18 13:00:00;92.45416210482234;90.0;60.46392847253037
2021-04-18 14:00:00;93.00278272877945;90.0;59.77817459820716
2021-04-18 15:00:00;85.4599368117583;90.0;60.33205792613876
2021-04-18 16:00:00;85.10391493249477;90.0;59.853711944777615
2021-04-18 17:00:00;98.70126058252826;90.0;57.17467561679763
2021-04-18 18:00:00;104.74940655138303;90.0;57.259764897434366
2021-04-18 19:00:00;112.26178788711765;90.0;57.19849865556034
2021-04-18 20:00:00;116.35674972668622;90.0;57.12914258477019
2021-04-18 21:00:00;114.83671198992715;90.0;58.01576130857768
2021-04-18 22:00:00;95.88915661894751;90.0;60.29724032894745
2021-04-18 23:00:00;70.16096356775331;90.0;60.011170447908796
2021-04-19 00:00:00;49.88845887859987;90.0;59.118717220022916
2021-04-19 01:00:00;44.33210198468084;90.0;58.80890491710409
2021-04-19 02:00:00;52.66046901363645;90.0;55.94800140954629
2021-04-19 03:00:00;56.84313953726498;90.0;56.025688054186276
2021-04-19 04:00:00;73.29130365908337;90.0;56.65685066314654
2021-04-19 05:00:00;104.09719798667793;90.0;57.18023175585341
2021-04-19 06:00:00;106.19967133489656;90.0;57.31188853228224
2021-04-19 07:00:00;115.83815948953881;90.0;57.110405401556875
2021-04-19 08:00:00;107.7275035123777;90.0;59.236905896409326
2021-04-19 09:00:00;99.5486320976955;90.0;60.60985599175194
2021-04-19 10:00:00;98.49877856956213;90.0;60.247964473139916
2021-04-19 11:00:00;94.51815170001332;90.0;60.60859776447779
2021-04-19 12:00:00;94.38174309468742;90.0;60.04014695122032
2021-04-19 13:00:00;84.21170750150523;90.0;60.15062511033443
2021-04-19 14:00:00;84.29450353739351;90.0;59.61631191903962
2021-04-19 15:00:00;79.05108103054165;90.0;60.21212260988807
2021-04-19 16:00:00;79.5140682789705;90.0;59.52356768214389
2021-04-19 17:00:00;82.16126455876353;90.0;58.5015674537525
2021-04-19 18:00:00;86.9549614759489;90.0;57.32294943479536
2021-04-19 19:00:00;102.08660995115173;90.0;57.02586559302915
2021-04-19 20:00:00;105.06771250593891;90.0;57.01923863528981
2021-04-19 21:00:00;102.96600749733622;90.0;58.05445616753525
2021-04-19 22:00:00;86.35872240459628;90.0;60.15480828332193
2021-04-19 23:00:00;63.84647785418203;90.0;59.748198551062444
2021-04-20 00:00:00;42.37745387373385;90.0;58.81088799533535
2021-04-20 01:00:00;37.428036185541764;90.0;58.316696703613616
2021-04-20 02:00:00;37.81825387883009;90.0;57.474412949788075
2021-04-20 03:00:00;41.70588213303759;90.0;55.36032609514217
2021-04-20 04:00:00;60.43487879192282;90.0;56.18617900331725
2021-04-20 05:00:00;89.07805189257238;90.0;57.0028589476733
2021-04-20 06:00:00;107.14099331870405;90.0;57.39637736420184
2021-04-20 07:00:00;93.0338039389995;90.0;60.213388004410774
2021-04-20 08:00:00;86.36478165165279;90.0;60.40251165698032
2021-04-20 09:00:00;86.93735942921558;90.0;59.68984224833207
2021-04-20 10:00:00;80.98914046982502;90.0;60.0451371122727
2021-04-20 11:00:00;77.65185377261712;90.0;60.27974662505602
2021-04-20 12:00:00;77.2755174297191;90.0;59.77774448551435
2021-04-20 13:00:00;70.6558143248711;90.0;59.894309215830276
2021-04-20 14:00:00;70.08335875109161;90.0;59.51792994429911
2021-04-20 15:00:00;66.98209328362168;90.0;59.999592807926206
2021-04-20 16:00:00;67.7319653295625;90.0;59.17086259604832
2021-04-20 17:00:00;69.60283450371111;90.0;58.28251043130223
2021-04-20 18:00:00;73.78084603518961;90.0;57.05979984848017
2021-04-20 19:00:00;76.4433372737778;90.0;56.759057803033386
2021-04-20 20:00:00;86.80865619633111;90.0;56.91986981265552
2021-04-20 21:00:00;84.58875286518003;90.0;58.02414248824533
2021-04-20 22:00:00;72.00231833925825;90.0;59.86424293330094
2021-04-20 23:00:00;53.74946660186524;90.0;59.26120398989485
2021-04-21 00:00:00;67.37651309288377;90.0;56.60493174043114
2021-04-21 01:00:00;72.97315012348069;90.0;56.48998481556015
2021-04-21 02:00:00;67.77442943365618;90.0;58.6372138748938
2021-04-21 03:00:00;73.9222666971412;90.0;56.69199889510128
2021-04-21 04:00:00;99.5766768695459;90.0;57.08797595213019
2021-04-21 05:00:00;142.77203431752173;90.0;57.49957050126642
2021-04-21 06:00:00;146.96924959857506;90.0;57.42556344942369
2021-04-21 07:00:00;141.87764025311776;90.0;58.740922462028834
2021-04-21 08:00:00;137.51312564377682;90.0;59.515639556134886
2021-04-21 09:00:00;129.5286254651386;90.0;60.61070958510555
2021-04-21 10:00:00;131.84671994678615;90.0;59.7685616718835
2021-04-21 11:00:00;123.82877882121332;90.0;60.827114999733055
2021-04-21 12:00:00;120.70333221748437;90.0;60.787219070550975
2021-04-21 13:00:00;116.46568399926403;90.0;60.63767809938139
2021-04-21 14:00:00;111.94283931967533;90.0;60.58793943346018
2021-04-21 15:00:00;113.15286612630057;90.0;59.848251932967855
2021-04-21 16:00:00;116.27649783232059;90.0;58.993663602383094
2021-04-21 17:00:00;120.72717482291314;90.0;58.195695443028455
2021-04-21 18:00:00;128.21160876518732;90.0;57.18509274861327
2021-04-21 19:00:00;138.26780808167973;90.0;57.292476775702596
2021-04-21 20:00:00;144.3041740293017;90.0;57.60385623751995
2021-04-21 21:00:00;142.91754233271246;90.0;58.31508379655264
2021-04-21 22:00:00;118.43808172707566;90.0;60.65626512234229
2021-04-21 23:00:00;85.65504420698726;90.0;60.24879288181194
2021-04-22 00:00:00;24.23208313270634;90.0;56.11931534502196
2021-04-22 01:00:00;22.207702637944184;90.0;55.72558649540349
2021-04-22 02:00:00;22.3126209686035;90.0;54.8508657293479
2021-04-22 03:00:00;23.84598141129017;90.0;53.368792472829
2021-04-22 04:00:00;32.375958065397946;90.0;54.348613057337616
2021-04-22 05:00:00;45.001818098456624;90.0;55.63470409981119
2021-04-22 06:00:00;49.68198595800294;90.0;55.59548571783034
2021-04-22 07:00:00;48.39932040702288;90.0;56.818380591046036
2021-04-22 08:00:00;41.88632511980648;90.0;58.76400893989751
2021-04-22 09:00:00;43.3897923660495;90.0;57.434100866246865
2021-04-22 10:00:00;41.86861230300398;90.0;58.0004603031187
2021-04-22 11:00:00;40.87167047859599;90.0;58.095061888095984
2021-04-22 12:00:00;40.966443339479206;90.0;57.61262966319242
2021-04-22 13:00:00;38.50192705243492;90.0;58.44170754047053
2021-04-22 14:00:00;39.157176029110495;90.0;57.47476577882372
2021-04-22 15:00:00;36.483836453492906;90.0;58.18174116394539
2021-04-22 16:00:00;36.04714382832111;90.0;57.78017887598543
2021-04-22 17:00:00;37.80225027824399;90.0;56.36036877834948
2021-04-22 18:00:00;39.221627540099654;90.0;55.73734673978055
2021-04-22 19:00:00;40.03747273601527;90.0;55.718659358552316
2021-04-22 20:00:00;42.665042527643045;90.0;55.320544713181846
2021-04-22 21:00:00;41.36455400925704;90.0;56.58616695422205
2021-04-22 22:00:00;39.881122772135946;90.0;57.42613938820551
2021-04-22 23:00:00;32.598235273465015;90.0;57.6592773707394
2021-04-23 00:00:00;22.9291622761635;90.0;55.92876556472311
2021-04-23 01:00:00;23.97656573213733;90.0;54.40597755194051
2021-04-23 02:00:00;19.927067084394377;90.0;55.00255663432495
2021-04-23 03:00:00;20.50563989697954;90.0;53.69075131391031
2021-04-23 04:00:00;28.505092892619768;90.0;53.8138317416782
2021-04-23 05:00:00;37.606958957878696;90.0;54.839744903898065
2021-04-23 06:00:00;39.636218975685786;90.0;55.288151355217735
2021-04-23 07:00:00;36.88870131157121;90.0;57.26135151368777
2021-04-23 08:00:00;33.93759795486518;90.0;57.82955554653927
2021-04-23 09:00:00;34.865380891064774;90.0;56.703252164356684
2021-04-23 10:00:00;33.663380689468035;90.0;57.2173772774193
2021-04-23 11:00:00;32.95988382145599;90.0;57.21612033227342
2021-04-23 12:00:00;33.022059695153814;90.0;56.74620883258615
2021-04-23 13:00:00;31.187460709833022;90.0;57.4525065849636
2021-04-23 14:00:00;31.661993431444444;90.0;56.54417126290781
2021-04-23 15:00:00;29.68066250788423;90.0;57.302188518421076
2021-04-23 16:00:00;29.3406425515114;90.0;56.84512030365147
2021-04-23 17:00:00;30.63364805925914;90.0;55.53429629264491
2021-04-23 18:00:00;31.69018449535425;90.0;54.99316966624184
2021-04-23 19:00:00;32.06733904705207;90.0;55.14197070058367
2021-04-23 20:00:00;34.231529570617106;90.0;54.664375267271566
2021-04-23 21:00:00;33.234307090094376;90.0;55.86421605257266
2021-04-23 22:00:00;32.34519306814147;90.0;56.47422185963865
2021-04-23 23:00:00;25.136788760782895;90.0;56.57804594088964
2021-04-24 00:00:00;28.195563885196325;90.0;53.89943058341419
2021-04-24 01:00:00;28.282483896653737;90.0;54.4712046888456
2021-04-24 02:00:00;26.978388827935596;90.0;55.695571388401504
2021-04-24 03:00:00;28.638455750589525;90.0;54.385123299724
2021-04-24 04:00:00;38.367484388716726;90.0;54.88457191266173
2021-04-24 05:00:00;53.85190651058124;90.0;56.07176692007266
2021-04-24 06:00:00;59.94875100563973;90.0;56.41668631156375
2021-04-24 07:00:00;58.4516744152395;90.0;57.46755462837069
2021-04-24 08:00:00;53.265274942273344;90.0;59.462024972961274
2021-04-24 09:00:00;51.99078309775748;90.0;59.32859078140382
2021-04-24 10:00:00;50.236112592000374;90.0;59.30672548672186
2021-04-24 11:00:00;49.28446787064072;90.0;59.06429736632202
2021-04-24 12:00:00;49.27790793834391;90.0;58.50877878691233
2021-04-24 13:00:00;46.24675041127995;90.0;59.01467309184278
2021-04-24 14:00:00;47.31128290886138;90.0;57.95259644464119
2021-04-24 15:00:00;43.618514528422125;90.0;58.66469483711177
2021-04-24 16:00:00;42.80526656962244;90.0;58.47327777653908
2021-04-24 17:00:00;45.46586755879343;90.0;56.770379688124024
2021-04-24 18:00:00;46.647286679851575;90.0;56.4209651330836
2021-04-24 19:00:00;49.20917069840077;90.0;55.77954665017245
2021-04-24 20:00:00;51.11893555677087;90.0;55.890641078941144
2021-04-24 21:00:00;51.06703503868209;90.0;56.52046774874145
2021-04-24 22:00:00;45.5814819272306;90.0;58.797977838717884
2021-04-24 23:00:00;36.67110587914435;90.0;58.256496452391445
2021-04-25 00:00:00;36.363839226511864;90.0;57.76924762721649
2021-04-25 01:00:00;34.98601199776139;90.0;58.02236742667827
2021-04-25 02:00:00;33.707611171826876;90.0;57.90445402473625
2021-04-25 03:00:00;36.276676268440774;90.0;55.84693052512347
2021-04-25 04:00:00;50.34938730406571;90.0;55.7219799721596
2021-04-25 05:00:00;72.56744735634729;90.0;56.576380111414664
2021-04-25 06:00:00;82.57323602081162;90.0;56.81367629753555
2021-04-25 07:00:00;79.65349867894506;90.0;58.1394259618869
2021-04-25 08:00:00;71.21224493461177;90.0;59.79099365849987
2021-04-25 09:00:00;69.51983542547094;90.0;59.77486910704374
2021-04-25 10:00:00;67.1601428011492;90.0;59.957456619214895
2021-04-25 11:00:00;66.05838613375657;90.0;59.70042622150578
2021-04-25 12:00:00;66.51437482426498;90.0;59.04299341990503
2021-04-25 13:00:00;62.257806858942;90.0;59.71390109238291
2021-04-25 14:00:00;64.38914391065761;90.0;58.4659434923683
2021-04-25 15:00:00;58.723050731916445;90.0;59.42159584611636
2021-04-25 16:00:00;54.95948182083037;90.0;59.40224045929722
2021-04-25 17:00:00;56.5683784927502;90.0;58.25999994408198
2021-04-25 18:00:00;59.82198498557618;90.0;56.96378600127065
2021-04-25 19:00:00;62.37740296196663;90.0;56.44250536067989
2021-04-25 20:00:00;71.36987281055016;90.0;56.58791658498711
2021-04-25 21:00:00;69.42688359676211;90.0;57.739494082932765
2021-04-25 22:00:00;59.07939762569198;90.0;59.48081061232972
2021-04-25 23:00:00;44.80102984676217;90.0;58.97365578854698
2021-04-26 00:00:00;39.520091093951805;90.0;58.41965811323581
2021-04-26 01:00:00;36.085282967600556;90.0;58.10257315849435
2021-04-26 02:00:00;35.065451559198785;90.0;58.03108104027888
2021-04-26 03:00:00;37.71738016675583;90.0;55.99628328315026
2021-04-26 04:00:00;56.583936673861004;90.0;56.05012008872535
2021-04-26 05:00:00;82.32928309139783;90.0;56.846025666516255
2021-04-26 06:00:00;98.1509623999801;90.0;57.01751004188736
2021-04-26 07:00:00;84.71034217172333;90.0;60.26143954956012
2021-04-26 08:00:00;79.46055966363546;90.0;60.200465568430786
2021-04-26 09:00:00;79.37450778323203;90.0;59.66077395926487
2021-04-26 10:00:00;74.15586087034112;90.0;59.905225875515214
2021-04-26 11:00:00;71.21096917967074;90.0;60.1011706555513
2021-04-26 12:00:00;75.07947536292895;90.0;58.43145892128581
2021-04-26 13:00:00;70.02974490395844;90.0;59.810316311053384
2021-04-26 14:00:00;72.74106779136835;90.0;58.52414275582902
2021-04-26 15:00:00;65.10261368142402;90.0;59.85046183893655
2021-04-26 16:00:00;63.062077765048194;90.0;59.80624742156766
2021-04-26 17:00:00;64.70648196355226;90.0;58.70078666648959
2021-04-26 18:00:00;68.88980838477431;90.0;57.20871436902547
2021-04-26 19:00:00;71.23891738911077;90.0;56.85760046846457
2021-04-26 20:00:00;75.34925778954782;90.0;56.83945814027214
2021-04-26 21:00:00;77.20601176105382;90.0;56.86075265640113
2021-04-26 22:00:00;65.81965166060714;90.0;59.82227501643263
2021-04-26 23:00:00;49.5762283593075;90.0;59.09684851375647
2021-04-27 00:00:00;67.76735000515406;90.0;56.52191684216126
2021-04-27 01:00:00;62.11645993577481;90.0;58.87174829563975
2021-04-27 02:00:00;59.61966309035095;90.0;59.39612551022924
2021-04-27 03:00:00;77.95192235856882;90.0;56.72813393447859
2021-04-27 04:00:00;101.37626700338693;90.0;57.0203092376434
2021-04-27 05:00:00;145.9954819663442;90.0;57.491172401683286
2021-04-27 06:00:00;149.39984091845312;90.0;57.551679656340696
2021-04-27 07:00:00;145.11092930255057;90.0;58.699302181376595
2021-04-27 08:00:00;141.2316546661222;90.0;59.408470956964095
2021-04-27 09:00:00;133.1026571515213;90.0;60.53597685486335
2021-04-27 10:00:00;128.79993526967354;90.0;60.754510748699886
2021-04-27 11:00:00;127.44509811461184;90.0;60.446299019721664
2021-04-27 12:00:00;124.17310036429141;90.0;60.53979963262918
2021-04-27 13:00:00;119.15624999871565;90.0;60.80297879665187
2021-04-27 14:00:00;111.90154947631285;90.0;60.71699378575482
2021-04-27 15:00:00;110.52483300674784;90.0;60.40705555991087
2021-04-27 16:00:00;111.498253747215;90.0;59.755044155986695
2021-04-27 17:00:00;116.10158104110884;90.0;58.647889246167495
2021-04-27 18:00:00;127.04508824373973;90.0;57.57738326649297
2021-04-27 19:00:00;141.39222618943572;90.0;57.65212145421708
2021-04-27 20:00:00;148.99501615635612;90.0;57.64786671197703
2021-04-27 21:00:00;148.20445709162013;90.0;58.26297455011786
2021-04-27 22:00:00;122.11109026567986;90.0;60.724593726914804
2021-04-27 23:00:00;88.00425603429078;90.0;60.31757305807281
2021-04-28 00:00:00;72.0760660976349;90.0;60.0203565406963
2021-04-28 01:00:00;62.959305321634226;90.0;59.64159829873495
2021-04-28 02:00:00;62.398573413160264;90.0;59.28184288929839
2021-04-28 03:00:00;68.60999346094557;90.0;56.918364123580204
2021-04-28 04:00:00;106.77867089364827;90.0;57.168011442511045
2021-04-28 05:00:00;162.95974855901983;90.0;57.49292808921672
2021-04-28 06:00:00;159.5345238294807;90.0;58.51851946143256
2021-04-28 07:00:00;155.28822031906142;90.0;59.311089899348644
2021-04-28 08:00:00;151.6250356227218;90.0;59.77387052164846
2021-04-28 09:00:00;142.5626669528628;90.0;60.851619908507814
2021-04-28 10:00:00;137.5789027886717;90.0;60.94893146443093
2021-04-28 11:00:00;133.37076524218955;90.0;61.0165370753362
2021-04-28 12:00:00;133.15015848391226;90.0;60.461072501486
2021-04-28 13:00:00;127.59976792687016;90.0;60.898245336918535
2021-04-28 14:00:00;119.72090688501075;90.0;60.82077284092924
2021-04-28 15:00:00;117.87407192281158;90.0;60.5691726162288
2021-04-28 16:00:00;117.82468592277459;90.0;60.0799744284019
2021-04-28 17:00:00;145.95416487256648;90.0;57.42730350362223
2021-04-28 18:00:00;152.21429694216175;90.0;57.707810865512215
2021-04-28 19:00:00;157.36087763348777;90.0;57.48980838969237
2021-04-28 20:00:00;157.2025678205714;90.0;58.08081626614842
2021-04-28 21:00:00;145.6304196162216;90.0;60.039480827672776
2021-04-28 22:00:00;123.68666074669518;90.0;60.704102333467745
2021-04-28 23:00:00;93.65427247254684;90.0;60.44128280898872
2021-04-29 00:00:00;64.0789562588048;90.0;59.73726009486853
2021-04-29 01:00:00;69.84675917715178;90.0;57.43363334424805
2021-04-29 02:00:00;65.48534748215185;90.0;59.014770783134736
2021-04-29 03:00:00;71.07389901064894;90.0;57.034233208139256
2021-04-29 04:00:00;95.12021571851486;90.0;57.11415079934659
2021-04-29 05:00:00;136.24450682004613;90.0;57.47788801488991
2021-04-29 06:00:00;139.86662427933777;90.0;57.45743517660736
2021-04-29 07:00:00;134.99262025878454;90.0;58.75202081891922
2021-04-29 08:00:00;130.95721729567353;90.0;59.48969535229895
2021-04-29 09:00:00;123.78193274603778;90.0;60.50716081225062
2021-04-29 10:00:00;125.79046788479447;90.0;59.71469377071071
2021-04-29 11:00:00;117.81425884575326;90.0;60.830246745373074
2021-04-29 12:00:00;114.98671061025183;90.0;60.746299614554744
2021-04-29 13:00:00;111.47705865898999;90.0;60.71365290286383
2021-04-29 14:00:00;109.22271719974863;90.0;60.564849361239226
2021-04-29 15:00:00;100.30985434571978;90.0;60.52181008632107
2021-04-29 16:00:00;101.55071411263728;90.0;59.72334886078556
2021-04-29 17:00:00;105.26845550899947;90.0;58.683215570120524
2021-04-29 18:00:00;111.809130541191;90.0;57.46973705582013
2021-04-29 19:00:00;132.24466326003542;90.0;57.40763470432438
2021-04-29 20:00:00;137.65944807771362;90.0;57.45944104930146
2021-04-29 21:00:00;137.4969838411304;90.0;58.02810188952992
2021-04-29 22:00:00;113.36240388455315;90.0;60.58025433638545
2021-04-29 23:00:00;80.97242886224174;90.0;60.21343952566383
2021-04-30 00:00:00;45.770865051871894;90.0;58.8176737528986
2021-04-30 01:00:00;49.556058240134874;90.0;56.68399449661001
2021-04-30 02:00:00;46.97258899161879;90.0;58.02766655934187
2021-04-30 03:00:00;50.11244932799143;90.0;56.479552801969646
2021-04-30 04:00:00;66.33885959442884;90.0;56.485227089048806
2021-04-30 05:00:00;93.13202273661167;90.0;57.10719852356385
2021-04-30 06:00:00;94.95585018678652;90.0;57.23399806278462
2021-04-30 07:00:00;103.1833169390847;90.0;57.062292064941005
2021-04-30 08:00:00;94.65093769573677;90.0;59.439743088125624
2021-04-30 09:00:00;94.49735092061023;90.0;59.23483596581798
2021-04-30 10:00:00;87.38262625154252;90.0;60.31395850034028
2021-04-30 11:00:00;83.3028858196681;90.0;60.251798146043654
2021-04-30 12:00:00;82.52507009758645;90.0;59.88982655763715
2021-04-30 13:00:00;81.98607624441237;90.0;59.57733789805911
2021-04-30 14:00:00;85.66705940918997;90.0;58.32688942758989
2021-04-30 15:00:00;75.81925879808223;90.0;60.087452857841186
2021-04-30 16:00:00;72.94416207172661;90.0;59.974637205526335
2021-04-30 17:00:00;75.23030589419994;90.0;58.80500465325417
2021-04-30 18:00:00;79.34467942383507;90.0;57.557303885904446
2021-04-30 19:00:00;82.74045517509045;90.0;56.9846619651949
2021-04-30 20:00:00;87.82664340581164;90.0;57.061369521313225
2021-04-30 21:00:00;89.77645771204146;90.0;57.12429448035846
2021-04-30 22:00:00;79.08123465490424;90.0;60.22602824570197
2021-04-30 23:00:00;61.35889501869387;90.0;59.60753099105767
2021-05-01 00:00:00;21.574867524538686;90.0;55.44915060815288
2021-05-01 01:00:00;21.462781433440263;90.0;54.750741990321046
2021-05-01 02:00:00;20.666492652022896;90.0;54.77185092931495
2021-05-01 03:00:00;21.303487358649214;90.0;53.6750883644433
2021-05-01 04:00:00;29.75753640717919;90.0;53.92016525322936
2021-05-01 05:00:00;39.74145644002516;90.0;55.22419087223585
2021-05-01 06:00:00;41.86877372544468;90.0;55.24949301060366
2021-05-01 07:00:00;38.96681779618733;90.0;57.318498103019465
2021-05-01 08:00:00;35.916759432436955;90.0;58.24296094515688
2021-05-01 09:00:00;36.760244188497516;90.0;57.122554047839856
2021-05-01 10:00:00;35.43619434151531;90.0;57.59141810710656
2021-05-01 11:00:00;34.681417280649896;90.0;57.54371314151308
2021-05-01 12:00:00;34.74729756911827;90.0;57.034711408551004
2021-05-01 13:00:00;32.77486965311626;90.0;57.74640525001951
2021-05-01 14:00:00;33.28692567445184;90.0;56.80893079336818
2021-05-01 15:00:00;31.145900987430114;90.0;57.41343413010986
2021-05-01 16:00:00;30.7878611630758;90.0;57.00846755600031
2021-05-01 17:00:00;32.18210071198829;90.0;55.69567740457808
2021-05-01 18:00:00;33.317962896657654;90.0;55.15217480406369
2021-05-01 19:00:00;33.585565902391906;90.0;55.38668931003144
2021-05-01 20:00:00;35.97662875392891;90.0;54.813962467617216
2021-05-01 21:00:00;36.11011552216942;90.0;55.39398867442753
2021-05-01 22:00:00;32.44285458420021;90.0;57.7340810325793
2021-05-01 23:00:00;26.81157468758034;90.0;56.762818765057375
2021-05-02 00:00:00;33.18445540863731;90.0;54.46331334891471
2021-05-02 01:00:00;31.864319155484402;90.0;55.90550494849242
2021-05-02 02:00:00;30.70258633064129;90.0;56.61205442059867
2021-05-02 03:00:00;32.515005719435344;90.0;55.211599423233054
2021-05-02 04:00:00;45.77950760699677;90.0;55.448442494963274
2021-05-02 05:00:00;66.24392738115111;90.0;56.314476012686384
2021-05-02 06:00:00;77.67629247632883;90.0;56.56993502253823
2021-05-02 07:00:00;69.25949371718569;90.0;59.55245588391722
2021-05-02 08:00:00;64.36222205534686;90.0;59.673452687837084
2021-05-02 09:00:00;64.6501006620091;90.0;59.0527983311253
2021-05-02 10:00:00;60.36810749256265;90.0;59.616487775834
2021-05-02 11:00:00;60.15149546293669;90.0;59.12582596342935
2021-05-02 12:00:00;60.41724504602563;90.0;58.63069197473777
2021-05-02 13:00:00;56.20294221758962;90.0;59.36048422869533
2021-05-02 14:00:00;57.83101693211553;90.0;58.250076237484734
2021-05-02 15:00:00;52.64044770492723;90.0;59.19547134424022
2021-05-02 16:00:00;51.50075094094576;90.0;59.09150657176474
2021-05-02 17:00:00;54.93986851317695;90.0;57.27352494831467
2021-05-02 18:00:00;56.37024719632708;90.0;56.909919067295846
2021-05-02 19:00:00;58.97694519693834;90.0;56.29712076652697
2021-05-02 20:00:00;62.01742908631386;90.0;56.2395094805571
2021-05-02 21:00:00;61.94989233859537;90.0;56.89226225075595
2021-05-02 22:00:00;55.02236736009039;90.0;59.31668786479497
2021-05-02 23:00:00;43.59077272947849;90.0;58.849255524603336
2021-05-03 00:00:00;21.5819091544695;90.0;55.36867761598921
2021-05-03 01:00:00;21.631396859558702;90.0;54.59428169639506
2021-05-03 02:00:00;20.59696633230507;90.0;54.89665918716025
2021-05-03 03:00:00;21.60213314622689;90.0;53.46522482003161
2021-05-03 04:00:00;30.733161868899717;90.0;54.09241340526546
2021-05-03 05:00:00;40.19658620447895;90.0;55.17995673425207
2021-05-03 06:00:00;41.81138554357504;90.0;55.24458083016975
2021-05-03 07:00:00;40.36067570643379;90.0;56.60206585467063
2021-05-03 08:00:00;35.88273920646806;90.0;58.078778596409336
2021-05-03 09:00:00;36.773198328642735;90.0;56.98765603705414
2021-05-03 10:00:00;35.43104898409765;90.0;57.51552965186801
2021-05-03 11:00:00;34.67806174128687;90.0;57.49326117411687
2021-05-03 12:00:00;34.74510956893101;90.0;57.00108214906612
2021-05-03 13:00:00;32.77353310301465;90.0;57.72767640444857
2021-05-03 14:00:00;33.28604966281288;90.0;56.79642317734704
2021-05-03 15:00:00;31.14531827804681;90.0;57.40555965108848
2021-05-03 16:00:00;30.787479350487903;90.0;57.003275074862756
2021-05-03 17:00:00;32.181856167969784;90.0;55.69229727291656
2021-05-03 18:00:00;33.31781305924054;90.0;55.1500584153103
2021-05-03 19:00:00;33.87792528511077;90.0;55.22167852563274
2021-05-03 20:00:00;36.093755988907496;90.0;54.83059843557999
2021-05-03 21:00:00;35.10696116226742;90.0;56.0086306046141
2021-05-03 22:00:00;33.76110578665238;90.0;56.88024180433814
2021-05-03 23:00:00;27.886355569036912;90.0;56.77004880343668
2021-05-04 00:00:00;35.575381434812;90.0;54.73761351957319
2021-05-04 01:00:00;31.268820537228027;90.0;57.71461615692709
2021-05-04 02:00:00;29.879283811008833;90.0;57.28031846612578
2021-05-04 03:00:00;30.88958060036214;90.0;56.01264081330578
2021-05-04 04:00:00;47.35935961594344;90.0;55.81953893433263
2021-05-04 05:00:00;64.35848752218166;90.0;56.50869326233783
2021-05-04 06:00:00;67.98562185061867;90.0;56.620168581907535
2021-05-04 07:00:00;65.68087017717058;90.0;57.87410532288811
2021-05-04 08:00:00;60.00562581001576;90.0;59.77002671027077
2021-05-04 09:00:00;59.88332003692543;90.0;59.20031689308149
2021-05-04 10:00:00;56.33672899176579;90.0;59.35384836356826
2021-05-04 11:00:00;54.146430381801665;90.0;59.50209656259182
2021-05-04 12:00:00;53.684777343866834;90.0;59.057005287958305
2021-05-04 13:00:00;53.19904825542956;90.0;58.76078968100046
2021-05-04 14:00:00;55.12144698116177;90.0;57.662792067197756
2021-05-04 15:00:00;47.17725135728973;90.0;58.966488830082085
2021-05-04 16:00:00;47.441586908099815;90.0;58.285222029301224
2021-05-04 17:00:00;48.9237705288662;90.0;57.339035751712174
2021-05-04 18:00:00;51.58133116808207;90.0;56.30585031510327
2021-05-04 19:00:00;53.80529776478989;90.0;56.016830872402466
2021-05-04 20:00:00;57.01027356985849;90.0;56.19203229605728
2021-05-04 21:00:00;57.505694927177814;90.0;56.6008546338432
2021-05-04 22:00:00;51.33859809836258;90.0;59.309495491550194
2021-05-04 23:00:00;40.98246078383762;90.0;58.60964624198266
2021-05-05 00:00:00;61.37978646691276;90.0;56.23887599366367
2021-05-05 01:00:00;58.61692229103293;90.0;57.79461487473719
2021-05-05 02:00:00;56.592967369920416;90.0;58.52527792030838
2021-05-05 03:00:00;60.65748969517874;90.0;56.86581435575971
2021-05-05 04:00:00;88.80761373679991;90.0;56.970481567409536
2021-05-05 05:00:00;133.35312115718767;90.0;57.41683878789945
2021-05-05 06:00:00;163.5738066157385;90.0;57.618896375728184
2021-05-05 07:00:00;144.22385914255688;90.0;60.76010185747015
2021-05-05 08:00:00;135.44141814498707;90.0;60.80670175072083
2021-05-05 09:00:00;126.15106749988279;90.0;60.91211146001194
2021-05-05 10:00:00;119.57366415846049;90.0;60.679331447584275
2021-05-05 11:00:00;112.52544827414505;90.0;60.63121913533956
2021-05-05 12:00:00;109.9065999176965;90.0;60.57525194893282
2021-05-05 13:00:00;105.59313107583351;90.0;60.53401683470497
2021-05-05 14:00:00;99.41598575534822;90.0;60.46520632361768
2021-05-05 15:00:00;98.71463438505033;90.0;60.07525990685963
2021-05-05 16:00:00;98.80017511836955;90.0;59.639246024791134
2021-05-05 17:00:00;103.58091601916655;90.0;58.38133972659688
2021-05-05 18:00:00;113.31343957303511;90.0;57.40384858864542
2021-05-05 19:00:00;125.14764569760231;90.0;57.515032647911255
2021-05-05 20:00:00;131.4076851967788;90.0;57.446596815164526
2021-05-05 21:00:00;131.17267596028745;90.0;58.02250563791165
2021-05-05 22:00:00;108.16173111723482;90.0;60.54060924434174
2021-05-05 23:00:00;76.99357297489242;90.0;60.139492142623624
2021-05-06 00:00:00;74.58021986249932;90.0;60.216181895695684
2021-05-06 01:00:00;80.88469406501014;90.0;57.95818454276542
2021-05-06 02:00:00;77.0503584499398;90.0;59.12232573501558
2021-05-06 03:00:00;83.23376946017811;90.0;57.2909895214687
2021-05-06 04:00:00;109.75951682178912;90.0;57.09291339304099
2021-05-06 05:00:00;158.14889212498903;90.0;57.53865916823082
2021-05-06 06:00:00;161.7375769095428;90.0;57.61510784126983
2021-05-06 07:00:00;156.66173360438836;90.0;58.81894071085043
2021-05-06 08:00:00;152.47084144237016;90.0;59.509866562089144
2021-05-06 09:00:00;144.0139344258664;90.0;60.58185041216933
2021-05-06 10:00:00;139.0612954894044;90.0;60.853614987389676
2021-05-06 11:00:00;134.61450999759538;90.0;60.98277572944289
2021-05-06 12:00:00;132.29972697558603;90.0;60.75836863084993
2021-05-06 13:00:00;130.59169417800206;90.0;60.50676424174105
2021-05-06 14:00:00;130.66541749040118;90.0;60.04976989768039
2021-05-06 15:00:00;134.0069893905827;90.0;59.220924579872076
2021-05-06 16:00:00;140.45198511043907;90.0;58.196056468012046
2021-05-06 17:00:00;147.16455806780837;90.0;57.51191071805073
2021-05-06 18:00:00;153.35870250028327;90.0;57.530535880032005
2021-05-06 19:00:00;157.80255996627628;90.0;57.47480021893398
2021-05-06 20:00:00;156.87121240290867;90.0;58.17637592875036
2021-05-06 21:00:00;144.47708488929428;90.0;60.2210682616996
2021-05-06 22:00:00;123.58400994708319;90.0;60.690087161917006
2021-05-06 23:00:00;93.6491459105594;90.0;60.43409229667316
2021-05-07 00:00:00;76.46128561103808;90.0;60.16312234298903
2021-05-07 01:00:00;83.23170968331013;90.0;57.85692535209722
2021-05-07 02:00:00;78.32832882749209;90.0;59.31919983269211
2021-05-07 03:00:00;85.09339024610338;90.0;57.317620841942755
2021-05-07 04:00:00;113.75521779101034;90.0;57.29376158100712
2021-05-07 05:00:00;163.9214470811502;90.0;57.57655616794801
2021-05-07 06:00:00;168.3447579587798;90.0;57.55890867885296
2021-05-07 07:00:00;163.00980725066066;90.0;58.798570860425
2021-05-07 08:00:00;158.15029661516328;90.0;59.57149616988801
2021-05-07 09:00:00;148.33391372640995;90.0;60.77579025538131
2021-05-07 10:00:00;142.96474239156103;90.0;61.03513261283706
2021-05-07 11:00:00;138.42024808989157;90.0;60.94912408736678
2021-05-07 12:00:00;135.52908970206818;90.0;60.817664731891625
2021-05-07 13:00:00;133.77639987883742;90.0;60.55537750643305
2021-05-07 14:00:00;134.2874799650886;90.0;60.02416258993412
2021-05-07 15:00:00;138.3388444912512;90.0;59.11753814780769
2021-05-07 16:00:00;122.02613659108603;90.0;60.865960455577124
2021-05-07 17:00:00;127.82067227432186;90.0;59.34260283633154
2021-05-07 18:00:00;141.4893267449996;90.0;57.45902820557217
2021-05-07 19:00:00;157.86914830781762;90.0;57.653648543486725
2021-05-07 20:00:00;166.69867435476985;90.0;57.75351708109406
2021-05-07 21:00:00;166.42437007248603;90.0;58.28143714078402
2021-05-07 22:00:00;136.46702961409963;90.0;60.85913653712697
2021-05-07 23:00:00;97.91832128372474;90.0;60.509568935980894
2021-05-08 00:00:00;54.42036374221511;90.0;59.42479844338527
2021-05-08 01:00:00;47.79297722641469;90.0;59.087647188742665
2021-05-08 02:00:00;47.397200511033844;90.0;58.65342539790964
2021-05-08 03:00:00;52.02242910622537;90.0;56.33104890031427
2021-05-08 04:00:00;79.28242621874186;90.0;56.8146188144641
2021-05-08 05:00:00;119.38783679458747;90.0;57.32504246585222
2021-05-08 06:00:00;146.5759563436656;90.0;57.54145374099693
2021-05-08 07:00:00;128.8834349439268;90.0;60.73347160104839
2021-05-08 08:00:00;120.34043090144903;90.0;60.812060019142734
2021-05-08 09:00:00;112.00076205492228;90.0;60.75237800830513
2021-05-08 10:00:00;106.01854738088502;90.0;60.541203911613025
2021-05-08 11:00:00;100.14314027163708;90.0;60.42900111668837
2021-05-08 12:00:00;97.88679275261774;90.0;60.37122332863663
2021-05-08 13:00:00;94.93360374889235;90.0;60.47891834020379
2021-05-08 14:00:00;93.1977747907414;90.0;60.29513634051693
2021-05-08 15:00:00;85.07922540593822;90.0;60.32904035885855
2021-05-08 16:00:00;85.38987721074186;90.0;59.688598433323534
2021-05-08 17:00:00;89.00604837460311;90.0;58.47153145262672
2021-05-08 18:00:00;95.30293674158597;90.0;57.092925724067015
2021-05-08 19:00:00;112.54928624856154;90.0;57.23534458570566
2021-05-08 20:00:00;116.06515444702876;90.0;57.14879465823623
2021-05-08 21:00:00;113.2133584612161;90.0;58.272981766462465
2021-05-08 22:00:00;94.97754287336546;90.0;60.32299667577411
2021-05-08 23:00:00;70.05969130192996;90.0;59.96955161851599
2021-05-09 00:00:00;37.29556652726896;90.0;58.241010300596145
2021-05-09 01:00:00;33.32649434409837;90.0;57.93786649446275
2021-05-09 02:00:00;32.70708357407274;90.0;57.59841480415014
2021-05-09 03:00:00;35.43305180956771;90.0;55.4811077175587
2021-05-09 04:00:00;52.55434846736657;90.0;55.92939807917941
2021-05-09 05:00:00;76.87685575653317;90.0;56.75023757462026
2021-05-09 06:00:00;90.91995587356324;90.0;56.988978108742856
2021-05-09 07:00:00;81.2128415169399;90.0;59.871630866621615
2021-05-09 08:00:00;76.22083361461893;90.0;60.06275213082961
2021-05-09 09:00:00;75.41592699088699;90.0;59.733414441459445
2021-05-09 10:00:00;69.88427101439261;90.0;59.994889214206125
2021-05-09 11:00:00;69.57747336605276;90.0;59.50964361903175
2021-05-09 12:00:00;69.87654606933745;90.0;58.99838263128771
2021-05-09 13:00:00;65.14308708032766;90.0;59.802007096769046
2021-05-09 14:00:00;67.24812801576155;90.0;58.59535730763514
2021-05-09 15:00:00;60.94876262512873;90.0;59.618401931716335
2021-05-09 16:00:00;59.38058914351465;90.0;59.585891402939126
2021-05-09 17:00:00;63.50464333745363;90.0;57.6689733626888
2021-05-09 18:00:00;65.17627589069549;90.0;57.26463319242799
2021-05-09 19:00:00;67.90320922473488;90.0;56.70800356571988
2021-05-09 20:00:00;71.13913622528112;90.0;56.62523342374385
2021-05-09 21:00:00;71.67753142040485;90.0;57.043980157493195
2021-05-09 22:00:00;61.61210055486341;90.0;59.7054796972601
2021-05-09 23:00:00;46.77217691561968;90.0;59.008891030094276
2021-05-10 00:00:00;32.066644090004004;90.0;57.553937344550036
2021-05-10 01:00:00;29.414014068384123;90.0;57.32055233526677
2021-05-10 02:00:00;28.42782072499307;90.0;57.07056115862292
2021-05-10 03:00:00;35.633655357706495;90.0;54.74963719509441
2021-05-10 04:00:00;44.84271403938457;90.0;55.49249958675961
2021-05-10 05:00:00;64.04570223223821;90.0;56.314198876098715
2021-05-10 06:00:00;72.00658196650443;90.0;56.71296170120695
2021-05-10 07:00:00;68.97246472334302;90.0;58.140794660033634
2021-05-10 08:00:00;62.324307138442556;90.0;59.585771442273426
2021-05-10 09:00:00;60.80115152016688;90.0;59.552439441284434
2021-05-10 10:00:00;58.67787185489963;90.0;59.62512231444515
2021-05-10 11:00:00;57.614267669230955;90.0;59.40247619563576
2021-05-10 12:00:00;57.95803284421581;90.0;58.75423608540768
2021-05-10 13:00:00;54.0088034707418;90.0;59.47967898731582
2021-05-10 14:00:00;55.29947575717315;90.0;58.39592137204443
2021-05-10 15:00:00;50.600480472519266;90.0;59.12278702953523
2021-05-10 16:00:00;49.68996451236422;90.0;58.93054741017812
2021-05-10 17:00:00;52.783948648852686;90.0;57.21928367558712
2021-05-10 18:00:00;54.42234192794515;90.0;56.744172212790204
2021-05-10 19:00:00;53.98098766621355;90.0;57.248215185128004
2021-05-10 20:00:00;59.90160564511874;90.0;56.23168956831955
2021-05-10 21:00:00;59.69128895849837;90.0;56.90510667451281
2021-05-10 22:00:00;53.2321184158702;90.0;59.55163024368335
2021-05-10 23:00:00;42.28597089294158;90.0;58.623761469940234
2021-05-11 00:00:00;34.52899383802798;90.0;57.88744319881425
2021-05-11 01:00:00;33.36932073049517;90.0;57.82568831920264
2021-05-11 02:00:00;32.02611930609104;90.0;57.57905630967525
2021-05-11 03:00:00;34.294663925583386;90.0;55.65215832208071
2021-05-11 04:00:00;47.52634271103206;90.0;55.60970758641923
2021-05-11 05:00:00;68.02399820261132;90.0;56.39373425960747
2021-05-11 06:00:00;75.98304494583046;90.0;56.74133306893111
2021-05-11 07:00:00;74.24002297918265;90.0;57.78731405902545
2021-05-11 08:00:00;67.02664845774575;90.0;60.03822968625269
2021-05-11 09:00:00;66.24644465546406;90.0;59.65811093305325
2021-05-11 10:00:00;63.247685384049795;90.0;59.73408956874613
2021-05-11 11:00:00;62.33211813319827;90.0;59.46100404613827
2021-05-11 12:00:00;62.82904780169655;90.0;58.81381493851774
2021-05-11 13:00:00;58.46932397300634;90.0;59.38161673516265
2021-05-11 14:00:00;60.87512043775637;90.0;58.05882258101411
2021-05-11 15:00:00;54.83620387974206;90.0;59.32052621481819
2021-05-11 16:00:00;53.38671009540878;90.0;59.3103966528829
2021-05-11 17:00:00;57.21965480733008;90.0;57.35717228345737
2021-05-11 18:00:00;58.41841135752536;90.0;57.096240585561304
2021-05-11 19:00:00;59.645137160634825;90.0;56.941732643353646
2021-05-11 20:00:00;63.00099776010649;90.0;56.27285667184549
2021-05-11 21:00:00;65.5093500060229;90.0;56.35669976704446
2021-05-11 22:00:00;56.014617626826414;90.0;59.459379057246224
2021-05-11 23:00:00;42.45541919663219;90.0;58.80462400616915
2021-05-12 00:00:00;43.12809190634585;90.0;57.85468115372424
2021-05-12 01:00:00;37.98600955794211;90.0;58.332331630662566
2021-05-12 02:00:00;45.02393442168628;90.0;55.56147483353823
2021-05-12 03:00:00;48.00074116715316;90.0;55.7074595608326
2021-05-12 04:00:00;62.9635494232328;90.0;56.36331539530869
2021-05-12 05:00:00;88.39562465735736;90.0;56.917996297299624
2021-05-12 06:00:00;109.79757498525457;90.0;57.22739492460374
2021-05-12 07:00:00;96.11594922447244;90.0;60.51603508157001
2021-05-12 08:00:00;88.42669095378855;90.0;60.25897819720666
2021-05-12 09:00:00;89.28264522657882;90.0;59.53746512062594
2021-05-12 10:00:00;83.24390873588132;90.0;60.090268867144346
2021-05-12 11:00:00;79.66127043863185;90.0;60.24568229628193
2021-05-12 12:00:00;78.94278514421256;90.0;59.852875247359464
2021-05-12 13:00:00;78.19218368325934;90.0;59.58691894688394
2021-05-12 14:00:00;81.94047791896473;90.0;58.24898659997962
2021-05-12 15:00:00;72.78947905594612;90.0;59.95655187445249
2021-05-12 16:00:00;69.53214885408971;90.0;59.98421430288363
2021-05-12 17:00:00;72.30079972281904;90.0;58.61616950310378
2021-05-12 18:00:00;76.0450085758745;90.0;57.46470511823827
2021-05-12 19:00:00;78.76748129659467;90.0;57.04293969765513
2021-05-12 20:00:00;83.59578357974378;90.0;56.95362214091631
2021-05-12 21:00:00;86.16580440377525;90.0;56.86029353717083
2021-05-12 22:00:00;72.88159513720005;90.0;60.04769426242825
2021-05-12 23:00:00;54.736320399137526;90.0;59.40439386176985
2021-05-13 00:00:00;34.01682327465657;90.0;57.91568321263799
2021-05-13 01:00:00;30.582968192627337;90.0;57.46090238561635
2021-05-13 02:00:00;35.38761313413338;90.0;54.666609686025595
2021-05-13 03:00:00;37.935370174158535;90.0;55.05679338050015
2021-05-13 04:00:00;48.19760088243185;90.0;55.751743818850684
2021-05-13 05:00:00;69.00485417215187;90.0;56.42066322422761
2021-05-13 06:00:00;80.17329114592063;90.0;56.69411191021385
2021-05-13 07:00:00;74.40934929631278;90.0;58.84008099896613
2021-05-13 08:00:00;66.99785863091725;90.0;59.8385874900178
2021-05-13 09:00:00;66.19516162377164;90.0;59.52517388309127
2021-05-13 10:00:00;63.246272243191804;90.0;59.9035248804218
2021-05-13 11:00:00;62.233746125336445;90.0;59.611182028322446
2021-05-13 12:00:00;62.53883919799654;90.0;58.97900143070132
2021-05-13 13:00:00;58.262819747506086;90.0;59.440736900124136
2021-05-13 14:00:00;59.893097830496046;90.0;58.35459269780495
2021-05-13 15:00:00;54.489918157884844;90.0;59.303355622707386
2021-05-13 16:00:00;53.34543600134138;90.0;59.1835264370647
2021-05-13 17:00:00;56.782126189450615;90.0;57.409803740545556
2021-05-13 18:00:00;58.473012673079474;90.0;56.949536910219194
2021-05-13 19:00:00;58.06213860519135;90.0;57.41477154777385
2021-05-13 20:00:00;64.52421845035832;90.0;56.35829558785616
2021-05-13 21:00:00;64.26037734103431;90.0;57.04844090381431
2021-05-13 22:00:00;57.165218915923674;90.0;59.653847047081456
2021-05-13 23:00:00;42.257026305053024;90.0;58.70126605614138
2021-05-14 00:00:00;25.557585429566394;90.0;56.66944800081774
2021-05-14 01:00:00;25.80155953967737;90.0;55.73826419548067
2021-05-14 02:00:00;24.481190838065945;90.0;56.187057251722194
2021-05-14 03:00:00;25.831091544335266;90.0;54.569022737422245
2021-05-14 04:00:00;34.13853088966635;90.0;54.68162111225922
2021-05-14 05:00:00;50.75520264873406;90.0;55.918469456707385
2021-05-14 06:00:00;52.637464722734855;90.0;55.77725402777884
2021-05-14 07:00:00;51.11231958863099;90.0;57.04655219294642
2021-05-14 08:00:00;43.95244591935509;90.0;58.800649933246746
2021-05-14 09:00:00;45.75905416772607;90.0;57.40953246604147
2021-05-14 10:00:00;44.226330968146094;90.0;58.01357638579202
2021-05-14 11:00:00;43.36094310794811;90.0;58.08390979957392
2021-05-14 12:00:00;43.292366108097;90.0;57.751477233725154
2021-05-14 13:00:00;40.57838506805167;90.0;58.65416719331853
2021-05-14 14:00:00;41.28515674733933;90.0;57.674171203884555
2021-05-14 15:00:00;38.41763351610264;90.0;58.41111676956814
2021-05-14 16:00:00;37.952050570510025;90.0;58.00830012338264
2021-05-14 17:00:00;39.893803470716314;90.0;56.52888320236468
2021-05-14 18:00:00;41.30987034522344;90.0;55.944745378274035
2021-05-14 19:00:00;41.34309843238298;90.0;56.29408388244491
2021-05-14 20:00:00;44.941248978672476;90.0;55.48138634110512
2021-05-14 21:00:00;43.345203885228756;90.0;56.844064246776895
2021-05-14 22:00:00;39.97362790889077;90.0;58.509694573685294
2021-05-14 23:00:00;31.947944570387044;90.0;57.69813919400917
2021-05-15 00:00:00;33.608775962560735;90.0;56.071062972418474
2021-05-15 01:00:00;33.56167901795764;90.0;56.12923187544487
2021-05-15 02:00:00;31.982448397445687;90.0;57.04452481006672
2021-05-15 03:00:00;33.12553566133181;90.0;55.958822192001946
2021-05-15 04:00:00;51.23866494571554;90.0;55.92835626397164
2021-05-15 05:00:00;70.43458041588002;90.0;56.59245628620289
2021-05-15 06:00:00;74.19906429652018;90.0;56.77227561290988
2021-05-15 07:00:00;72.31617961528363;90.0;57.84562917107462
2021-05-15 08:00:00;65.28592462891633;90.0;59.72722807815029
2021-05-15 09:00:00;65.79470665707849;90.0;59.031305048773504
2021-05-15 10:00:00;61.75244559955762;90.0;59.76981385306755
2021-05-15 11:00:00;58.96693478852466;90.0;59.481397573026584
2021-05-15 12:00:00;58.63636893465868;90.0;59.058158092805115
2021-05-15 13:00:00;53.68302076854825;90.0;59.410370473101466
2021-05-15 14:00:00;53.37745289615415;90.0;58.93171816880738
2021-05-15 15:00:00;51.162408993856886;90.0;59.33148505772971
2021-05-15 16:00:00;51.398042448505485;90.0;58.63211554143834
2021-05-15 17:00:00;52.38517790375264;90.0;57.87927694645532
2021-05-15 18:00:00;55.8657444917017;90.0;56.48244644019752
2021-05-15 19:00:00;58.61160115452734;90.0;56.0801793035119
2021-05-15 20:00:00;61.921727914043615;90.0;56.457557528561324
2021-05-15 21:00:00;62.63669390603604;90.0;56.76516657566219
2021-05-15 22:00:00;55.8839036443718;90.0;59.498875420622596
2021-05-15 23:00:00;44.01507029784485;90.0;58.78761017920857
2021-05-16 00:00:00;26.667714693901317;90.0;56.84975359973345
2021-05-16 01:00:00;26.693288928987272;90.0;56.09432091835379
2021-05-16 02:00:00;25.37817991970406;90.0;56.460506448119816
2021-05-16 03:00:00;26.00303181459857;90.0;55.32812674969887
2021-05-16 04:00:00;35.604995808979425;90.0;54.736347576180094
2021-05-16 05:00:00;52.93388277523176;90.0;55.988089137628265
2021-05-16 06:00:00;55.15923566438618;90.0;55.89158946562924
2021-05-16 07:00:00;53.53009033990836;90.0;57.167931142784994
2021-05-16 08:00:00;49.09502656937713;90.0;59.06134803446906
2021-05-16 09:00:00;47.92970330005826;90.0;58.97474749530994
2021-05-16 10:00:00;46.38862473739979;90.0;58.957513830070525
2021-05-16 11:00:00;45.54527844481521;90.0;58.73097567496336
2021-05-16 12:00:00;45.68362792040244;90.0;58.1416008128852
2021-05-16 13:00:00;43.038976900127956;90.0;58.80535517441933
2021-05-16 14:00:00;43.87021031011019;90.0;57.8076901116184
2021-05-16 15:00:00;40.33577349543022;90.0;58.48517771600217
2021-05-16 16:00:00;39.621522380456945;90.0;58.23823689886336
2021-05-16 17:00:00;41.79497376652424;90.0;56.66644730761027
2021-05-16 18:00:00;43.153184852538125;90.0;56.14278795667502
2021-05-16 19:00:00;43.08598460597139;90.0;56.51418904169992
2021-05-16 20:00:00;46.99641593211042;90.0;55.745096941386976
2021-05-16 21:00:00;45.35770008624689;90.0;57.037142710031446
2021-05-16 22:00:00;44.26391149841605;90.0;57.58043396292419
2021-05-16 23:00:00;33.297861315215314;90.0;57.83189739596389
2021-05-17 00:00:00;28.449998388634008;90.0;57.184079288424414
2021-05-17 01:00:00;28.398827334791147;90.0;56.51006324792945
2021-05-17 02:00:00;27.080358319636154;90.0;56.81011846330745
2021-05-17 03:00:00;27.869677961313393;90.0;55.61493372217336
2021-05-17 04:00:00;42.44385090474699;90.0;55.37834384578457
2021-05-17 05:00:00;57.04771879301918;90.0;56.09910947825256
2021-05-17 06:00:00;60.054895151037684;90.0;56.37493154363494
2021-05-17 07:00:00;58.02856144597175;90.0;57.62632868107556
2021-05-17 08:00:00;49.79575785389193;90.0;59.03611498872448
2021-05-17 09:00:00;52.47947922205355;90.0;57.45003187205572
2021-05-17 10:00:00;49.695732950846896;90.0;58.5897130214106
2021-05-17 11:00:00;49.715577883534046;90.0;58.190334744977065
2021-05-17 12:00:00;47.75950917245639;90.0;58.73022504320744
2021-05-17 13:00:00;47.11978396916933;90.0;58.519121931642644
2021-05-17 14:00:00;48.38767016863025;90.0;57.57298588289916
2021-05-17 15:00:00;43.7980597870848;90.0;58.772653064570704
2021-05-17 16:00:00;42.82492666557377;90.0;58.623320646625075
2021-05-17 17:00:00;45.52128416183398;90.0;56.857585850046235
2021-05-17 18:00:00;46.671809358748106;90.0;56.49250340245493
2021-05-17 19:00:00;46.424040833915015;90.0;56.89048810563196
2021-05-17 20:00:00;51.430048113634534;90.0;55.92819754215958
2021-05-17 21:00:00;51.124503538021344;90.0;56.64286661028012
2021-05-17 22:00:00;45.44548277470382;90.0;58.945191052337975
2021-05-17 23:00:00;36.33295405842462;90.0;58.17790254361802
2021-05-18 00:00:00;42.83991233078574;90.0;55.49257522887984
2021-05-18 01:00:00;43.188126337661174;90.0;55.921723504190766
2021-05-18 02:00:00;40.70658729764033;90.0;57.510371422250955
2021-05-18 03:00:00;41.768677738655896;90.0;56.769888704425966
2021-05-18 04:00:00;60.7292799446794;90.0;56.30650423530062
2021-05-18 05:00:00;88.04715610102704;90.0;56.94273069394535
2021-05-18 06:00:00;98.80531355942507;90.0;57.17658537778368
2021-05-18 07:00:00;97.16478276511488;90.0;58.05800020418462
2021-05-18 08:00:00;86.43989377882052;90.0;60.09930897160967
2021-05-18 09:00:00;87.33310428846463;90.0;59.40235520323989
2021-05-18 10:00:00;81.29740478132565;90.0;60.15009624884658
2021-05-18 11:00:00;78.21288318654632;90.0;60.14519907453905
2021-05-18 12:00:00;78.32207163545293;90.0;59.56499099864851
2021-05-18 13:00:00;70.10622707749795;90.0;60.05254632103214
2021-05-18 14:00:00;70.37466389848582;90.0;59.38234803871097
2021-05-18 15:00:00;65.1011735564859;90.0;59.770680284850414
2021-05-18 16:00:00;64.82056428984203;90.0;59.30509496507
2021-05-18 17:00:00;67.12539932175565;90.0;58.19030718233296
2021-05-18 18:00:00;79.54350652897588;90.0;56.85309031512787
2021-05-18 19:00:00;84.59198017138604;90.0;56.95363903884311
2021-05-18 20:00:00;87.23024851979166;90.0;56.85412838841211
2021-05-18 21:00:00;85.40542191551516;90.0;57.88598718019364
2021-05-18 22:00:00;71.94729186743153;90.0;59.83147120911741
2021-05-18 23:00:00;53.6276595421756;90.0;59.35806103278918
2021-05-19 00:00:00;49.59026712648242;90.0;59.20716186974511
2021-05-19 01:00:00;45.53760762174884;90.0;58.97423121872288
2021-05-19 02:00:00;44.67570726761966;90.0;58.73302077452212
2021-05-19 03:00:00;48.18395973794342;90.0;56.68034979589868
2021-05-19 04:00:00;71.40153364415032;90.0;56.55903032846578
2021-05-19 05:00:00;106.69768418907647;90.0;57.24570110634653
2021-05-19 06:00:00;129.73378912928575;90.0;57.509975990521355
2021-05-19 07:00:00;114.0248114424297;90.0;60.68050926909905
2021-05-19 08:00:00;107.01197019866116;90.0;60.63764738704026
2021-05-19 09:00:00;99.66089427772805;90.0;60.57760091030161
2021-05-19 10:00:00;93.98377680786996;90.0;60.42201765174832
2021-05-19 11:00:00;93.6963444701852;90.0;59.939452581393084
2021-05-19 12:00:00;93.58376696834911;90.0;59.56467934005474
2021-05-19 13:00:00;83.37615414705515;90.0;60.200808157242534
2021-05-19 14:00:00;83.38966268859932;90.0;59.65979286165748
2021-05-19 15:00:00;78.03697148369578;90.0;60.039530072362254
2021-05-19 16:00:00;78.29322108114104;90.0;59.450247869504835
2021-05-19 17:00:00;81.15657183052024;90.0;58.3794207210737
2021-05-19 18:00:00;86.44597382662678;90.0;57.10130975247051
2021-05-19 19:00:00;100.90763477206511;90.0;57.00935651209545
2021-05-19 20:00:00;104.14075584706745;90.0;57.0192276878343
2021-05-19 21:00:00;103.02259191710431;90.0;57.85487030562882
2021-05-19 22:00:00;86.28370002855405;90.0;60.19631984728562
2021-05-19 23:00:00;63.25612955671353;90.0;59.78174264657349
2021-05-20 00:00:00;45.90088379303437;90.0;58.97452614375652
2021-05-20 01:00:00;50.62260262863778;90.0;56.424726376164756
2021-05-20 02:00:00;48.19276753340286;90.0;57.80325433603463
2021-05-20 03:00:00;52.210153135926205;90.0;56.04555024342534
2021-05-20 04:00:00;67.08868458747409;90.0;56.570494195506285
2021-05-20 05:00:00;98.5255306272892;90.0;57.0254258728927
2021-05-20 06:00:00;118.37131824999094;90.0;57.47789440054834
2021-05-20 07:00:00;103.82612301796212;90.0;60.665801222285495
2021-05-20 08:00:00;97.0873804100136;90.0;60.61409855130455
2021-05-20 09:00:00;97.07460793303028;90.0;60.029810604010436
2021-05-20 10:00:00;89.94515752830986;90.0;60.37740710769958
2021-05-20 11:00:00;86.0194104013381;90.0;60.1394242133581
2021-05-20 12:00:00;85.63299334916425;90.0;59.72860280780384
2021-05-20 13:00:00;77.3359588511102;90.0;60.13175149006503
2021-05-20 14:00:00;76.91825709218685;90.0;59.68217725643086
2021-05-20 15:00:00;73.22081508581607;90.0;60.15154235665375
2021-05-20 16:00:00;74.09033700798645;90.0;59.31640086710206
2021-05-20 17:00:00;76.75386816963112;90.0;58.26803842720409
2021-05-20 18:00:00;81.58366503932923;90.0;57.04263084420029
2021-05-20 19:00:00;84.46635693816395;90.0;56.91970848568201
2021-05-20 20:00:00;95.45929563953653;90.0;57.084054296851946
2021-05-20 21:00:00;93.6124896486803;90.0;58.04201192655137
2021-05-20 22:00:00;78.72050082108142;90.0;60.0156803083442
2021-05-20 23:00:00;58.586072875820044;90.0;59.50630515861002
2021-05-21 00:00:00;46.02054923138935;90.0;58.931471569348446
2021-05-21 01:00:00;40.758402993642804;90.0;58.567370139702064
2021-05-21 02:00:00;48.26894658010133;90.0;55.65304136035411
2021-05-21 03:00:00;51.775079431165075;90.0;55.887086177775586
2021-05-21 04:00:00;67.19966907020601;90.0;56.509871649168474
2021-05-21 05:00:00;98.64412609262281;90.0;57.02236199360118
2021-05-21 06:00:00;116.20569235218196;90.0;57.25782183949383
2021-05-21 07:00:00;102.10291641473094;90.0;60.487782878476025
2021-05-21 08:00:00;94.94815969422466;90.0;60.48939023928216
2021-05-21 09:00:00;96.32000082393284;90.0;59.637578146187025
2021-05-21 10:00:00;89.64743137141386;90.0;60.209566118434225
2021-05-21 11:00:00;85.81001348286792;90.0;60.166635868188905
2021-05-21 12:00:00;85.56783125211503;90.0;59.71128204547739
2021-05-21 13:00:00;77.35806975923404;90.0;60.16034841166049
2021-05-21 14:00:00;76.90839319746013;90.0;59.71196080301502
2021-05-21 15:00:00;72.82793350670143;90.0;59.97461077692344
2021-05-21 16:00:00;73.21722451288827;90.0;59.32213309038707
2021-05-21 17:00:00;75.7248885747735;90.0;58.29985521675229
2021-05-21 18:00:00;80.38434018613911;90.0;57.08540501740822
2021-05-21 19:00:00;83.03601462226725;90.0;56.88023081748855
2021-05-21 20:00:00;95.77592182626871;90.0;57.01178849786612
2021-05-21 21:00:00;93.81267567972874;90.0;58.02298112947153
2021-05-21 22:00:00;78.87787404668603;90.0;60.01483199431971
2021-05-21 23:00:00;58.5965735534506;90.0;59.51574800417558
2021-05-22 00:00:00;42.420080607070346;90.0;58.80054704737336
2021-05-22 01:00:00;38.207539781747016;90.0;58.557018114135474
2021-05-22 02:00:00;37.087722771684575;90.0;58.331954870080324
2021-05-22 03:00:00;40.169147914569955;90.0;56.12274024802804
2021-05-22 04:00:00;60.327889606373084;90.0;56.253131014904966
2021-05-22 05:00:00;89.28863006329235;90.0;56.89271306259343
2021-05-22 06:00:00;103.9816481887873;90.0;57.001601980699775
2021-05-22 07:00:00;92.00030320583501;90.0;60.13739649758139
2021-05-22 08:00:00;86.38144866316173;90.0;60.2046393585303
2021-05-22 09:00:00;87.39098996597404;90.0;59.451077350163075
2021-05-22 10:00:00;81.18999160905786;90.0;60.06439006622361
2021-05-22 11:00:00;78.3020847706058;90.0;60.183114914126804
2021-05-22 12:00:00;77.69208520543724;90.0;59.77403449189717
2021-05-22 13:00:00;70.66187525071805;90.0;59.95954258094736
2021-05-22 14:00:00;70.1136648501847;90.0;59.55552338844012
2021-05-22 15:00:00;66.8749056905082;90.0;60.065432712129734
2021-05-22 16:00:00;67.2459127435889;90.0;59.327859169947715
2021-05-22 17:00:00;70.05225806422153;90.0;58.1069696322881
2021-05-22 18:00:00;74.16002619048965;90.0;56.97287575171339
2021-05-22 19:00:00;77.1682032836103;90.0;56.615332627071496
2021-05-22 20:00:00;81.5214159714185;90.0;56.919315183657034
2021-05-22 21:00:00;83.8551153653329;90.0;56.86732479310825
2021-05-22 22:00:00;71.52736889113737;90.0;59.90805407652243
2021-05-22 23:00:00;53.670798330733795;90.0;59.33785203124074
2021-05-23 00:00:00;35.44600360337298;90.0;58.09183584920754
2021-05-23 01:00:00;38.639507161915645;90.0;55.78618493257176
2021-05-23 02:00:00;36.72799579892722;90.0;57.10898938921878
2021-05-23 03:00:00;39.32221199042444;90.0;55.55649140976402
2021-05-23 04:00:00;50.541748715126126;90.0;55.99039988438426
2021-05-23 05:00:00;72.50447390328281;90.0;56.49315471578575
2021-05-23 06:00:00;82.4795828761681;90.0;56.79542863520669
2021-05-23 07:00:00;78.26300713513736;90.0;58.46584719695079
2021-05-23 08:00:00;70.34389412198631;90.0;59.84944121455101
2021-05-23 09:00:00;69.76381762415207;90.0;59.49105312753329
2021-05-23 10:00:00;66.45310326571496;90.0;59.94316745309766
2021-05-23 11:00:00;65.42852360541916;90.0;59.66051832488694
2021-05-23 12:00:00;65.71208909522281;90.0;59.0584457849061
2021-05-23 13:00:00;61.14198299202214;90.0;59.557527897473676
2021-05-23 14:00:00;62.953277234401114;90.0;58.4375915023972
2021-05-23 15:00:00;57.23646012544203;90.0;59.41966879928157
2021-05-23 16:00:00;55.92503366427416;90.0;59.343313813324414
2021-05-23 17:00:00;59.58318584100655;90.0;57.53631111171927
2021-05-23 18:00:00;61.36615918850438;90.0;57.06349803494203
2021-05-23 19:00:00;64.87512309819371;90.0;56.34902522570661
2021-05-23 20:00:00;67.39934060711509;90.0;56.43482942585092
2021-05-23 21:00:00;67.46224082631386;90.0;57.02595208242178
2021-05-23 22:00:00;60.22071919733489;90.0;59.71330731203517
2021-05-23 23:00:00;44.23474238525049;90.0;58.88913340463972
2021-05-24 00:00:00;26.443773345057465;90.0;56.790040874245335
2021-05-24 01:00:00;25.15412753398735;90.0;56.25212828884008
2021-05-24 02:00:00;24.688700366202973;90.0;55.93852323895601
2021-05-24 03:00:00;26.343761191384925;90.0;54.25465074793493
2021-05-24 04:00:00;35.541137725350445;90.0;54.67602649606005
2021-05-24 05:00:00;49.814070231218224;90.0;55.93155743083099
2021-05-24 06:00:00;55.106988367753765;90.0;56.05903597638212
2021-05-24 07:00:00;53.767800925442685;90.0;57.16674761403908
2021-05-24 08:00:00;49.08774196155717;90.0;59.15784422041446
2021-05-24 09:00:00;47.937017026080866;90.0;59.03531076576172
2021-05-24 10:00:00;46.32613449308205;90.0;59.024001308287836
2021-05-24 11:00:00;45.282326326999915;90.0;58.861781321786054
2021-05-24 12:00:00;45.23264277153977;90.0;58.30439945635254
2021-05-24 13:00:00;42.37880269434016;90.0;58.795313135889614
2021-05-24 14:00:00;43.13023741381623;90.0;57.811528521396724
2021-05-24 15:00:00;40.0674761073683;90.0;58.32177885536879
2021-05-24 16:00:00;39.585782391789984;90.0;58.00983276414314
2021-05-24 17:00:00;41.607449491718405;90.0;56.586109872241934
2021-05-24 18:00:00;43.17188237520364;90.0;55.989764633525056
2021-05-24 19:00:00;43.41316053594395;90.0;56.27930118976548
2021-05-24 20:00:00;47.02703710929569;90.0;55.74521698191728
2021-05-24 21:00:00;47.16130303508823;90.0;56.274815517397485
2021-05-24 22:00:00;41.83924534580193;90.0;58.65782401430022
2021-05-24 23:00:00;33.57547015176351;90.0;57.90586927961141
2021-05-25 00:00:00;24.39216611952261;90.0;56.211766671748876
2021-05-25 01:00:00;24.442576907868645;90.0;55.4688162336397
2021-05-25 02:00:00;23.270098382163383;90.0;55.813089440477995
2021-05-25 03:00:00;23.802693145413734;90.0;54.75298434784236
2021-05-25 04:00:00;32.18859306851956;90.0;54.46636935885215
2021-05-25 05:00:00;47.089767677851334;90.0;55.70867312331262
2021-05-25 06:00:00;49.24405406213775;90.0;55.54602738275668
2021-05-25 07:00:00;47.51722093155311;90.0;56.97016778427894
2021-05-25 08:00:00;41.418960128659144;90.0;58.70461187474467
2021-05-25 09:00:00;42.912754391502496;90.0;57.37847497030202
2021-05-25 10:00:00;41.46906751605881;90.0;57.922887907726135
2021-05-25 11:00:00;40.62887264782206;90.0;57.962080396554825
2021-05-25 12:00:00;40.69321337798359;90.0;57.533020280055325
2021-05-25 13:00:00;38.11319905786035;90.0;58.44563557002368
2021-05-25 14:00:00;38.75733626685741;90.0;57.46577502789319
2021-05-25 15:00:00;36.11956202528578;90.0;58.15294222696008
2021-05-25 16:00:00;35.68778915283354;90.0;57.74567189418798
2021-05-25 17:00:00;37.41770295846266;90.0;56.32844767040075
2021-05-25 18:00:00;38.81732348844508;90.0;55.707536512028014
2021-05-25 19:00:00;39.28490867953851;90.0;55.855816412621095
2021-05-25 20:00:00;42.13208079761859;90.0;55.26320092810107
2021-05-25 21:00:00;42.227308025841126;90.0;55.885180327847195
2021-05-25 22:00:00;37.84083022796536;90.0;58.332589288814916
2021-05-25 23:00:00;30.395622330332927;90.0;57.41004558802598
2021-05-26 00:00:00;21.43799723422186;90.0;55.52374598901383
2021-05-26 01:00:00;21.44079061291038;90.0;54.69040084325201
2021-05-26 02:00:00;20.51154334647719;90.0;54.83471313152444
2021-05-26 03:00:00;20.99931630206164;90.0;53.793426733305125
2021-05-26 04:00:00;29.312176546374992;90.0;53.88930772022684
2021-05-26 05:00:00;35.49878891108209;90.0;54.77175552919948
2021-05-26 06:00:00;29.32846487375392;90.0;57.217217189753455
2021-05-26 07:00:00;38.88370265063444;90.0;55.19295703252351
2021-05-26 08:00:00;36.05354097989355;90.0;57.24266236465991
2021-05-26 09:00:00;36.4354146586875;90.0;56.73481718896795
2021-05-26 10:00:00;35.108231148763394;90.0;57.34578015189334
2021-05-26 11:00:00;34.36869133555949;90.0;57.369644884720344
2021-05-26 12:00:00;34.43747664820348;90.0;56.90880752642198
2021-05-26 13:00:00;32.491736399423495;90.0;57.65155043920231
2021-05-26 14:00:00;32.998558766612135;90.0;56.734709598369875
2021-05-26 15:00:00;30.88447340650888;90.0;57.348369026634884
2021-05-26 16:00:00;30.55010255167313;90.0;56.93884927386068
2021-05-26 17:00:00;32.242688339456194;90.0;55.45938607676311
2021-05-26 18:00:00;32.953259199779666;90.0;55.25687495100459
2021-05-26 19:00:00;32.95170815489512;90.0;55.58222051704939
2021-05-26 20:00:00;35.673407654777996;90.0;54.720018616153425
2021-05-26 21:00:00;34.540822492104276;90.0;56.013689652119126
2021-05-26 22:00:00;32.04285150008455;90.0;57.53490408905043
2021-05-26 23:00:00;26.26318185371684;90.0;56.663475899771754
2021-05-27 00:00:00;40.58364376381326;90.0;55.32709578741958
2021-05-27 01:00:00;40.738139091721806;90.0;55.846218432619764
2021-05-27 02:00:00;38.44847062565155;90.0;57.36198136503077
2021-05-27 03:00:00;41.11516082801261;90.0;55.79800001403078
2021-05-27 04:00:00;57.269203487962535;90.0;56.26534258792401
2021-05-27 05:00:00;83.11681015973447;90.0;56.88079752985317
2021-05-27 06:00:00;96.16181782379498;90.0;56.992861341168066
2021-05-27 07:00:00;88.5215363633654;90.0;59.29107925720251
2021-05-27 08:00:00;83.07187923911195;90.0;60.249860727818884
2021-05-27 09:00:00;82.83758181048228;90.0;59.75301390697132
2021-05-27 10:00:00;76.95474547326631;90.0;60.0662620741482
2021-05-27 11:00:00;73.87062927566566;90.0;60.015773058427214
2021-05-27 12:00:00;73.84478225844481;90.0;59.47288670198839
2021-05-27 13:00:00;66.32202044807597;90.0;59.67162244105833
2021-05-27 14:00:00;66.15399235622428;90.0;59.21223788727741
2021-05-27 15:00:00;62.87391623597463;90.0;59.76511483744815
2021-05-27 16:00:00;63.3598451878195;90.0;59.03223571580452
2021-05-27 17:00:00;65.69101717856894;90.0;57.96243816272823
2021-05-27 18:00:00;69.5916254906155;90.0;56.824633671252684
2021-05-27 19:00:00;71.92560023604669;90.0;56.62605552303518
2021-05-27 20:00:00;81.94010390810861;90.0;56.80642135621662
2021-05-27 21:00:00;80.04993306433467;90.0;57.86914067263581
2021-05-27 22:00:00;67.56425467072725;90.0;59.71820245344219
2021-05-27 23:00:00;50.683033773513905;90.0;59.1596663956376
2021-05-28 00:00:00;47.75173378906224;90.0;58.959814527704
2021-05-28 01:00:00;45.9758224834485;90.0;59.04274433203449
2021-05-28 02:00:00;44.44685430778932;90.0;58.835044818852055
2021-05-28 03:00:00;47.954716162093696;90.0;56.73625353010743
2021-05-28 04:00:00;68.59874742225674;90.0;56.51148417632788
2021-05-28 05:00:00;100.69887434303985;90.0;57.13748909564174
2021-05-28 06:00:00;112.78463290603118;90.0;57.33815368055707
2021-05-28 07:00:00;110.65256101821028;90.0;58.262440403763264
2021-05-28 08:00:00;98.2103222514316;90.0;60.23672488935563
2021-05-28 09:00:00;100.40324513526312;90.0;59.31666150254114
2021-05-28 10:00:00;89.78544090124514;90.0;60.447309350210105
2021-05-28 11:00:00;85.5397258261536;90.0;60.133225549976885
2021-05-28 12:00:00;89.91678715473573;90.0;58.61159174971061
2021-05-28 13:00:00;81.52428745294682;90.0;60.14946345425926
2021-05-28 14:00:00;78.39527897362682;90.0;60.1746187023528
2021-05-28 15:00:00;72.97455017020606;90.0;60.08399935649936
2021-05-28 16:00:00;73.25871195306708;90.0;59.43004386372485
2021-05-28 17:00:00;76.53787394361666;90.0;58.1683439435468
2021-05-28 18:00:00;82.3527358516471;90.0;56.83091643169911
2021-05-28 19:00:00;96.4230792005705;90.0;57.11910527216526
2021-05-28 20:00:00;99.73561433969263;90.0;56.95557416776575
2021-05-28 21:00:00;98.4036689353114;90.0;57.85287576199994
2021-05-28 22:00:00;82.50027342912384;90.0;60.13472203034297
2021-05-28 23:00:00;60.690857753220016;90.0;59.66562938933953
2021-05-29 00:00:00;58.15253067389117;90.0;59.58932773170932
2021-05-29 01:00:00;64.50955133792215;90.0;56.902206390789615
2021-05-29 02:00:00;61.63459655004653;90.0;58.235090998605415
2021-05-29 03:00:00;66.29652605479846;90.0;56.651790591866984
2021-05-29 04:00:00;86.61802266378388;90.0;56.852886596597614
2021-05-29 05:00:00;123.68594469748534;90.0;57.4006009630092
2021-05-29 06:00:00;126.0643986277866;90.0;57.5316655178263
2021-05-29 07:00:00;140.09292110792126;90.0;57.556537045318976
2021-05-29 08:00:00;130.18439849095924;90.0;59.60303859644978
2021-05-29 09:00:00;119.88802952965548;90.0;60.53850862450213
2021-05-29 10:00:00;113.29306259363692;90.0;60.503733215073794
2021-05-29 11:00:00;107.43194411366218;90.0;60.402930963185725
2021-05-29 12:00:00;105.30842241030712;90.0;60.32537368111031
2021-05-29 13:00:00;101.75430138985942;90.0;60.55309306169136
2021-05-29 14:00:00;97.23721057150003;90.0;60.335583773573546
2021-05-29 15:00:00;97.59327675662578;90.0;59.757044150467266
2021-05-29 16:00:00;100.04750704832898;90.0;58.92193778269478
2021-05-29 17:00:00;104.52603889976726;90.0;57.96233606219357
2021-05-29 18:00:00;102.68468149717846;90.0;58.615841372729506
2021-05-29 19:00:00;121.05436563889883;90.0;57.33901258054385
2021-05-29 20:00:00;125.47776013224006;90.0;57.240054105670026
2021-05-29 21:00:00;123.35672486731652;90.0;58.19410648734487
2021-05-29 22:00:00;102.58596577457874;90.0;60.46110828535109
2021-05-29 23:00:00;75.08113102440467;90.0;60.158752816793765
2021-05-30 00:00:00;51.572456688926714;90.0;59.40325395659346
2021-05-30 01:00:00;46.97018035163947;90.0;58.88191400052585
2021-05-30 02:00:00;45.83032541333446;90.0;58.81685691164779
2021-05-30 03:00:00;50.12035681194339;90.0;56.485235387322405
2021-05-30 04:00:00;74.56357070495629;90.0;56.71591631288317
2021-05-30 05:00:00;111.49390187425216;90.0;57.28900508976619
2021-05-30 06:00:00;136.44987760539297;90.0;57.5120548936074
2021-05-30 07:00:00;120.61133945214142;90.0;60.58508721362216
2021-05-30 08:00:00;112.36079531092226;90.0;60.72955334586328
2021-05-30 09:00:00;104.60454244013025;90.0;60.6618680489039
2021-05-30 10:00:00;99.04425968124568;90.0;60.44457745444663
2021-05-30 11:00:00;93.71910093184455;90.0;60.306708333373024
2021-05-30 12:00:00;91.66827636226607;90.0;60.24311085027756
2021-05-30 13:00:00;89.08185252880962;90.0;60.31927149323428
2021-05-30 14:00:00;85.93244882975823;90.0;60.40248663395204
2021-05-30 15:00:00;79.63599668738176;90.0;60.22136002066458
2021-05-30 16:00:00;80.4919838848733;90.0;59.437488453059245
2021-05-30 17:00:00;83.69152912350789;90.0;58.3214632377576
2021-05-30 18:00:00;89.93418058021108;90.0;56.89088374326451
2021-05-30 19:00:00;105.70493580634745;90.0;57.180853605715754
2021-05-30 20:00:00;108.374365970688;90.0;57.21546415639358
2021-05-30 21:00:00;104.98326461517576;90.0;58.43509241721887
2021-05-30 22:00:00;88.58157057153545;90.0;60.244958372577685
2021-05-30 23:00:00;65.759678823586;90.0;59.801376563466874
2021-05-31 00:00:00;40.865295844266036;90.0;58.47584207586351
2021-05-31 01:00:00;38.11042702933499;90.0;58.234348025934196
2021-05-31 02:00:00;37.354159502623645;90.0;58.036747561769175
2021-05-31 03:00:00;40.28031007465212;90.0;56.03295509145465
2021-05-31 04:00:00;57.733500985170934;90.0;56.21174969679646
2021-05-31 05:00:00;84.50842419294314;90.0;56.868088842835164
2021-05-31 06:00:00;97.36874318579281;90.0;57.03248699633332
2021-05-31 07:00:00;87.83946097599893;90.0;59.732706750529644
2021-05-31 08:00:00;82.2176282059555;90.0;60.103772916631556
2021-05-31 09:00:00;83.6982782825918;90.0;59.22719148011777
2021-05-31 10:00:00;78.15716862992763;90.0;60.27323451927771
2021-05-31 11:00:00;75.0326848685896;90.0;59.91573242250189
2021-05-31 12:00:00;74.89290235514864;90.0;59.44867411166547
2021-05-31 13:00:00;67.22651396064882;90.0;59.92004262267358
2021-05-31 14:00:00;66.96290045032664;90.0;59.41920409512346
2021-05-31 15:00:00;64.14662559423114;90.0;59.8560998911629
2021-05-31 16:00:00;64.90947788255549;90.0;59.02872749997795
2021-05-31 17:00:00;66.13021036543479;90.0;58.333946738168834
2021-05-31 18:00:00;70.07730667719336;90.0;57.07194292663928
2021-05-31 19:00:00;73.56417158041323;90.0;56.576777002062954
2021-05-31 20:00:00;78.13905926780285;90.0;56.7998296076164
2021-05-31 21:00:00;79.04652180784242;90.0;57.118943378945175
2021-05-31 22:00:00;70.30203221156353;90.0;59.95507667777781
2021-05-31 23:00:00;55.23938472847112;90.0;59.48801117334625
2021-06-01 00:00:00;34.180412721229835;90.0;57.96149103202089
2021-06-01 01:00:00;34.31302472220313;90.0;57.239429458014115
2021-06-01 02:00:00;32.31135930075899;90.0;57.60895280838696
2021-06-01 03:00:00;34.6449510324188;90.0;55.66480626453006
2021-06-01 04:00:00;47.0445745357756;90.0;55.66607357825757
2021-06-01 05:00:00;67.21114154194146;90.0;56.39042198552397
2021-06-01 06:00:00;75.00368239585967;90.0;56.7360204518107
2021-06-01 07:00:00;73.99281682796908;90.0;57.578017710618724
2021-06-01 08:00:00;66.00579578981713;90.0;59.80607254295228
2021-06-01 09:00:00;65.9348959450968;90.0;59.27022129464996
2021-06-01 10:00:00;61.94029237691784;90.0;59.53180379147574
2021-06-01 11:00:00;61.7565274322399;90.0;59.07575857285474
2021-06-01 12:00:00;62.33981377389609;90.0;58.51634394949696
2021-06-01 13:00:00;58.44832860647294;90.0;59.629365472431914
2021-06-01 14:00:00;60.911511259530585;90.0;58.2119588603357
2021-06-01 15:00:00;54.48230057698275;90.0;59.37973962181513
2021-06-01 16:00:00;52.80265107907677;90.0;59.431348579001394
2021-06-01 17:00:00;54.22803662151092;90.0;58.28856510135165
2021-06-01 18:00:00;57.42324215462716;90.0;56.9228954239436
2021-06-01 19:00:00;60.29008522417457;90.0;56.24605407836407
2021-06-01 20:00:00;63.01852589558278;90.0;56.32942597729243
2021-06-01 21:00:00;63.41633776698569;90.0;56.80789745755004
2021-06-01 22:00:00;56.576503922920026;90.0;59.53979896698189
2021-06-01 23:00:00;44.90582885583784;90.0;58.80313939309866
2021-06-02 00:00:00;30.037401852637938;90.0;57.30842660317404
2021-06-02 01:00:00;29.360930785401315;90.0;57.074394597616276
2021-06-02 02:00:00;28.718339180059154;90.0;56.875575118498546
2021-06-02 03:00:00;30.682715034727973;90.0;55.08962972581145
2021-06-02 04:00:00;40.98615958395361;90.0;55.10730813986606
2021-06-02 05:00:00;57.84148207874638;90.0;56.18083330249118
2021-06-02 06:00:00;64.54604587408038;90.0;56.51672712340513
2021-06-02 07:00:00;63.46597302565973;90.0;57.41296868780523
2021-06-02 08:00:00;57.07326728880691;90.0;59.658549323997306
2021-06-02 09:00:00;57.15164566523172;90.0;59.01195132120705
2021-06-02 10:00:00;54.057373048695034;90.0;59.36732111210438
2021-06-02 11:00:00;53.378248368133356;90.0;59.0429423870213
2021-06-02 12:00:00;53.49371256571685;90.0;58.52070820111828
2021-06-02 13:00:00;49.89790652778044;90.0;58.98342407774987
2021-06-02 14:00:00;51.04821453893207;90.0;58.00842508357681
2021-06-02 15:00:00;46.58194869558726;90.0;58.851855217195975
2021-06-02 16:00:00;45.80273903709896;90.0;58.63971112702228
2021-06-02 17:00:00;48.81949133113123;90.0;56.883241336170954
2021-06-02 18:00:00;50.02845093460878;90.0;56.58632853700465
2021-06-02 19:00:00;49.70863892533437;90.0;57.03961758869906
2021-06-02 20:00:00;55.278514889199535;90.0;56.1381369237626
2021-06-02 21:00:00;54.91638563833058;90.0;56.85113522263276
2021-06-02 22:00:00;48.66471164133885;90.0;59.19916655386919
2021-06-02 23:00:00;38.826369085207105;90.0;58.47965759551829
2021-06-03 00:00:00;38.3351484047206;90.0;58.08617755446312
2021-06-03 01:00:00;38.56236605793748;90.0;57.45317517997114
2021-06-03 02:00:00;36.17152730494152;90.0;58.03581419264685
2021-06-03 03:00:00;38.944750668485746;90.0;56.016818658426814
2021-06-03 04:00:00;53.46374225028161;90.0;55.87383901343395
2021-06-03 05:00:00;76.89027419610444;90.0;56.79170988150963
2021-06-03 06:00:00;86.21091824209155;90.0;57.03115896630135
2021-06-03 07:00:00;84.7886848742184;90.0;57.900435000587265
2021-06-03 08:00:00;75.57128168151652;90.0;59.87989135406605
2021-06-03 09:00:00;76.26000805840873;90.0;59.20303403103418
2021-06-03 10:00:00;71.30910354106442;90.0;60.07768153480487
2021-06-03 11:00:00;68.59541473369815;90.0;59.778030767148095
2021-06-03 12:00:00;68.42123748893499;90.0;59.310844054442384
2021-06-03 13:00:00;61.74818662116333;90.0;59.68383435495463
2021-06-03 14:00:00;61.694892009549996;90.0;59.134710466457875
2021-06-03 15:00:00;58.216181690261266;90.0;59.67453811125347
2021-06-03 16:00:00;58.61642886952247;90.0;58.9292103650335
2021-06-03 17:00:00;60.458812575548414;90.0;57.94345999572903
2021-06-03 18:00:00;64.42236763300797;90.0;56.641152200171234
2021-06-03 19:00:00;67.51192601127079;90.0;56.301688893020696
2021-06-03 20:00:00;71.88337385826152;90.0;56.58571444585368
2021-06-03 21:00:00;72.59159051248668;90.0;56.973139147875884
2021-06-03 22:00:00;64.59107366776819;90.0;59.79688739863002
2021-06-03 23:00:00;50.846256399588846;90.0;59.24535640401501
2021-06-04 00:00:00;29.621439281818834;90.0;57.107512110508765
2021-06-04 01:00:00;29.747836747972688;90.0;56.42412989529362
2021-06-04 02:00:00;28.140427393268475;90.0;57.00684864796432
2021-06-04 03:00:00;29.944383752898805;90.0;55.19904716533739
2021-06-04 04:00:00;40.0875016220794;90.0;55.067343200831544
2021-06-04 05:00:00;56.60514343494737;90.0;56.14461732185782
2021-06-04 06:00:00;64.0295521876986;90.0;56.379862594835345
2021-06-04 07:00:00;62.08144157528553;90.0;57.60724182616548
2021-06-04 08:00:00;55.64121596027998;90.0;59.30527905014327
2021-06-04 09:00:00;55.357949728979335;90.0;58.88034096079451
2021-06-04 10:00:00;52.715516332938236;90.0;59.35801548908802
2021-06-04 11:00:00;51.68961082715095;90.0;59.154735959390166
2021-06-04 12:00:00;51.644825361933236;90.0;58.6289243436039
2021-06-04 13:00:00;48.22263278394121;90.0;59.10465799372349
2021-06-04 14:00:00;49.55291357540505;90.0;57.96793839342172
2021-06-04 15:00:00;45.52016755017168;90.0;58.927783156720125
2021-06-04 16:00:00;44.772796430575205;90.0;58.65180597491059
2021-06-04 17:00:00;47.39142105109724;90.0;57.00260468639357
2021-06-04 18:00:00;48.936130473614654;90.0;56.47873156440568
2021-06-04 19:00:00;48.75414301921736;90.0;56.89542392148138
2021-06-04 20:00:00;53.51153965673899;90.0;55.98739487954276
2021-06-04 21:00:00;53.549533129263125;90.0;56.58326427473145
2021-06-04 22:00:00;47.72374815606511;90.0;59.15908603456961
2021-06-04 23:00:00;35.86064117861939;90.0;58.21141951410482
2021-06-05 00:00:00;31.210937857674423;90.0;57.651641781992
2021-06-05 01:00:00;28.67133362824961;90.0;56.990151070859326
2021-06-05 02:00:00;28.218402308294856;90.0;56.65464016425494
2021-06-05 03:00:00;29.85576501163577;90.0;55.09946644797026
2021-06-05 04:00:00;42.69288932938815;90.0;55.33770047314988
2021-06-05 05:00:00;61.15701280340079;90.0;56.23454060745462
2021-06-05 06:00:00;67.85016857836723;90.0;56.639361884435345
2021-06-05 07:00:00;65.52885888031159;90.0;57.89020505216149
2021-06-05 08:00:00;56.365749721700226;90.0;59.46142261384324
2021-06-05 09:00:00;58.582984078667955;90.0;58.12054285850121
2021-06-05 10:00:00;56.391499643331855;90.0;58.79492116631849
2021-06-05 11:00:00;55.22677356017918;90.0;58.864042321291265
2021-06-05 12:00:00;55.50715780240492;90.0;58.37529684807555
2021-06-05 13:00:00;52.105447643324055;90.0;59.31106647483563
2021-06-05 14:00:00;53.60406493001073;90.0;58.15836428955032
2021-06-05 15:00:00;48.9126048173292;90.0;59.110645679544064
2021-06-05 16:00:00;47.99509012341181;90.0;58.90084303915097
2021-06-05 17:00:00;51.261035334039505;90.0;57.05744888328263
2021-06-05 18:00:00;52.61982468073161;90.0;56.70375256768489
2021-06-05 19:00:00;55.195177135898994;90.0;56.06089912155579
2021-06-05 20:00:00;57.10769341631898;90.0;56.08779398205934
2021-06-05 21:00:00;57.50025200451462;90.0;56.572750554931474
2021-06-05 22:00:00;51.469003447759434;90.0;59.23963290022789
2021-06-05 23:00:00;41.13155676503736;90.0;58.66818685385084
2021-06-06 00:00:00;38.51853675157608;90.0;58.41465867610208
2021-06-06 01:00:00;37.42120321239884;90.0;58.33751257482879
2021-06-06 02:00:00;36.54889652862296;90.0;58.146411843790816
2021-06-06 03:00:00;39.29633948230843;90.0;56.135960043245916
2021-06-06 04:00:00;54.0715864281349;90.0;56.01078771282141
2021-06-06 05:00:00;77.97149541873853;90.0;56.81208065794323
2021-06-06 06:00:00;88.23947840078019;90.0;56.97705881896218
2021-06-06 07:00:00;85.87030690306972;90.0;58.095890049820696
2021-06-06 08:00:00;76.51075819104288;90.0;59.89304251466376
2021-06-06 09:00:00;77.04983373845539;90.0;59.26285332559115
2021-06-06 10:00:00;71.98260242769311;90.0;60.00715547356839
2021-06-06 11:00:00;69.37546562246702;90.0;59.93708374695558
2021-06-06 12:00:00;68.85731410721492;90.0;59.52672734378456
2021-06-06 13:00:00;62.522985556625635;90.0;59.71052129407718
2021-06-06 14:00:00;62.46451908392434;90.0;59.163559478712784
2021-06-06 15:00:00;59.06039467339771;90.0;59.78478536246888
2021-06-06 16:00:00;59.98586652428095;90.0;58.84078250456338
2021-06-06 17:00:00;61.062966634127065;90.0;58.166050128788356
2021-06-06 18:00:00;65.34045585267265;90.0;56.70815744286551
2021-06-06 19:00:00;67.95030057215875;90.0;56.50029999533268
2021-06-06 20:00:00;72.35584522865832;90.0;56.66921411395401
2021-06-06 21:00:00;73.46063203049131;90.0;56.91904669719361
2021-06-06 22:00:00;63.013789433821245;90.0;59.705487290805536
2021-06-06 23:00:00;47.80550438443699;90.0;58.93875146889803
2021-06-07 00:00:00;32.859550374614706;90.0;57.74442277144061
2021-06-07 01:00:00;31.69474085810729;90.0;57.66328955350019
2021-06-07 02:00:00;30.86897833669104;90.0;57.47731974169358
2021-06-07 03:00:00;33.22058801812061;90.0;55.446490699929086
2021-06-07 04:00:00;45.42276836185137;90.0;55.55652562158531
2021-06-07 05:00:00;64.70576167953924;90.0;56.34336339594569
2021-06-07 06:00:00;72.21015603233546;90.0;56.68410468641423
2021-06-07 07:00:00;70.966004304128;90.0;57.60128750402862
2021-06-07 08:00:00;63.67401901933015;90.0;59.68402542301112
2021-06-07 09:00:00;63.5402377931323;90.0;59.18174098818707
2021-06-07 10:00:00;60.27253636602509;90.0;59.85228477475346
2021-06-07 11:00:00;59.35411684100881;90.0;59.52303125065214
2021-06-07 12:00:00;59.77228913537714;90.0;58.8400194176441
2021-06-07 13:00:00;55.56989143696353;90.0;59.34171212965458
2021-06-07 14:00:00;58.41262466963194;90.0;57.80021294372739
2021-06-07 15:00:00;52.42854972535496;90.0;59.190495469034545
2021-06-07 16:00:00;50.93709128097746;90.0;59.22258001436967
2021-06-07 17:00:00;54.55791375455958;90.0;57.27307417084046
2021-06-07 18:00:00;55.8255898135811;90.0;56.96002664512514
2021-06-07 19:00:00;58.396581664438884;90.0;56.326301562067954
2021-06-07 20:00:00;60.91972825825325;90.0;56.12924886366375
2021-06-07 21:00:00;61.13471558524266;90.0;56.71395410144356
2021-06-07 22:00:00;54.59982228338279;90.0;59.324573841526046
2021-06-07 23:00:00;43.4759942276872;90.0;58.81030398394097
2021-06-08 00:00:00;25.792132950944442;90.0;56.55626322519896
2021-06-08 01:00:00;24.714147483703414;90.0;56.401400493856386
2021-06-08 02:00:00;24.152800066913276;90.0;56.0438644582523
2021-06-08 03:00:00;25.8381424809909;90.0;54.213651455409206
2021-06-08 04:00:00;34.479180151845455;90.0;54.63874910654499
2021-06-08 05:00:00;47.9859860872594;90.0;55.769532418311485
2021-06-08 06:00:00;53.25647765206754;90.0;55.93056334454798
2021-06-08 07:00:00;51.47792192118503;90.0;57.247645767297854
2021-06-08 08:00:00;44.586022339441634;90.0;58.8102055323356
2021-06-08 09:00:00;46.28244758773447;90.0;57.49090606437568
2021-06-08 10:00:00;44.71831774758934;90.0;58.08554006983036
2021-06-08 11:00:00;43.873714414780466;90.0;58.1306732868872
2021-06-08 12:00:00;43.89004052854185;90.0;57.75763182255997
2021-06-08 13:00:00;41.07225267060865;90.0;58.70688432406513
2021-06-08 14:00:00;41.73676955057005;90.0;57.74806306065676
2021-06-08 15:00:00;38.827059217391145;90.0;58.4741235701062
2021-06-08 16:00:00;38.35494470625307;90.0;58.065372692222525
2021-06-08 17:00:00;40.269092986874696;90.0;56.60258274238629
2021-06-08 18:00:00;41.796628173803036;90.0;55.95528053336977
2021-06-08 19:00:00;42.21980556880551;90.0;56.13199156145083
2021-06-08 20:00:00;45.45870650011887;90.0;55.4340156392272
2021-06-08 21:00:00;43.874222523497515;90.0;56.81672137829378
2021-06-08 22:00:00;40.35726522548813;90.0;58.458329078668555
2021-06-08 23:00:00;32.35198587388122;90.0;57.72306435706781
2021-06-09 00:00:00;21.113623190362553;90.0;55.13026081697416
2021-06-09 01:00:00;21.05369556508307;90.0;54.4669871606709
2021-06-09 02:00:00;20.24205630969596;90.0;54.57340886010002
2021-06-09 03:00:00;20.792016534609246;90.0;53.557112273813004
2021-06-09 04:00:00;29.42965904201804;90.0;53.84620114969118
2021-06-09 05:00:00;38.42918733807853;90.0;54.92740195943554
2021-06-09 06:00:00;24.77483841939579;90.0;56.377951542640346
2021-06-09 07:00:00;37.959531146259735;90.0;54.92792359496991
2021-06-09 08:00:00;35.28784810358356;90.0;56.9988382943518
2021-06-09 09:00:00;35.783248920863706;90.0;56.48382811554251
2021-06-09 10:00:00;34.49882483953251;90.0;57.15052297669655
2021-06-09 11:00:00;33.77958558026218;90.0;57.212957264357044
2021-06-09 12:00:00;33.84809381776918;90.0;56.78096233282281
2021-06-09 13:00:00;31.949982323862578;90.0;57.53359500875712
2021-06-09 14:00:00;32.44439428538655;90.0;56.63283561829729
2021-06-09 15:00:00;30.393265135291465;90.0;57.42032616135157
2021-06-09 16:00:00;30.043124057019533;90.0;56.96837725158679
2021-06-09 17:00:00;31.38404786144768;90.0;55.64241200673746
2021-06-09 18:00:00;32.47822243022532;90.0;55.09003978076868
2021-06-09 19:00:00;32.98074573706198;90.0;55.172524850909156
2021-06-09 20:00:00;35.1346296596422;90.0;54.75880725664706
2021-06-09 21:00:00;34.101428499515606;90.0;55.96607417111426
2021-06-09 22:00:00;33.18990998072721;90.0;56.57929195500071
2021-06-09 23:00:00;25.68124632044941;90.0;56.75574340642879
2021-06-10 00:00:00;24.8111814449678;90.0;56.46153289797252
2021-06-10 01:00:00;24.77000943624948;90.0;55.723859240083016
2021-06-10 02:00:00;23.677607754748486;90.0;55.93911598009737
2021-06-10 03:00:00;24.27261289591409;90.0;54.83526986214741
2021-06-10 04:00:00;35.815744009147885;90.0;54.7812735409608
2021-06-10 05:00:00;47.767566177353224;90.0;55.66448357021255
2021-06-10 06:00:00;50.434185808545244;90.0;55.78110909441318
2021-06-10 07:00:00;46.6331024430827;90.0;57.98373427845581
2021-06-10 08:00:00;42.807362020765716;90.0;58.74356015412093
2021-06-10 09:00:00;43.956814673143846;90.0;57.62052117412554
2021-06-10 10:00:00;42.256872248903676;90.0;58.21054104022653
2021-06-10 11:00:00;41.4663953016204;90.0;58.14317589007527
2021-06-10 12:00:00;42.07249000105448;90.0;57.424437549867264
2021-06-10 13:00:00;40.03236251436688;90.0;58.2307127611561
2021-06-10 14:00:00;41.74081735371918;90.0;56.9053287884272
2021-06-10 15:00:00;37.226921350619385;90.0;58.25047026986891
2021-06-10 16:00:00;36.442164886135366;90.0;58.03381527505371
2021-06-10 17:00:00;38.25752083610813;90.0;56.51894708249023
2021-06-10 18:00:00;39.61552312752495;90.0;55.889526118501124
2021-06-10 19:00:00;39.64778800534329;90.0;56.2099404395683
2021-06-10 20:00:00;42.97809307633994;90.0;55.28163131033136
2021-06-10 21:00:00;43.151706369711825;90.0;55.88387256384385
2021-06-10 22:00:00;38.38521274292993;90.0;58.2464179640325
2021-06-10 23:00:00;30.892364414554347;90.0;57.448029794313584
2021-06-11 00:00:00;20.991123200627314;90.0;55.291042959964955
2021-06-11 01:00:00;20.896223848431855;90.0;54.56634217178794
2021-06-11 02:00:00;20.127707748290817;90.0;54.67597695234997
2021-06-11 03:00:00;20.738402804432873;90.0;53.56041350013567
2021-06-11 04:00:00;28.78308042784906;90.0;53.83616039075156
2021-06-11 05:00:00;34.4092983677808;90.0;54.54451327548418
2021-06-11 06:00:00;26.61539901520081;90.0;56.657773049476475
2021-06-11 07:00:00;37.605106780322885;90.0;54.88945186249714
2021-06-11 08:00:00;35.10679832758225;90.0;56.88725495971124
2021-06-11 09:00:00;35.48286585673412;90.0;56.47386186828646
2021-06-11 10:00:00;34.20818836763244;90.0;57.13429056844859
2021-06-11 11:00:00;33.4973125788298;90.0;57.18943833940722
2021-06-11 12:00:00;33.56475571786043;90.0;56.75422409702185
2021-06-11 13:00:00;31.688986741624834;90.0;57.496826132175045
2021-06-11 14:00:00;32.17704075371034;90.0;56.5972042575313
2021-06-11 15:00:00;30.149975183675586;90.0;57.37687627213046
2021-06-11 16:00:00;29.803451817742097;90.0;56.92469379217874
2021-06-11 17:00:00;31.128143581076927;90.0;55.60476210343984
2021-06-11 18:00:00;32.19000580715095;90.0;55.06810050903073
2021-06-11 19:00:00;32.53887163824912;90.0;55.231171877609995
2021-06-11 20:00:00;34.81620664782624;90.0;54.69908955436523
2021-06-11 21:00:00;33.78714822528502;90.0;55.92015560469355
2021-06-11 22:00:00;32.824342776174454;90.0;56.5703074072801
2021-06-11 23:00:00;27.37412701169946;90.0;56.76737270821371
2021-06-12 00:00:00;26.373024468324864;90.0;56.677607333116384
2021-06-12 01:00:00;23.279201177128115;90.0;56.03449139929705
2021-06-12 02:00:00;22.432280014911804;90.0;55.77287876464686
2021-06-12 03:00:00;23.23515459360067;90.0;54.40148650271237
2021-06-12 04:00:00;32.73918292662411;90.0;54.353006567553905
2021-06-12 05:00:00;43.83515261142823;90.0;55.45676175330948
2021-06-12 06:00:00;46.739002095710276;90.0;55.742973630817744
2021-06-12 07:00:00;44.976087583546416;90.0;57.08417609615054
2021-06-12 08:00:00;39.360397411653835;90.0;58.586142060812165
2021-06-12 09:00:00;40.720346988745064;90.0;57.26525040576672
2021-06-12 10:00:00;39.41253689980773;90.0;57.751901837888
2021-06-12 11:00:00;38.71101250415774;90.0;57.73538112577222
2021-06-12 12:00:00;38.63044675996903;90.0;57.39421705939736
2021-06-12 13:00:00;36.281944646813976;90.0;58.2293095809589
2021-06-12 14:00:00;36.857513119226425;90.0;57.27469913112952
2021-06-12 15:00:00;34.392279307885694;90.0;57.929143653419544
2021-06-12 16:00:00;33.985912984970625;90.0;57.519864773940355
2021-06-12 17:00:00;35.63400899605535;90.0;56.114509724089146
2021-06-12 18:00:00;36.8546985324257;90.0;55.571525362789714
2021-06-12 19:00:00;36.87198219803488;90.0;55.92826404733796
2021-06-12 20:00:00;39.9406092440708;90.0;55.056789205289476
2021-06-12 21:00:00;40.09429983831939;90.0;55.66984639669374
2021-06-12 22:00:00;35.83552743064782;90.0;58.17222411258177
2021-06-12 23:00:00;29.063634832052163;90.0;57.26196817058718
2021-06-13 00:00:00;36.85271937949702;90.0;54.79447324583248
2021-06-13 01:00:00;37.039187500196945;90.0;55.39079498305716
2021-06-13 02:00:00;35.0157948786158;90.0;56.918783328290715
2021-06-13 03:00:00;36.14884647485232;90.0;56.0824658320426
2021-06-13 04:00:00;57.81743275360289;90.0;56.30489995855447
2021-06-13 05:00:00;79.78865285937252;90.0;56.75614049154376
2021-06-13 06:00:00;83.01866577585164;90.0;56.891324504629154
2021-06-13 07:00:00;80.97892771847366;90.0;57.964826171440905
2021-06-13 08:00:00;72.9053414694736;90.0;60.15472322036584
2021-06-13 09:00:00;73.02945466290099;90.0;59.5212963389767
2021-06-13 10:00:00;68.56920013469608;90.0;59.775427357701005
2021-06-13 11:00:00;65.7509556200723;90.0;59.89185957276493
2021-06-13 12:00:00;65.12089546919651;90.0;59.50046332055655
2021-06-13 13:00:00;59.56117803405354;90.0;59.54488905124737
2021-06-13 14:00:00;59.44027578591391;90.0;59.03514961057124
2021-06-13 15:00:00;55.19793216498801;90.0;59.337913320323196
2021-06-13 16:00:00;56.36217341995913;90.0;58.37850562269318
2021-06-13 17:00:00;58.86508530148184;90.0;57.29308949750532
2021-06-13 18:00:00;62.80353461546693;90.0;56.2828045859909
2021-06-13 19:00:00;65.18203668972468;90.0;56.39309574930115
2021-06-13 20:00:00;68.7285164197038;90.0;56.71268932072155
2021-06-13 21:00:00;70.76514845732385;90.0;56.626954280902
2021-06-13 22:00:00;60.392215222832895;90.0;59.599179719036954
2021-06-13 23:00:00;45.71947178847623;90.0;58.80407291750731
2021-06-14 00:00:00;37.684044563028124;90.0;58.33264383744398
2021-06-14 01:00:00;36.14611407810216;90.0;57.98041033914217
2021-06-14 02:00:00;35.178193059186796;90.0;57.92363774762077
2021-06-14 03:00:00;37.648910763100105;90.0;56.02660984335847
2021-06-14 04:00:00;52.75472621133077;90.0;55.970582031198546
2021-06-14 05:00:00;76.15638061994927;90.0;56.78024297670703
2021-06-14 06:00:00;87.06079002490283;90.0;56.98016339361942
2021-06-14 07:00:00;84.05911957966823;90.0;58.256128397900966
2021-06-14 08:00:00;74.61104407918523;90.0;59.997709633086004
2021-06-14 09:00:00;75.62250988783852;90.0;59.1913583263775
2021-06-14 10:00:00;70.20525941217326;90.0;59.81095001287002
2021-06-14 11:00:00;67.13709905396944;90.0;59.975920076212105
2021-06-14 12:00:00;66.76166683448628;90.0;59.492825455671266
2021-06-14 13:00:00;61.375810661202976;90.0;59.84201051270037
2021-06-14 14:00:00;60.897477490285496;90.0;59.382300872219844
2021-06-14 15:00:00;57.77133585337116;90.0;59.59185642304419
2021-06-14 16:00:00;58.93190892596562;90.0;58.60414832108421
2021-06-14 17:00:00;60.521347995507064;90.0;57.81573160028091
2021-06-14 18:00:00;64.75071974157035;90.0;56.473133159360145
2021-06-14 19:00:00;66.87003629876911;90.0;56.485033293874096
2021-06-14 20:00:00;71.01691651444776;90.0;56.6817251071044
2021-06-14 21:00:00;71.70735428921942;90.0;57.02993209631609
2021-06-14 22:00:00;63.849193220093774;90.0;59.80951919873502
2021-06-14 23:00:00;46.73145378155227;90.0;59.089948810587714
2021-06-15 00:00:00;34.2784574688344;90.0;58.01913924877357
2021-06-15 01:00:00;33.00964411596059;90.0;57.7024521261518
2021-06-15 02:00:00;32.083249120089704;90.0;57.61385140810279
2021-06-15 03:00:00;34.124312216844196;90.0;55.81255730193476
2021-06-15 04:00:00;47.499351477540095;90.0;55.60995506219979
2021-06-15 05:00:00;68.10302412715149;90.0;56.38967194229832
2021-06-15 06:00:00;77.68096630490442;90.0;56.797868415587345
2021-06-15 07:00:00;70.83050815695611;90.0;59.24448342411836
2021-06-15 08:00:00;66.78941598576313;90.0;59.98151386738141
2021-06-15 09:00:00;67.27610358688565;90.0;59.233613475970515
2021-06-15 10:00:00;62.75453279958749;90.0;59.63791274972476
2021-06-15 11:00:00;60.07058191343147;90.0;59.527179201371666
2021-06-15 12:00:00;63.17720343728787;90.0;57.97301041745851
2021-06-15 13:00:00;59.17379325791624;90.0;59.30529126121189
2021-06-15 14:00:00;61.56642857979138;90.0;58.03070756227214
2021-06-15 15:00:00;55.24151209626546;90.0;59.3758096699882
2021-06-15 16:00:00;53.42633040342118;90.0;59.38048066016398
2021-06-15 17:00:00;57.31387978084447;90.0;57.383940347165776
2021-06-15 18:00:00;58.815778916257194;90.0;57.0078322232892
2021-06-15 19:00:00;61.51969226830269;90.0;56.39319894247956
2021-06-15 20:00:00;64.35953043108859;90.0;56.40921590322074
2021-06-15 21:00:00;64.27878381205267;90.0;57.026486235421544
2021-06-15 22:00:00;56.90847194816421;90.0;59.48194629530366
2021-06-15 23:00:00;44.66086550361675;90.0;58.85346752713923
2021-06-16 00:00:00;24.37455891237983;90.0;56.07217148704177
2021-06-16 01:00:00;24.303733491477548;90.0;55.468493618405944
2021-06-16 02:00:00;23.29392909202617;90.0;55.684258318706156
2021-06-16 03:00:00;24.059263875980267;90.0;54.51689596875309
2021-06-16 04:00:00;34.53738979970547;90.0;54.43496114893236
2021-06-16 05:00:00;46.34846620297348;90.0;55.56021833542093
2021-06-16 06:00:00;49.3253137411732;90.0;55.88393977049935
2021-06-16 07:00:00;45.56624152738999;90.0;58.03575805834549
2021-06-16 08:00:00;41.65424223261179;90.0;58.523792391700056
2021-06-16 09:00:00;42.95892859007492;90.0;57.354472543659256
2021-06-16 10:00:00;41.404021780742745;90.0;57.959954429294555
2021-06-16 11:00:00;40.44582133066066;90.0;58.04092016865707
2021-06-16 12:00:00;40.53915062791378;90.0;57.564197086756906
2021-06-16 13:00:00;38.10888186238267;90.0;58.39243789218983
2021-06-16 14:00:00;38.75447969263705;90.0;57.43000249748644
2021-06-16 15:00:00;36.28329133222484;90.0;58.06467341197697
2021-06-16 16:00:00;35.71177052690832;90.0;57.76954960298116
2021-06-16 17:00:00;37.698240864494096;90.0;56.213717874397105
2021-06-16 18:00:00;38.76027658440229;90.0;55.82027932437222
2021-06-16 19:00:00;38.58937818762258;90.0;56.241026976116814
2021-06-16 20:00:00;42.34536569547999;90.0;55.39245580553103
2021-06-16 21:00:00;42.198425583297585;90.0;56.07584365924998
2021-06-16 22:00:00;37.951800693962944;90.0;58.379196681739415
2021-06-16 23:00:00;30.69306787405035;90.0;57.4147188380926
2021-06-17 00:00:00;24.614064648029686;90.0;56.433747052877266
2021-06-17 01:00:00;24.528486332537643;90.0;55.716753073666155
2021-06-17 02:00:00;23.498217699618657;90.0;55.86391191875367
2021-06-17 03:00:00;24.270474847833594;90.0;54.642411668047146
2021-06-17 04:00:00;35.11476555204876;90.0;54.60851267128976
2021-06-17 05:00:00;47.17767254222873;90.0;55.60215650352785
2021-06-17 06:00:00;49.78992278654683;90.0;55.74244138489456
2021-06-17 07:00:00;48.17719567033303;90.0;57.0450386404882
2021-06-17 08:00:00;44.43185124490431;90.0;58.76396711106969
2021-06-17 09:00:00;43.40220711531696;90.0;58.656831694391144
2021-06-17 10:00:00;42.0268595335924;90.0;58.62153969627548
2021-06-17 11:00:00;41.264678844436574;90.0;58.39131161243779
2021-06-17 12:00:00;41.28112215855559;90.0;57.85456300275587
2021-06-17 13:00:00;38.77737721013498;90.0;58.356007483089115
2021-06-17 14:00:00;39.435824648075794;90.0;57.425000783684595
2021-06-17 15:00:00;36.57807723535746;90.0;58.2543371676453
2021-06-17 16:00:00;36.06211985653027;90.0;57.87095650518529
2021-06-17 17:00:00;37.87205096646762;90.0;56.39037007946774
2021-06-17 18:00:00;39.20052412123238;90.0;55.803650859498134
2021-06-17 19:00:00;39.33153387309074;90.0;56.094155840284884
2021-06-17 20:00:00;42.51593756441451;90.0;55.26250659899051
2021-06-17 21:00:00;42.692482455872984;90.0;55.857840434799755
2021-06-17 22:00:00;40.22135749099888;90.0;57.46811637229439
2021-06-17 23:00:00;32.88117904642074;90.0;57.70285997254081
2021-06-18 00:00:00;30.89707627366468;90.0;57.45847308359703
2021-06-18 01:00:00;27.03318887220157;90.0;56.78121178138662
2021-06-18 02:00:00;25.878381481013445;90.0;56.485081212874036
2021-06-18 03:00:00;26.748649412504147;90.0;55.22473219660918
2021-06-18 04:00:00;39.302713503502915;90.0;55.104200713404566
2021-06-18 05:00:00;53.22123085288303;90.0;55.93499881216479
2021-06-18 06:00:00;56.59489237216894;90.0;56.09993112938855
2021-06-18 07:00:00;52.022301295432044;90.0;58.4074781838072
2021-06-18 08:00:00;47.0609477898702;90.0;59.064298817498866
2021-06-18 09:00:00;48.9599020925144;90.0;57.674198243441595
2021-06-18 10:00:00;47.343047209135506;90.0;58.24914326347016
2021-06-18 11:00:00;46.50364655865988;90.0;58.27808259602671
2021-06-18 12:00:00;46.87722145319101;90.0;57.76740866182155
2021-06-18 13:00:00;44.16694004193028;90.0;58.77328099890644
2021-06-18 14:00:00;46.0181900660933;90.0;57.3879753887457
2021-06-18 15:00:00;41.551381075623055;90.0;58.623267009010306
2021-06-18 16:00:00;40.54539170666793;90.0;58.49856074640064
2021-06-18 17:00:00;43.23617205815466;90.0;56.652393802009385
2021-06-18 18:00:00;44.12691586805468;90.0;56.40085804017093
2021-06-18 19:00:00;46.081197805962425;90.0;55.807953542970665
2021-06-18 20:00:00;48.13027042549464;90.0;55.59940984420024
2021-06-18 21:00:00;48.165555443295034;90.0;56.25190682318453
2021-06-18 22:00:00;43.140922521039236;90.0;58.7330655551545
2021-06-18 23:00:00;34.8806454520863;90.0;58.02391052966453
2021-06-19 00:00:00;37.13544807941146;90.0;56.17990367105466
2021-06-19 01:00:00;35.92518304933497;90.0;56.95366417480011
2021-06-19 02:00:00;35.03007208073766;90.0;57.231850762994554
2021-06-19 03:00:00;37.421420179394424;90.0;55.61994835143196
2021-06-19 04:00:00;52.158933546739995;90.0;55.93143067556116
2021-06-19 05:00:00;74.99715647061646;90.0;56.63805085831052
2021-06-19 06:00:00;84.14058233146052;90.0;56.96586703175876
2021-06-19 07:00:00;81.8629659430936;90.0;58.07010193087535
2021-06-19 08:00:00;73.99007168443103;90.0;60.258793748268545
2021-06-19 09:00:00;73.50545374202945;90.0;59.77055973294779
2021-06-19 10:00:00;69.07847817010376;90.0;59.79779210385334
2021-06-19 11:00:00;66.33379781756332;90.0;59.98044996413893
2021-06-19 12:00:00;69.78385684084215;90.0;58.3490992123231
2021-06-19 13:00:00;65.14977415181767;90.0;59.68915057055341
2021-06-19 14:00:00;60.307549077877454;90.0;59.711918566521206
2021-06-19 15:00:00;56.707645756334934;90.0;59.513669980553914
2021-06-19 16:00:00;57.872991324094116;90.0;58.5311620436309
2021-06-19 17:00:00;59.663475450431676;90.0;57.67842292163846
2021-06-19 18:00:00;62.20361856590967;90.0;56.90701985645825
2021-06-19 19:00:00;72.33306602280739;90.0;56.69309967112372
2021-06-19 20:00:00;74.09885714162085;90.0;56.74956333809678
2021-06-19 21:00:00;71.66882350597477;90.0;57.98461573030312
2021-06-19 22:00:00;60.831746114555216;90.0;59.53713348301386
2021-06-19 23:00:00;46.224586876364604;90.0;58.93814190599227
2021-06-20 00:00:00;35.373158921706555;90.0;58.10704733689147
2021-06-20 01:00:00;34.63038439118994;90.0;57.86412089996543
2021-06-20 02:00:00;33.57886615396872;90.0;57.74948832958694
2021-06-20 03:00:00;36.07759836116059;90.0;55.77587111024809
2021-06-20 04:00:00;49.2536062481951;90.0;55.73839320362572
2021-06-20 05:00:00;70.58137819985176;90.0;56.443545680071395
2021-06-20 06:00:00;79.76270816728858;90.0;56.80688325723662
2021-06-20 07:00:00;77.65910851275966;90.0;57.92582522712797
2021-06-20 08:00:00;69.34364248685421;90.0;59.78162910668789
2021-06-20 09:00:00;70.12236391169955;90.0;59.04080157009821
2021-06-20 10:00:00;65.17872093426867;90.0;59.7817618806975
2021-06-20 11:00:00;62.80397251844831;90.0;59.71521966740045
2021-06-20 12:00:00;62.26012113338175;90.0;59.33058537561658
2021-06-20 13:00:00;57.11971412267604;90.0;59.590879376632415
2021-06-20 14:00:00;64.07325855362426;90.0;56.66696895564087
2021-06-20 15:00:00;56.961260335437736;90.0;59.52774636118761
2021-06-20 16:00:00;55.33036556444985;90.0;59.52753119080927
2021-06-20 17:00:00;59.31063374863837;90.0;57.53048712069909
2021-06-20 18:00:00;60.699302647541536;90.0;57.18537561649424
2021-06-20 19:00:00;63.186829303979515;90.0;56.62852155758338
2021-06-20 20:00:00;66.23166218038097;90.0;56.27503997041879
2021-06-20 21:00:00;66.60387987449442;90.0;56.81762338242595
2021-06-20 22:00:00;57.459507947872225;90.0;59.461947831484736
2021-06-20 23:00:00;43.75509834409157;90.0;58.87049523594101
2021-06-21 00:00:00;28.529372077121092;90.0;57.16282420963972
2021-06-21 01:00:00;27.39130389591787;90.0;57.085443956262
2021-06-21 02:00:00;26.55984169425593;90.0;56.87403189368388
2021-06-21 03:00:00;28.846299416605618;90.0;54.638796208461144
2021-06-21 04:00:00;38.78532257960349;90.0;54.92030006011498
2021-06-21 05:00:00;58.354263815278934;90.0;56.238632022304216
2021-06-21 06:00:00;60.72088484154704;90.0;56.160114869781125
2021-06-21 07:00:00;59.0541839926295;90.0;57.366691691317214
2021-06-21 08:00:00;53.87902054258285;90.0;59.38242631097961
2021-06-21 09:00:00;53.193804738169476;90.0;59.058599179355326
2021-06-21 10:00:00;50.928652541332056;90.0;59.32802603571605
2021-06-21 11:00:00;50.12178742265373;90.0;59.02940042501439
2021-06-21 12:00:00;50.39277425264266;90.0;58.391712145005044
2021-06-21 13:00:00;47.25944776514561;90.0;58.99592893070991
2021-06-21 14:00:00;48.33497164617426;90.0;57.96715847591048
2021-06-21 15:00:00;44.11053823770658;90.0;58.72907845910288
2021-06-21 16:00:00;43.26908068850696;90.0;58.542377452840185
2021-06-21 17:00:00;45.72578360434941;90.0;56.93180310383735
2021-06-21 18:00:00;47.23371746982042;90.0;56.39553989530316
2021-06-21 19:00:00;47.01880225582301;90.0;56.8274801156482
2021-06-21 20:00:00;51.53771953016231;90.0;55.928978372634276
2021-06-21 21:00:00;51.720742321171066;90.0;56.458751691162206
2021-06-21 22:00:00;45.7243974298998;90.0;58.948532808917264
2021-06-21 23:00:00;36.39078443100564;90.0;58.21660987590462
2021-06-22 00:00:00;22.028107478251155;90.0;55.56369314551392
2021-06-22 01:00:00;21.969457667053156;90.0;54.84893107536237
2021-06-22 02:00:00;21.089206996118158;90.0;55.07052984994283
2021-06-22 03:00:00;21.645450518035823;90.0;53.987508410672945
2021-06-22 04:00:00;30.872568397174827;90.0;54.135889160265435
2021-06-22 05:00:00;40.46655914771598;90.0;55.190460539570495
2021-06-22 06:00:00;27.38940008599227;90.0;56.85149941864478
2021-06-22 07:00:00;40.05170797728529;90.0;55.219220401356495
2021-06-22 08:00:00;36.89493412702185;90.0;57.42881309702727
2021-06-22 09:00:00;37.71463826914562;90.0;56.6660045506635
2021-06-22 10:00:00;36.44108171471283;90.0;57.3032308412549
2021-06-22 11:00:00;35.60683441149091;90.0;57.43703651239315
2021-06-22 12:00:00;35.68316426629086;90.0;57.00345197063854
2021-06-22 13:00:00;33.64019474017351;90.0;57.7875453649641
2021-06-22 14:00:00;34.1763091436966;90.0;56.872505930627256
2021-06-22 15:00:00;31.956521420465556;90.0;57.51998363208793
2021-06-22 16:00:00;31.587376878126026;90.0;57.12530874515568
2021-06-22 17:00:00;33.100646470196224;90.0;55.763913644534966
2021-06-22 18:00:00;34.13426785402871;90.0;55.310358297065534
2021-06-22 19:00:00;34.28955642787159;90.0;55.58302584042076
2021-06-22 20:00:00;37.004409512739606;90.0;54.83398286521458
2021-06-22 21:00:00;35.798393376574694;90.0;56.151885949124676
2021-06-22 22:00:00;34.987869157336306;90.0;56.6913096017135
2021-06-22 23:00:00;27.012681670563573;90.0;56.92006032241176
2021-06-23 00:00:00;25.660422510246562;90.0;56.47220797170985
2021-06-23 01:00:00;25.57490838107471;90.0;55.85044502836064
2021-06-23 02:00:00;24.50179194567059;90.0;56.061172042545536
2021-06-23 03:00:00;25.20506926616454;90.0;54.93626948057869
2021-06-23 04:00:00;37.55684168958944;90.0;54.8711945747998
2021-06-23 05:00:00;49.95690491304189;90.0;55.75935502242862
2021-06-23 06:00:00;52.75860534220605;90.0;56.00515208129184
2021-06-23 07:00:00;48.569492296456446;90.0;58.25181862517081
2021-06-23 08:00:00;44.335955863129605;90.0;58.761902940308175
2021-06-23 09:00:00;45.81421991870615;90.0;57.54454007903104
2021-06-23 10:00:00;44.21663223775563;90.0;58.131517866591366
2021-06-23 11:00:00;43.38188501514667;90.0;58.14828125609597
2021-06-23 12:00:00;43.41293829087638;90.0;57.750145694878654
2021-06-23 13:00:00;40.71323028833853;90.0;58.64988394233558
2021-06-23 14:00:00;41.67602180710763;90.0;57.55682976449441
2021-06-23 15:00:00;38.60529608714375;90.0;58.4338517913194
2021-06-23 16:00:00;37.97860716445545;90.0;58.11074091159173
2021-06-23 17:00:00;40.06517933885189;90.0;56.52662922605458
2021-06-23 18:00:00;41.29707899427877;90.0;56.03868232516038
2021-06-23 19:00:00;41.032320565719985;90.0;56.4932404254489
2021-06-23 20:00:00;44.84975651155732;90.0;55.484260819923406
2021-06-23 21:00:00;44.99056264703912;90.0;56.066341038082385
2021-06-23 22:00:00;40.533894407380885;90.0;58.530136134811414
2021-06-23 23:00:00;32.87396095128439;90.0;57.721664045420596
2021-06-24 00:00:00;38.50991521261366;90.0;55.084053080989065
2021-06-24 01:00:00;37.018798403923746;90.0;56.479371743823606
2021-06-24 02:00:00;36.37286522312688;90.0;56.8421287932149
2021-06-24 03:00:00;39.02375190869233;90.0;55.34326924506138
2021-06-24 04:00:00;54.05696409939324;90.0;56.15417159239536
2021-06-24 05:00:00;83.89622152116702;90.0;56.914718584703564
2021-06-24 06:00:00;87.33550975575858;90.0;56.87883754012091
2021-06-24 07:00:00;85.18661836680093;90.0;57.982697845193
2021-06-24 08:00:00;76.69242635724444;90.0;60.081268693132756
2021-06-24 09:00:00;76.50787571255246;90.0;59.58433516829308
2021-06-24 10:00:00;71.67269580216697;90.0;59.79425383832688
2021-06-24 11:00:00;68.61811048244277;90.0;60.05924030122668
2021-06-24 12:00:00;68.748922807593;90.0;59.41282232899641
2021-06-24 13:00:00;67.42421300509214;90.0;59.400862119119665
2021-06-24 14:00:00;70.65431062303152;90.0;58.03813666222817
2021-06-24 15:00:00;59.283048801129645;90.0;59.62789423220693
2021-06-24 16:00:00;59.01008117399278;90.0;59.1453276839016
2021-06-24 17:00:00;60.19646828185013;90.0;58.32141720274268
2021-06-24 18:00:00;64.20759033288057;90.0;56.872010333416654
2021-06-24 19:00:00;74.90595081033234;90.0;56.69684418622995
2021-06-24 20:00:00;77.11869038566947;90.0;56.666592595612826
2021-06-24 21:00:00;75.2963470655577;90.0;57.761431780578505
2021-06-24 22:00:00;63.55332799182484;90.0;59.69162930562459
2021-06-24 23:00:00;47.995616310167364;90.0;58.97659080732484
2021-06-25 00:00:00;37.030000268772234;90.0;58.23537431474989
2021-06-25 01:00:00;34.7407409110284;90.0;57.945213774691524
2021-06-25 02:00:00;34.32245347168069;90.0;57.54995438945224
2021-06-25 03:00:00;36.95638180410484;90.0;55.63629493523962
2021-06-25 04:00:00;52.130923179635545;90.0;56.06620039445369
2021-06-25 05:00:00;75.48581169229917;90.0;56.7696828941057
2021-06-25 06:00:00;86.36959081868203;90.0;56.96404734645989
2021-06-25 07:00:00;82.8725819405264;90.0;58.370462865693355
2021-06-25 08:00:00;73.74912755662223;90.0;60.00055250183681
2021-06-25 09:00:00;74.06631166025102;90.0;59.372055348307754
2021-06-25 10:00:00;69.28376545230334;90.0;59.897476974052495
2021-06-25 11:00:00;66.32114363892818;90.0;59.86737887165299
2021-06-25 12:00:00;66.09797341747205;90.0;59.36554072675244
2021-06-25 13:00:00;60.69794518776062;90.0;59.78459246883085
2021-06-25 14:00:00;60.118103163699146;90.0;59.370054499672904
2021-06-25 15:00:00;57.61384737846294;90.0;59.628896919582246
2021-06-25 16:00:00;58.31128127979034;90.0;58.787319565467044
2021-06-25 17:00:00;60.25439759875885;90.0;57.80768128354299
2021-06-25 18:00:00;63.921832091978594;90.0;56.64063865713325
2021-06-25 19:00:00;66.89380665964836;90.0;56.32415457644032
2021-06-25 20:00:00;70.42269808775083;90.0;56.72850225727001
2021-06-25 21:00:00;70.84587368542573;90.0;57.13145964247457
2021-06-25 22:00:00;62.97011869911796;90.0;59.7992973201691
2021-06-25 23:00:00;49.88206493580518;90.0;59.1579765869692
2021-06-26 00:00:00;32.463790914044516;90.0;57.74250930931697
2021-06-26 01:00:00;31.57442859075748;90.0;57.601356416916076
2021-06-26 02:00:00;30.853901779841262;90.0;57.376078357631854
2021-06-26 03:00:00;32.87877548833184;90.0;55.573113637523136
2021-06-26 04:00:00;44.402530649183994;90.0;55.569206308406194
2021-06-26 05:00:00;63.028415908684636;90.0;56.322181373061596
2021-06-26 06:00:00;70.4253761443327;90.0;56.640707876454485
2021-06-26 07:00:00;69.3651558625784;90.0;57.51311354557669
2021-06-26 08:00:00;62.06632463582312;90.0;59.66002798553927
2021-06-26 09:00:00;62.470627411568096;90.0;58.974032492029835
2021-06-26 10:00:00;58.541136107980286;90.0;59.578504583115205
2021-06-26 11:00:00;56.201516133527875;90.0;59.462901457188195
2021-06-26 12:00:00;55.84337488428221;90.0;59.017535793560455
2021-06-26 13:00:00;55.14325575835006;90.0;58.837489722084285
2021-06-26 14:00:00;57.56806148131925;90.0;57.59000830400396
2021-06-26 15:00:00;51.44096373717911;90.0;59.13138908536422
2021-06-26 16:00:00;49.748384537892875;90.0;59.1521078871923
2021-06-26 17:00:00;52.976820232607835;90.0;57.317531079913806
2021-06-26 18:00:00;54.43478921932263;90.0;56.877416500995025
2021-06-26 19:00:00;54.39969762268119;90.0;57.18018348238621
2021-06-26 20:00:00;60.23266566566227;90.0;56.348612184938986
2021-06-26 21:00:00;59.78894373843729;90.0;57.06500811232888
2021-06-26 22:00:00;52.895566021014425;90.0;59.32519598170779
2021-06-26 23:00:00;41.899179527510626;90.0;58.731177471374224
2021-06-27 00:00:00;22.85847670318286;90.0;55.58076959662964
2021-06-27 01:00:00;22.899885282453436;90.0;54.91919969197261
2021-06-27 02:00:00;21.84566090580145;90.0;55.25461842607018
2021-06-27 03:00:00;22.30969168406892;90.0;54.2763805065822
2021-06-27 04:00:00;29.845139654911833;90.0;54.10589721765717
2021-06-27 05:00:00;43.19245708202427;90.0;55.43226458628561
2021-06-27 06:00:00;45.236564727554864;90.0;55.276504173279875
2021-06-27 07:00:00;41.94151867177554;90.0;57.506076476754004
2021-06-27 08:00:00;38.54448858133551;90.0;58.53628285520841
2021-06-27 09:00:00;39.59444101140325;90.0;57.34134987937557
2021-06-27 10:00:00;38.224100670226115;90.0;57.81056336039268
2021-06-27 11:00:00;37.3893283716761;90.0;57.80908868905664
2021-06-27 12:00:00;37.41291940514692;90.0;57.34080571513675
2021-06-27 13:00:00;35.22929609234524;90.0;58.093096730591014
2021-06-27 14:00:00;35.801846602372244;90.0;57.13504002786442
2021-06-27 15:00:00;33.43310505919144;90.0;57.78290175790653
2021-06-27 16:00:00;33.041133709287735;90.0;57.376345566216344
2021-06-27 17:00:00;34.58913646607097;90.0;56.011276787814666
2021-06-27 18:00:00;35.845850481841424;90.0;55.42929940444782
2021-06-27 19:00:00;36.61413029164931;90.0;55.40609128201402
2021-06-27 20:00:00;38.924248335031315;90.0;55.07606315133194
2021-06-27 21:00:00;37.59406505184672;90.0;56.39692268623094
2021-06-27 22:00:00;36.66727937017399;90.0;56.954070726475834
2021-06-27 23:00:00;28.26133854880624;90.0;57.0517947338185
2021-06-28 00:00:00;20.976742508488844;90.0;55.01420718736824
2021-06-28 01:00:00;20.92135254168265;90.0;54.37694830577499
2021-06-28 02:00:00;20.097215290352114;90.0;54.512181965677485
2021-06-28 03:00:00;20.498682335852607;90.0;53.60749171233806
2021-06-28 04:00:00;29.44360248547895;90.0;53.81438982548525
2021-06-28 05:00:00;38.09522407074633;90.0;54.94024817927067
2021-06-28 06:00:00;24.428496754895825;90.0;56.31683463144839
2021-06-28 07:00:00;37.627141657238816;90.0;54.89011250777526
2021-06-28 08:00:00;34.967449842479745;90.0;56.96882154242559
2021-06-28 09:00:00;35.482880071148436;90.0;56.43800420123057
2021-06-28 10:00:00;34.20814921412087;90.0;57.109175655871184
2021-06-28 11:00:00;33.497249553269306;90.0;57.17151432697523
2021-06-28 12:00:00;33.56468411216174;90.0;56.74137224675815
2021-06-28 13:00:00;31.68896769830224;90.0;57.490003274178605
2021-06-28 14:00:00;32.17701392601148;90.0;56.5922240610127
2021-06-28 15:00:00;30.150004225028045;90.0;57.374707547817025
2021-06-28 16:00:00;29.803464743565094;90.0;56.92307272026869
2021-06-28 17:00:00;31.128146346074175;90.0;55.603560851331565
2021-06-28 18:00:00;32.20955219371291;90.0;55.05592736586135
2021-06-28 19:00:00;32.873704707816835;90.0;55.04453645730371
2021-06-28 20:00:00;34.88991898250605;90.0;54.74759967129313
2021-06-28 21:00:00;33.61468794888911;90.0;56.088067667918494
2021-06-28 22:00:00;31.251603123762266;90.0;57.38761912487536
2021-06-28 23:00:00;25.887137260969755;90.0;56.479953218188655
2021-06-29 00:00:00;19.455282335183654;90.0;54.442466965229926
2021-06-29 01:00:00;19.42787995590275;90.0;53.749022568532496
2021-06-29 02:00:00;18.7155637198279;90.0;53.91932731687274
2021-06-29 03:00:00;19.41252615286687;90.0;52.797708051196366
2021-06-29 04:00:00;24.65747807115772;90.0;52.780949602280145
2021-06-29 05:00:00;34.55745448849174;90.0;54.68465108888478
2021-06-29 06:00:00;23.77362990262617;90.0;55.967310055915675
2021-06-29 07:00:00;34.0158035052874;90.0;54.53849018550807
2021-06-29 08:00:00;31.767642459093725;90.0;56.506351251064416
2021-06-29 09:00:00;32.08965678584738;90.0;56.086807937327535
2021-06-29 10:00:00;30.98314425736907;90.0;56.6936485745199
2021-06-29 11:00:00;30.362845653579043;90.0;56.7219488021567
2021-06-29 12:00:00;30.417366461117467;90.0;56.293252514108076
2021-06-29 13:00:00;11.420188887264057;90.0;77.34481423445175
2021-06-29 14:00:00;11.420188887264057;90.0;77.34481423445175
2021-06-29 15:00:00;11.420188887264057;90.0;77.34481423445175
2021-06-29 16:00:00;11.420188887264057;90.0;77.34481423445175
2021-06-29 17:00:00;11.420188887264057;90.0;77.34481423445175
2021-06-29 18:00:00;11.420188887264057;90.0;77.34481423445175
2021-06-29 19:00:00;29.934440967971714;90.0;56.364119641267166
2021-06-29 20:00:00;31.652445165547356;90.0;55.04765952796356
2021-06-29 21:00:00;30.856336820591753;90.0;55.8696892653162
2021-06-29 22:00:00;29.847449970558007;90.0;56.4511368079352
2021-06-29 23:00:00;23.525111803524464;90.0;56.072121840611885
2021-06-30 00:00:00;34.156383524307145;90.0;54.514314340558485
2021-06-30 01:00:00;34.11525964341938;90.0;55.23561211732107
2021-06-30 02:00:00;32.60583745952033;90.0;56.48240864560847
2021-06-30 03:00:00;37.398823614804;90.0;54.96235617660483
2021-06-30 04:00:00;50.78408030328911;90.0;55.79841727739324
2021-06-30 05:00:00;63.806634653055575;90.0;56.3589808928686
2021-06-30 06:00:00;76.25298630944654;90.0;56.67749246573101
2021-06-30 07:00:00;73.16134932948448;90.0;58.123530076295594
2021-06-30 08:00:00;67.13950123672596;90.0;59.92037721772277
2021-06-30 09:00:00;66.93171854568165;90.0;59.406330839461816
2021-06-30 10:00:00;63.03813492722845;90.0;59.81887043738459
2021-06-30 11:00:00;60.88904289303399;90.0;59.700534586039
2021-06-30 12:00:00;61.259123170337816;90.0;58.99667489445915
2021-06-30 13:00:00;54.61360002219336;90.0;59.38440064410378
2021-06-30 14:00:00;54.87239030586008;90.0;58.72032600387274
2021-06-30 15:00:00;50.68138719214958;90.0;59.141450210496714
2021-06-30 16:00:00;50.80975659388615;90.0;58.5363325668788
2021-06-30 17:00:00;52.90876689280542;90.0;57.37524129038985
2021-06-30 18:00:00;56.34011746618936;90.0;56.19126791641554
2021-06-30 19:00:00;59.09809508126217;90.0;56.18286146769117
2021-06-30 20:00:00;63.28877507873406;90.0;56.344151966808965
2021-06-30 21:00:00;64.14499068060721;90.0;56.66856716496562
2021-06-30 22:00:00;55.33199447834908;90.0;59.34463778358861
2021-06-30 23:00:00;42.28866251807608;90.0;58.72030778127868
2021-07-01 00:00:00;36.852103337740274;90.0;58.24668439254492
2021-07-01 01:00:00;34.62298809588582;90.0;58.018352494103056
2021-07-01 02:00:00;33.014332260307725;90.0;57.86257477133023
2021-07-01 03:00:00;35.59139107329818;90.0;55.75104418279369
2021-07-01 04:00:00;51.45164535580689;90.0;55.98617736528894
2021-07-01 05:00:00;74.70038027201689;90.0;56.74406974910244
2021-07-01 06:00:00;86.85613473703269;90.0;56.836887840448696
2021-07-01 07:00:00;81.67061170759362;90.0;58.70766369154239
2021-07-01 08:00:00;72.95909288406341;90.0;59.986130881584984
2021-07-01 09:00:00;72.73418714435526;90.0;59.50190482353844
2021-07-01 10:00:00;68.14093906043287;90.0;59.79521471556177
2021-07-01 11:00:00;68.12472470220153;90.0;59.26901782856294
2021-07-01 12:00:00;68.95928256082135;90.0;58.65884589357245
2021-07-01 13:00:00;64.29296626005257;90.0;59.91102631357302
2021-07-01 14:00:00;66.99144264353554;90.0;58.47740125648579
2021-07-01 15:00:00;59.841728654109865;90.0;59.648280225081294
2021-07-01 16:00:00;58.052595586071114;90.0;59.674941833970195
2021-07-01 17:00:00;59.10326711112219;90.0;58.7075194099487
2021-07-01 18:00:00;63.00231933519657;90.0;57.1305446225727
2021-07-01 19:00:00;65.73178207617235;90.0;56.570553719620875
2021-07-01 20:00:00;69.38147992391198;90.0;56.67359835624649
2021-07-01 21:00:00;69.97292943413412;90.0;57.03782271842016
2021-07-01 22:00:00;62.406592511683094;90.0;59.76521959437832
2021-07-01 23:00:00;45.68521040935083;90.0;59.01260206397973
2021-07-02 00:00:00;47.80421972681046;90.0;57.49356052679889
2021-07-02 01:00:00;46.01598340422117;90.0;58.19674820491946
2021-07-02 02:00:00;44.68941896022394;90.0;58.43555048384104
2021-07-02 03:00:00;48.210357248090276;90.0;56.481034248446974
2021-07-02 04:00:00;68.58737410344784;90.0;56.502248617893144
2021-07-02 05:00:00;100.7398776852851;90.0;57.13553265686744
2021-07-02 06:00:00;115.98145910460978;90.0;57.226890819995674
2021-07-02 07:00:00;111.29707686508769;90.0;58.66327777143226
2021-07-02 08:00:00;98.31039942309137;90.0;60.49271192849716
2021-07-02 09:00:00;93.89280979241384;90.0;60.28862758898521
2021-07-02 10:00:00;90.26833587612249;90.0;60.377481755831354
2021-07-02 11:00:00;85.72310754407381;90.0;60.23935482653002
2021-07-02 12:00:00;83.91457682409688;90.0;60.134522088692734
2021-07-02 13:00:00;81.4690013481594;90.0;60.21716134621033
2021-07-02 14:00:00;79.97462596631004;90.0;60.03683956700809
2021-07-02 15:00:00;72.97821259105498;90.0;60.06164160240439
2021-07-02 16:00:00;80.09498081624409;90.0;57.58859325038685
2021-07-02 17:00:00;83.45512289399045;90.0;57.02574524174207
2021-07-02 18:00:00;89.48587743182865;90.0;56.952184102511126
2021-07-02 19:00:00;96.20259796785047;90.0;57.0445279914386
2021-07-02 20:00:00;99.27543398620944;90.0;56.95329475774048
2021-07-02 21:00:00;96.9329237303506;90.0;58.06580500721964
2021-07-02 22:00:00;81.2845543050578;90.0;60.0914489328332
2021-07-02 23:00:00;60.42674713279239;90.0;59.59286222115179
2021-07-03 00:00:00;43.47547565417498;90.0;58.85638991977629
2021-07-03 01:00:00;40.73685527357911;90.0;58.592645088070526
2021-07-03 02:00:00;39.888524962888;90.0;58.38802480172899
2021-07-03 03:00:00;43.072968494123394;90.0;56.315703226765606
2021-07-03 04:00:00;61.93621892695737;90.0;56.32475196519687
2021-07-03 05:00:00;90.77772740246743;90.0;56.940273408949736
2021-07-03 06:00:00;105.82543205105294;90.0;57.017569550731935
2021-07-03 07:00:00;95.39922214911323;90.0;59.77694213704359
2021-07-03 08:00:00;90.25546490303441;90.0;60.447829117727395
2021-07-03 09:00:00;84.70907286785132;90.0;60.34192619696972
2021-07-03 10:00:00;84.03335407439506;90.0;59.93320825819683
2021-07-03 11:00:00;77.11411650316074;90.0;60.2295635513583
2021-07-03 12:00:00;81.28151064315432;90.0;58.57116436843012
2021-07-03 13:00:00;71.62520021124307;90.0;60.13468200097054
2021-07-03 14:00:00;72.01988838150463;90.0;59.42200087916984
2021-07-03 15:00:00;66.84152487862784;90.0;59.77576091877813
2021-07-03 16:00:00;67.68848730743244;90.0;58.987485350262716
2021-07-03 17:00:00;70.02841690399664;90.0;58.021334392845574
2021-07-03 18:00:00;74.7950585193476;90.0;56.73246344470971
2021-07-03 19:00:00;79.04145307822412;90.0;56.93923170216232
2021-07-03 20:00:00;84.20469245210988;90.0;56.96258189991829
2021-07-03 21:00:00;85.03506513216597;90.0;57.295338493782936
2021-07-03 22:00:00;75.10109851106749;90.0;60.24981697000845
2021-07-03 23:00:00;58.694131206984494;90.0;59.60428034427207
2021-07-04 00:00:00;37.16067493325237;90.0;58.23934646613549
2021-07-04 01:00:00;37.28556074712174;90.0;57.55614292858638
2021-07-04 02:00:00;35.10922435538442;90.0;57.96024161081692
2021-07-04 03:00:00;36.22565354448304;90.0;56.74836901767759
2021-07-04 04:00:00;57.992032234539735;90.0;56.0847144482986
2021-07-04 05:00:00;79.61149204799932;90.0;56.745805819583666
2021-07-04 06:00:00;83.02251715865523;90.0;56.85028691720282
2021-07-04 07:00:00;81.45528839573177;90.0;57.81847853783307
2021-07-04 08:00:00;72.83083889769983;90.0;60.199299841204834
2021-07-04 09:00:00;73.84242020764135;90.0;59.30781486662124
2021-07-04 10:00:00;68.9174600540414;90.0;59.76620493977953
2021-07-04 11:00:00;66.26925517301004;90.0;60.035555017463025
2021-07-04 12:00:00;66.23684590813625;90.0;59.42209706232802
2021-07-04 13:00:00;59.55868337240809;90.0;59.72141019753377
2021-07-04 14:00:00;59.578264430246705;90.0;59.10819891867669
2021-07-04 15:00:00;55.65887170458126;90.0;59.29770580521563
2021-07-04 16:00:00;56.25941739217088;90.0;58.56094806357095
2021-07-04 17:00:00;58.19160470136843;90.0;57.6098133906973
2021-07-04 18:00:00;62.426891881563265;90.0;56.25859881464817
2021-07-04 19:00:00;65.79868629653743;90.0;56.511735178826825
2021-07-04 20:00:00;69.65223611650242;90.0;56.718332372867394
2021-07-04 21:00:00;70.05032093066546;90.0;57.124108120736935
2021-07-04 22:00:00;61.89699578963589;90.0;59.674976505474035
2021-07-04 23:00:00;48.47376519035461;90.0;59.13754045923537
2021-07-05 00:00:00;25.697959439892323;90.0;56.57877904885976
2021-07-05 01:00:00;25.637249586359104;90.0;55.89893356251042
2021-07-05 02:00:00;24.51219046053026;90.0;56.128805743914086
2021-07-05 03:00:00;25.29618770852327;90.0;54.920749787833074
2021-07-05 04:00:00;37.09412919814669;90.0;54.88373863421987
2021-07-05 05:00:00;49.95342728066647;90.0;55.715230772084624
2021-07-05 06:00:00;52.69826747873307;90.0;56.00090210462042
2021-07-05 07:00:00;51.097024351813076;90.0;57.214043317598794
2021-07-05 08:00:00;46.93005994649476;90.0;59.01526656012351
2021-07-05 09:00:00;45.83949537687098;90.0;58.88663804552607
2021-07-05 10:00:00;44.36195270047205;90.0;58.84815298842324
2021-07-05 11:00:00;43.65645662536916;90.0;58.56235171777922
2021-07-05 12:00:00;43.796567185491085;90.0;57.979360194351784
2021-07-05 13:00:00;41.088984511092974;90.0;58.54766863810522
2021-07-05 14:00:00;41.78389684441234;90.0;57.62604915608449
2021-07-05 15:00:00;38.5676991195607;90.0;58.251969627259996
2021-07-05 16:00:00;37.95292735715558;90.0;57.98870206876643
2021-07-05 17:00:00;39.89090393399909;90.0;56.52134749107171
2021-07-05 18:00:00;41.335671052046074;90.0;55.928589564791594
2021-07-05 19:00:00;41.604592764662264;90.0;56.17489081622108
2021-07-05 20:00:00;45.42453643700184;90.0;55.5452723851858
2021-07-05 21:00:00;45.05683014033903;90.0;56.3368020477638
2021-07-05 22:00:00;40.22779894201841;90.0;58.51323571097515
2021-07-05 23:00:00;32.55158852070415;90.0;57.690195168787625
2021-07-06 00:00:00;20.844321075538854;90.0;54.906907018882976
2021-07-06 01:00:00;20.863651947620717;90.0;54.246079880095124
2021-07-06 02:00:00;19.967206921824946;90.0;54.486716294942084
2021-07-06 03:00:00;20.360060691631833;90.0;53.5772925102097
2021-07-06 04:00:00;26.822206135532173;90.0;53.759192311148695
2021-07-06 05:00:00;38.13862604640154;90.0;54.9412129059931
2021-07-06 06:00:00;39.987146223993626;90.0;55.13294396550225
2021-07-06 07:00:00;37.36790805537134;90.0;57.105755854027564
2021-07-06 08:00:00;34.653677105135145;90.0;57.955409146998875
2021-07-06 09:00:00;35.23339923606909;90.0;57.009329488127094
2021-07-06 10:00:00;33.95516462098102;90.0;57.457617968865236
2021-07-06 11:00:00;33.24106011157144;90.0;57.38315125339756
2021-07-06 12:00:00;33.30018692670857;90.0;56.86654057095893
2021-07-06 13:00:00;31.441518044132593;90.0;57.545285961387776
2021-07-06 14:00:00;31.920531999031418;90.0;56.61649195706207
2021-07-06 15:00:00;29.902560999382438;90.0;57.19125476804214
2021-07-06 16:00:00;29.56283602493648;90.0;56.78603644319452
2021-07-06 17:00:00;30.873874635066525;90.0;55.504329660969404
2021-07-06 18:00:00;31.94432498736958;90.0;54.983512458706
2021-07-06 19:00:00;32.602020975276666;90.0;54.98864978791448
2021-07-06 20:00:00;34.5884817343303;90.0;54.715466842349315
2021-07-06 21:00:00;33.67580403823107;90.0;55.85653995266699
2021-07-06 22:00:00;32.24951563619406;90.0;56.79597378790464
2021-07-06 23:00:00;26.745267395993867;90.0;56.65343200987792
2021-07-07 00:00:00;20.727259426529223;90.0;55.26021710134302
2021-07-07 01:00:00;18.78615311235053;90.0;54.26188050343387
2021-07-07 02:00:00;18.181225872451456;90.0;53.83174432486817
2021-07-07 03:00:00;18.640307773130562;90.0;52.76761535665395
2021-07-07 04:00:00;25.292346587153997;90.0;53.42987656384548
2021-07-07 05:00:00;30.14088921032197;90.0;54.147794863963554
2021-07-07 06:00:00;23.826167202258635;90.0;56.15450568449819
2021-07-07 07:00:00;32.562020469116156;90.0;54.46415544210714
2021-07-07 08:00:00;30.404797495122292;90.0;56.39549896524073
2021-07-07 09:00:00;30.841629649045714;90.0;55.86981968867485
2021-07-07 10:00:00;29.799234515731406;90.0;56.47707287225472
2021-07-07 11:00:00;29.213588759171536;90.0;56.507000594357294
2021-07-07 12:00:00;29.26446529421544;90.0;56.088656874869685
2021-07-07 13:00:00;27.72640623974505;90.0;56.747343287244746
2021-07-07 14:00:00;28.118424835715036;90.0;55.89444444259425
2021-07-07 15:00:00;26.460401971157147;90.0;56.65551785790575
2021-07-07 16:00:00;11.285536497670718;90.0;75.77835776566332
2021-07-07 17:00:00;27.284915789652416;90.0;55.43304998863749
2021-07-07 18:00:00;28.156465437321934;90.0;54.76356750972951
2021-07-07 19:00:00;28.695806914494167;90.0;54.664766208528874
2021-07-07 20:00:00;30.3669880144573;90.0;54.091915707888404
2021-07-07 21:00:00;29.73723735636862;90.0;55.16031675606416
2021-07-07 22:00:00;28.218170011430168;90.0;56.30417275520381
2021-07-07 23:00:00;23.75765751688923;90.0;56.13651995840394
2021-07-08 00:00:00;23.857460407952402;90.0;55.315070071910895
2021-07-08 01:00:00;24.350911696959287;90.0;54.57776668115298
2021-07-08 02:00:00;24.831115858484935;90.0;54.232387022207604
2021-07-08 03:00:00;23.33950884615791;90.0;55.47956665660615
2021-07-08 04:00:00;30.973764646165513;90.0;54.255227197053046
2021-07-08 05:00:00;36.32342782627332;90.0;54.85752498040546
2021-07-08 06:00:00;26.440055502594557;90.0;56.6660874062776
2021-07-08 07:00:00;39.42186631727942;90.0;55.11489405616442
2021-07-08 08:00:00;36.301446286411526;90.0;57.350343156331405
2021-07-08 09:00:00;37.2845948588405;90.0;56.50194239817466
2021-07-08 10:00:00;36.17601934470191;90.0;57.10440340734863
2021-07-08 11:00:00;35.58406639244866;90.0;57.172717333752985
2021-07-08 12:00:00;35.41700607439771;90.0;56.96575481526031
2021-07-08 13:00:00;33.40580325207881;90.0;57.743016403468175
2021-07-08 14:00:00;33.874907616859836;90.0;56.867817193957194
2021-07-08 15:00:00;31.681356876755245;90.0;57.49337954762177
2021-07-08 16:00:00;31.315707123316876;90.0;57.09207359038601
2021-07-08 17:00:00;32.746142499178106;90.0;55.76903329670995
2021-07-08 18:00:00;33.910432808700044;90.0;55.217904648881756
2021-07-08 19:00:00;34.36397650419219;90.0;55.35244321364627
2021-07-08 20:00:00;36.63775077981907;90.0;54.90498573787136
2021-07-08 21:00:00;35.53235746084287;90.0;56.13021976617449
2021-07-08 22:00:00;32.95749641406781;90.0;57.65846532728557
2021-07-08 23:00:00;26.89462475186657;90.0;56.84983884754013
2021-07-09 00:00:00;19.063107708773877;90.0;54.396750343590554
2021-07-09 01:00:00;19.005002809230145;90.0;53.6721906858121
2021-07-09 02:00:00;18.305144067795272;90.0;53.67972701059807
2021-07-09 03:00:00;18.699438071053105;90.0;52.791429799716525
2021-07-09 04:00:00;26.048474476464765;90.0;53.47607956854648
2021-07-09 05:00:00;33.34358653644293;90.0;54.62596044151758
2021-07-09 06:00:00;24.391009075612043;90.0;56.44956077363588
2021-07-09 07:00:00;33.21525526763079;90.0;54.699048975934716
2021-07-09 08:00:00;30.948740292118377;90.0;56.599017143448236
2021-07-09 09:00:00;31.251345741175662;90.0;56.1044850956564
2021-07-09 10:00:00;30.182934513672045;90.0;56.64872350948934
2021-07-09 11:00:00;29.58294808001439;90.0;56.640604993605734
2021-07-09 12:00:00;29.6328849004477;90.0;56.19536473247183
2021-07-09 13:00:00;28.064864955068753;90.0;56.84435687503134
2021-07-09 14:00:00;28.46412056728548;90.0;55.97779535888935
2021-07-09 15:00:00;26.774847906212983;90.0;56.74148033088403
2021-07-09 16:00:00;11.301661167028508;90.0;75.96158149865414
2021-07-09 17:00:00;27.615252699602415;90.0;55.50718002968199
2021-07-09 18:00:00;28.502800181028494;90.0;54.82742772938508
2021-07-09 19:00:00;29.051637716918403;90.0;54.72321067889959
2021-07-09 20:00:00;30.753386107706483;90.0;54.13997175985918
2021-07-09 21:00:00;30.079145610251594;90.0;55.23362982479307
2021-07-09 22:00:00;28.78257183654242;90.0;56.218867991258435
2021-07-09 23:00:00;24.18730548133525;90.0;56.23158752533874
2021-07-10 00:00:00;20.4220841411461;90.0;54.73192729696939
2021-07-10 01:00:00;20.954647566755053;90.0;53.67077395496756
2021-07-10 02:00:00;20.65150611564169;90.0;53.83062491838649
2021-07-10 03:00:00;19.839627973590172;90.0;54.2622333345534
2021-07-10 04:00:00;25.645519989439304;90.0;53.01083453593799
2021-07-10 05:00:00;29.863430247786546;90.0;54.01504062910499
2021-07-10 06:00:00;23.711429074666313;90.0;56.239768941478246
2021-07-10 07:00:00;32.396695943717496;90.0;54.46153430549293
2021-07-10 08:00:00;30.23942204991902;90.0;56.390212539798995
2021-07-10 09:00:00;30.654669313514102;90.0;55.867724159219506
2021-07-10 10:00:00;29.620749520850694;90.0;56.46213122924712
2021-07-10 11:00:00;29.039630775225838;90.0;56.48476205975663
2021-07-10 12:00:00;29.08950034399311;90.0;56.06342196425601
2021-07-10 13:00:00;27.564927291900872;90.0;56.71551578453182
2021-07-10 14:00:00;27.952940851310466;90.0;55.86348454131581
2021-07-10 15:00:00;26.30960260296217;90.0;56.619142096830615
2021-07-10 16:00:00;26.018025599840154;90.0;56.14519369909368
2021-07-10 17:00:00;27.086925316952517;90.0;54.925002625636125
2021-07-10 18:00:00;27.967224840409195;90.0;54.44972784526664
2021-07-10 19:00:00;28.511652664663856;90.0;54.46852918413617
2021-07-10 20:00:00;30.16751903517277;90.0;53.979412043199375
2021-07-10 21:00:00;29.563454742938056;90.0;55.070750087690726
2021-07-10 22:00:00;28.09254418750446;90.0;56.21299670539105
2021-07-10 23:00:00;23.566710793960976;90.0;56.0983579361008
2021-07-11 00:00:00;30.33002668276016;90.0;54.1663878972106
2021-07-11 01:00:00;32.029494737766164;90.0;54.28049992333348
2021-07-11 02:00:00;25.922523216212678;90.0;56.74606771319185
2021-07-11 03:00:00;27.000809023484305;90.0;55.25117782631628
2021-07-11 04:00:00;38.71134245291469;90.0;55.06393126052848
2021-07-11 05:00:00;52.74922856020619;90.0;56.14102630307218
2021-07-11 06:00:00;56.61890098420957;90.0;56.16861942668328
2021-07-11 07:00:00;54.57650053607628;90.0;57.49563717481425
2021-07-11 08:00:00;50.20083148056383;90.0;59.22961408694721
2021-07-11 09:00:00;50.04548029629508;90.0;58.696887151455314
2021-07-11 10:00:00;47.26319404078428;90.0;59.04214708856642
2021-07-11 11:00:00;45.51654676924795;90.0;59.08003224028829
2021-07-11 12:00:00;45.18418377633858;90.0;58.571209480467985
2021-07-11 13:00:00;41.7810579810445;90.0;58.703579669164185
2021-07-11 14:00:00;41.44430798866114;90.0;58.24222188428536
2021-07-11 15:00:00;41.36152929395687;90.0;57.81086821112456
2021-07-11 16:00:00;40.47503274419803;90.0;57.91171392817995
2021-07-11 17:00:00;42.81249255110468;90.0;56.427757946830184
2021-07-11 18:00:00;44.12456166529673;90.0;56.05730980237598
2021-07-11 19:00:00;43.87893378366238;90.0;56.56674358057842
2021-07-11 20:00:00;48.54413715726692;90.0;55.85249184473662
2021-07-11 21:00:00;48.18857316838655;90.0;56.57538497876578
2021-07-11 22:00:00;42.97567435843188;90.0;58.76500966471451
2021-07-11 23:00:00;34.53175404611276;90.0;58.03298432535229
2021-07-12 00:00:00;21.428256050068065;90.0;55.31284632632554
2021-07-12 01:00:00;21.4444717631352;90.0;54.56833743273563
2021-07-12 02:00:00;20.510768437157743;90.0;54.775658954663754
2021-07-12 03:00:00;21.61581088085294;90.0;53.31373799520975
2021-07-12 04:00:00;30.4781043200054;90.0;54.081968195853676
2021-07-12 05:00:00;39.38572776070573;90.0;55.0428594613428
2021-07-12 06:00:00;24.427449064741364;90.0;56.08986986997826
2021-07-12 07:00:00;38.514926143324146;90.0;55.24129468535483
2021-07-12 08:00:00;35.75953680634007;90.0;57.239378401362956
2021-07-12 09:00:00;36.419716308430004;90.0;56.577551432074074
2021-07-12 10:00:00;35.09849687669321;90.0;57.24808841960191
2021-07-12 11:00:00;34.362546953417656;90.0;57.307765913474384
2021-07-12 12:00:00;34.43360415064476;90.0;56.869546769699184
2021-07-12 13:00:00;32.48930549607525;90.0;57.62640236023776
2021-07-12 14:00:00;32.99701026274681;90.0;56.71855719827721
2021-07-12 15:00:00;30.883623300112077;90.0;57.33985745276124
2021-07-12 16:00:00;30.530369107544466;90.0;56.94516522389972
2021-07-12 17:00:00;31.907841022746997;90.0;55.64545435876397
2021-07-12 18:00:00;33.03044195277221;90.0;55.11111368224414
2021-07-12 19:00:00;33.71912927765517;90.0;55.11086115221747
2021-07-12 20:00:00;35.79671286516828;90.0;54.822505833983314
2021-07-12 21:00:00;34.84116376130278;90.0;55.97855353479582
2021-07-12 22:00:00;33.45409237650398;90.0;56.87834088454656
2021-07-12 23:00:00;27.76475476101351;90.0;56.950733017683206
2021-07-13 00:00:00;20.473510054235227;90.0;54.84597733302911
2021-07-13 01:00:00;21.086649308734255;90.0;53.689029348788324
2021-07-13 02:00:00;21.007454942932796;90.0;53.698242781921294
2021-07-13 03:00:00;19.88374654919376;90.0;54.48948215784509
2021-07-13 04:00:00;25.508846393842315;90.0;53.06443865144212
2021-07-13 05:00:00;30.019659240478767;90.0;54.15619743547842
2021-07-13 06:00:00;24.241677982557;90.0;56.06685551095501
2021-07-13 07:00:00;32.25124874766945;90.0;54.42854431412616
2021-07-13 08:00:00;30.179822702735763;90.0;56.30841343472031
2021-07-13 09:00:00;30.476115885579894;90.0;55.88082005884502
2021-07-13 10:00:00;29.44897735297026;90.0;56.45449563890719
2021-07-13 11:00:00;28.871409548646657;90.0;56.465750487596665
2021-07-13 12:00:00;28.919774363408713;90.0;56.039277757072114
2021-07-13 13:00:00;27.408076017806174;90.0;56.68633950876966
2021-07-13 14:00:00;27.791988676573553;90.0;55.83399730667895
2021-07-13 15:00:00;26.162846662934662;90.0;56.58451156971802
2021-07-13 16:00:00;25.87331684615185;90.0;56.10974339607253
2021-07-13 17:00:00;26.932502096984326;90.0;54.89412764507091
2021-07-13 18:00:00;27.805163573774166;90.0;54.42218839759812
2021-07-13 19:00:00;28.345035577185445;90.0;54.4424029963061
2021-07-13 20:00:00;29.992889956601427;90.0;53.95403710134377
2021-07-13 21:00:00;29.357701914170047;90.0;55.06676893250284
2021-07-13 22:00:00;28.0427868945969;90.0;56.10063725864791
2021-07-13 23:00:00;23.599059189181524;90.0;56.04901924891527
2021-07-14 00:00:00;28.300535587256615;90.0;53.5619694629371
2021-07-14 01:00:00;29.75955975964609;90.0;53.93010635137341
2021-07-14 02:00:00;29.704618623663393;90.0;54.6953117910067
2021-07-14 03:00:00;27.580070526331827;90.0;56.43173491764583
2021-07-14 04:00:00;37.431854648636254;90.0;55.00605530963719
2021-07-14 05:00:00;44.83713890764932;90.0;55.49745205620303
2021-07-14 06:00:00;32.78890764992788;90.0;57.79248729595082
2021-07-14 07:00:00;48.79108381462575;90.0;55.63428789014546
2021-07-14 08:00:00;44.34711887927013;90.0;58.19523668189703
2021-07-14 09:00:00;45.779735270682146;90.0;57.19279833191939
2021-07-14 10:00:00;44.252386931099224;90.0;57.877718827634794
2021-07-14 11:00:00;43.78432015087142;90.0;57.820176469058595
2021-07-14 12:00:00;42.13248240120565;90.0;58.31508877985897
2021-07-14 13:00:00;39.11260182493731;90.0;58.410481803371056
2021-07-14 14:00:00;38.842167883803874;90.0;57.933086922158054
2021-07-14 15:00:00;39.19689876314002;90.0;57.305446730715005
2021-07-14 16:00:00;37.97376088130627;90.0;57.70736356086701
2021-07-14 17:00:00;40.346220194944905;90.0;56.13092365882602
2021-07-14 18:00:00;41.24426410625084;90.0;55.96713807229287
2021-07-14 19:00:00;40.97386493047153;90.0;56.45214553498431
2021-07-14 20:00:00;45.06389222043554;90.0;55.544433762877134
2021-07-14 21:00:00;45.02478782924301;90.0;56.18414597395713
2021-07-14 22:00:00;40.34643740000571;90.0;58.60459579194395
2021-07-14 23:00:00;32.49006838201692;90.0;57.73895648620089
2021-07-15 00:00:00;34.01462963139596;90.0;56.2133664470814
2021-07-15 01:00:00;34.120169937348855;90.0;56.14842023598089
2021-07-15 02:00:00;32.295077988023046;90.0;57.212362710955915
2021-07-15 03:00:00;33.29320061216854;90.0;56.16751924081552
2021-07-15 04:00:00;52.37520311476524;90.0;55.937995715116415
2021-07-15 05:00:00;71.79379151210914;90.0;56.62497212611498
2021-07-15 06:00:00;75.09052356499076;90.0;56.669498267170354
2021-07-15 07:00:00;73.14082136655848;90.0;57.798169296747744
2021-07-15 08:00:00;66.14077110442213;90.0;59.8966981853747
2021-07-15 09:00:00;65.72879992545172;90.0;59.439105688191944
2021-07-15 10:00:00;61.89494707660597;90.0;59.576219987535126
2021-07-15 11:00:00;59.42683745374175;90.0;59.75526922747224
2021-07-15 12:00:00;59.105258339897155;90.0;59.24467287928189
2021-07-15 13:00:00;54.52377785799056;90.0;59.511358403646
2021-07-15 14:00:00;54.07885794160539;90.0;59.065881867377925
2021-07-15 15:00:00;51.35288456160301;90.0;59.260119001931855
2021-07-15 16:00:00;52.09504970341319;90.0;58.38824914465533
2021-07-15 17:00:00;53.60591823055115;90.0;57.53316408763993
2021-07-15 18:00:00;57.42410065765366;90.0;56.17881366943186
2021-07-15 19:00:00;59.68373950210603;90.0;56.3500782075011
2021-07-15 20:00:00;62.83974313365874;90.0;56.520308552771326
2021-07-15 21:00:00;63.392384328638705;90.0;56.874805910589146
2021-07-15 22:00:00;56.68568824114951;90.0;59.5348679097018
2021-07-15 23:00:00;45.00441570252663;90.0;58.808911296526674
2021-07-16 00:00:00;28.816757919486196;90.0;57.15450134310635
2021-07-16 01:00:00;27.858551812965068;90.0;56.99325788880083
2021-07-16 02:00:00;27.434246949454216;90.0;56.584194903168054
2021-07-16 03:00:00;29.23904203753058;90.0;54.87237556958746
2021-07-16 04:00:00;39.180533333562266;90.0;54.98003495118087
2021-07-16 05:00:00;55.25749812659223;90.0;56.10527537243007
2021-07-16 06:00:00;61.44660573128253;90.0;56.46668879567835
2021-07-16 07:00:00;59.92171196843675;90.0;57.51436966198395
2021-07-16 08:00:00;54.52558631453812;90.0;59.542643274162685
2021-07-16 09:00:00;53.23391144104501;90.0;59.39987012323098
2021-07-16 10:00:00;51.47461703437597;90.0;59.36382527609658
2021-07-16 11:00:00;50.60984706876515;90.0;59.08372333013995
2021-07-16 12:00:00;50.95693518109043;90.0;58.40925990799366
2021-07-16 13:00:00;47.74268806830645;90.0;59.03457867037258
2021-07-16 14:00:00;48.898338178675026;90.0;57.97541758521402
2021-07-16 15:00:00;44.59115607121507;90.0;58.764029654594594
2021-07-16 16:00:00;43.774464049245864;90.0;58.563092816973096
2021-07-16 17:00:00;46.37074890356496;90.0;56.91000986294398
2021-07-16 18:00:00;47.78610510915292;90.0;56.442759356454246
2021-07-16 19:00:00;47.7255735701401;90.0;56.80277642250252
2021-07-16 20:00:00;52.786938026304156;90.0;56.05726202107252
2021-07-16 21:00:00;52.337340964870904;90.0;56.80225458592554
2021-07-16 22:00:00;46.532191446290696;90.0;59.05492881836881
2021-07-16 23:00:00;37.07021320191527;90.0;58.29755191076157
2021-07-17 00:00:00;23.43478055859877;90.0;55.95422993668814
2021-07-17 01:00:00;23.473859387748874;90.0;55.205407612627994
2021-07-17 02:00:00;22.3532139548611;90.0;55.52398612166269
2021-07-17 03:00:00;23.507724843587468;90.0;54.009649284145155
2021-07-17 04:00:00;30.661307338025765;90.0;54.24426772842901
2021-07-17 05:00:00;42.168122539407065;90.0;55.283374707386315
2021-07-17 06:00:00;46.64046779667147;90.0;55.63868267689293
2021-07-17 07:00:00;43.12693351869746;90.0;57.81156758960975
2021-07-17 08:00:00;39.528117617784304;90.0;58.39373751695604
2021-07-17 09:00:00;40.77557748482321;90.0;57.197852156247336
2021-07-17 10:00:00;39.350655867261096;90.0;57.76624217015922
2021-07-17 11:00:00;38.48240438736762;90.0;57.825545362468006
2021-07-17 12:00:00;38.525145053257255;90.0;57.38176902487362
2021-07-17 13:00:00;36.254822467374524;90.0;58.181172176856364
2021-07-17 14:00:00;36.8540316539585;90.0;57.22953508852294
2021-07-17 15:00:00;34.39032577865657;90.0;57.904746856836994
2021-07-17 16:00:00;33.984629608059414;90.0;57.50368674264536
2021-07-17 17:00:00;35.59772652246735;90.0;56.122931433794406
2021-07-17 18:00:00;36.905553574415954;90.0;55.52913826761153
2021-07-17 19:00:00;37.70415061493933;90.0;55.50076004354128
2021-07-17 20:00:00;40.14506715946976;90.0;55.14273061199373
2021-07-17 21:00:00;38.89053640342939;90.0;56.41939561390342
2021-07-17 22:00:00;35.715611598563726;90.0;58.067001255968194
2021-07-17 23:00:00;28.83909389389622;90.0;57.23239396040765
2021-07-18 00:00:00;19.062557407366196;90.0;54.46252343671398
2021-07-18 01:00:00;18.93563877461242;90.0;53.76268377960196
2021-07-18 02:00:00;18.315021939831066;90.0;53.75967016662207
2021-07-18 03:00:00;18.864510214100573;90.0;52.736275380412394
2021-07-18 04:00:00;25.747797452091607;90.0;53.477295353003626
2021-07-18 05:00:00;33.23816227450666;90.0;54.58874876435806
2021-07-18 06:00:00;23.221021746617055;90.0;55.70625308218109
2021-07-18 07:00:00;32.991480468264946;90.0;54.45925494483953
2021-07-18 08:00:00;30.77388512784558;90.0;56.42635238680214
2021-07-18 09:00:00;31.23507050477559;90.0;55.89213087223317
2021-07-18 10:00:00;30.172934497926995;90.0;56.51510380749272
2021-07-18 11:00:00;29.57669105733053;90.0;56.554778162204286
2021-07-18 12:00:00;29.62897509906214;90.0;56.14006542386062
2021-07-18 13:00:00;28.06249137706522;90.0;56.81179615531045
2021-07-18 14:00:00;28.462623330235385;90.0;55.95664177180316
2021-07-18 15:00:00;11.341701998258163;90.0;76.43450325838376
2021-07-18 16:00:00;26.510626405271644;90.0;56.61077300749753
2021-07-18 17:00:00;27.595777824039978;90.0;55.23426263151515
2021-07-18 18:00:00;28.491099056482337;90.0;54.657732155426686
2021-07-18 19:00:00;29.04469486717212;90.0;54.61907782203156
2021-07-18 20:00:00;30.74935259844008;90.0;54.0789524670829
2021-07-18 21:00:00;30.01309322050823;90.0;55.23541790980278
2021-07-18 22:00:00;28.867522562346227;90.0;56.12029189818958
2021-07-18 23:00:00;24.0748661056658;90.0;56.247372958531685
2021-07-19 00:00:00;19.470876152821106;90.0;54.65930792233286
2021-07-19 01:00:00;20.179446715129444;90.0;53.30358799768635
2021-07-19 02:00:00;20.17576514384939;90.0;53.27999975511517
2021-07-19 03:00:00;18.97046252895648;90.0;54.08808359027
2021-07-19 04:00:00;24.19354058111735;90.0;52.86004049130514
2021-07-19 05:00:00;28.0473778242845;90.0;53.67708289195173
2021-07-19 06:00:00;23.38846995591354;90.0;55.745093529453754
2021-07-19 07:00:00;30.551533775326075;90.0;54.04826307864994
2021-07-19 08:00:00;28.477079176061807;90.0;56.0468465813305
2021-07-19 09:00:00;28.744799894014758;90.0;55.61253121904326
2021-07-19 10:00:00;27.801989931613683;90.0;56.15075959501303
2021-07-19 11:00:00;27.269923702917957;90.0;56.14541283100658
2021-07-19 12:00:00;11.29956011694254;90.0;75.97202004971581
2021-07-19 13:00:00;11.29956011694254;90.0;75.97202004971581
2021-07-19 14:00:00;11.29956011694254;90.0;75.97202004971581
2021-07-19 15:00:00;11.29956011694254;90.0;75.97202004971581
2021-07-19 16:00:00;11.29956011694254;90.0;75.97202004971581
2021-07-19 17:00:00;11.29956011694254;90.0;75.97202004971581
2021-07-19 18:00:00;26.447454096435493;90.0;56.30204523054647
2021-07-19 19:00:00;26.87540253596922;90.0;55.49159364065872
2021-07-19 20:00:00;28.343472259873565;90.0;54.38567782473581
2021-07-19 21:00:00;27.826844548448864;90.0;55.13974249205569
2021-07-19 22:00:00;26.476064123472835;90.0;56.09207976730937
2021-07-19 23:00:00;22.19812626982099;90.0;55.52466764993727
2021-07-20 00:00:00;20.81429568341337;90.0;55.25409589270265
2021-07-20 01:00:00;21.28527243244899;90.0;54.06280545596252
2021-07-20 02:00:00;21.485856080750555;90.0;53.71117076548063
2021-07-20 03:00:00;20.387619192269554;90.0;54.537830287387806
2021-07-20 04:00:00;26.40750578039361;90.0;53.301190443905
2021-07-20 05:00:00;31.233654282472802;90.0;54.272045391530185
2021-07-20 06:00:00;26.67641694533787;90.0;56.77703165610012
2021-07-20 07:00:00;33.767461925290384;90.0;54.663734879577305
2021-07-20 08:00:00;31.358399504237035;90.0;56.66893874917332
2021-07-20 09:00:00;31.666524052010196;90.0;56.16827337307092
2021-07-20 10:00:00;30.57706350626122;90.0;56.7158522110758
2021-07-20 11:00:00;29.965686723991162;90.0;56.70913536239266
2021-07-20 12:00:00;30.01691404526685;90.0;56.26160022966627
2021-07-20 13:00:00;28.41877561802999;90.0;56.91892347705959
2021-07-20 14:00:00;29.059023348298286;90.0;55.900417666863916
2021-07-20 15:00:00;27.175362260970953;90.0;56.848741089301825
2021-07-20 16:00:00;26.82486094433411;90.0;56.39649406455402
2021-07-20 17:00:00;27.925878475842524;90.0;55.14052416921493
2021-07-20 18:00:00;28.84557151346627;90.0;54.625664190564464
2021-07-20 19:00:00;29.334493089763384;90.0;54.67242174379584
2021-07-20 20:00:00;31.08419048306134;90.0;54.113007246370216
2021-07-20 21:00:00;30.37832420290714;90.0;55.252959159581735
2021-07-20 22:00:00;29.039079726166747;90.0;56.269566173490375
2021-07-20 23:00:00;24.251712753325837;90.0;56.216587495083786
2021-07-21 00:00:00;21.556414815552543;90.0;55.37036895240999
2021-07-21 01:00:00;22.36635899044474;90.0;54.02309741168568
2021-07-21 02:00:00;22.363320893629155;90.0;54.006277201833484
2021-07-21 03:00:00;21.165814274063013;90.0;54.890995517104784
2021-07-21 04:00:00;27.52415719609633;90.0;53.647481947029235
2021-07-21 05:00:00;32.33270102619205;90.0;54.283056608584616
2021-07-21 06:00:00;26.813348916069128;90.0;56.652034825038015
2021-07-21 07:00:00;35.22588411791719;90.0;54.79205910541668
2021-07-21 08:00:00;32.66719267198558;90.0;56.850636724819594
2021-07-21 09:00:00;33.03472781976877;90.0;56.327917704840104
2021-07-21 10:00:00;31.87854079993524;90.0;56.90519125357753
2021-07-21 11:00:00;31.231220528532376;90.0;56.91336209020602
2021-07-21 12:00:00;31.28791692217415;90.0;56.46448629026577
2021-07-21 13:00:00;29.590448882893206;90.0;57.151521851649704
2021-07-21 14:00:00;30.02663430527434;90.0;56.26601247336731
2021-07-21 15:00:00;28.197647562853337;90.0;57.06905415790533
2021-07-21 16:00:00;27.877979402275503;90.0;56.589454461624825
2021-07-21 17:00:00;29.071054946156494;90.0;55.30511160800501
2021-07-21 18:00:00;30.049107694070887;90.0;54.78370541329912
2021-07-21 19:00:00;30.584597999505768;90.0;54.82197865603473
2021-07-21 20:00:00;32.412351132438275;90.0;54.26283927094266
2021-07-21 21:00:00;31.523636422175276;90.0;55.50297955192167
2021-07-21 22:00:00;30.547851201685276;90.0;56.239486822961055
2021-07-21 23:00:00;25.510678494960942;90.0;56.57768225939304
2021-07-22 00:00:00;30.494781748800825;90.0;53.95276156068752
2021-07-22 01:00:00;26.978139475725392;90.0;56.819500920273526
2021-07-22 02:00:00;25.88588358869982;90.0;56.471428293590805
2021-07-22 03:00:00;26.74755048055843;90.0;55.22803263253701
2021-07-22 04:00:00;39.861333031389805;90.0;55.27700946373807
2021-07-22 05:00:00;53.784924194006656;90.0;55.98512370350534
2021-07-22 06:00:00;56.547591118430184;90.0;56.13827206377067
2021-07-22 07:00:00;54.50787821603787;90.0;57.481188294721846
2021-07-22 08:00:00;50.24942485523431;90.0;59.17859467187992
2021-07-22 09:00:00;49.029344548051895;90.0;59.08958131899868
2021-07-22 10:00:00;47.500612554903;90.0;59.037634771031605
2021-07-22 11:00:00;46.82080355441079;90.0;58.73380472360515
2021-07-22 12:00:00;47.19313411150349;90.0;58.076873362526044
2021-07-22 13:00:00;44.39073947414261;90.0;58.91003923042052
2021-07-22 14:00:00;45.562194457107374;90.0;57.777067485076316
2021-07-22 15:00:00;41.55534312981062;90.0;58.64992447550526
2021-07-22 16:00:00;40.526987254750324;90.0;58.52543406478327
2021-07-22 17:00:00;42.98188505705032;90.0;56.775809940090824
2021-07-22 18:00:00;44.0787355139654;90.0;56.37614999989353
2021-07-22 19:00:00;43.86382088088394;90.0;56.74822050197827
2021-07-22 20:00:00;48.174397641843505;90.0;55.78176775954762
2021-07-22 21:00:00;48.200654783924996;90.0;56.36708323863462
2021-07-22 22:00:00;43.073011824528706;90.0;58.85407204719843
2021-07-22 23:00:00;34.67277983293422;90.0;58.05743620832402
2021-07-23 00:00:00;36.250064195609305;90.0;56.542613290817144
2021-07-23 01:00:00;36.422232220092724;90.0;56.4148280296713
2021-07-23 02:00:00;34.34104450351634;90.0;57.55960162388635
2021-07-23 03:00:00;35.41462455553462;90.0;56.47668863173408
2021-07-23 04:00:00;56.7662846971287;90.0;56.15976254175757
2021-07-23 05:00:00;77.24405277285972;90.0;56.75533326294891
2021-07-23 06:00:00;81.03018038639311;90.0;56.80927196621184
2021-07-23 07:00:00;79.06130136948393;90.0;57.894615570071664
2021-07-23 08:00:00;71.12364228128625;90.0;60.040413017667674
2021-07-23 09:00:00;71.56893097328528;90.0;59.33492094528083
2021-07-23 10:00:00;67.09713658345511;90.0;59.75148162589352
2021-07-23 11:00:00;64.42845635010373;90.0;59.85935371675191
2021-07-23 12:00:00;64.54452695850064;90.0;59.231911705369384
2021-07-23 13:00:00;58.135676294335845;90.0;59.59265424582708
2021-07-23 14:00:00;58.12906143628124;90.0;59.008910154388786
2021-07-23 15:00:00;54.645809927447345;90.0;59.3074645731611
2021-07-23 16:00:00;55.128023416958854;90.0;58.588051400125494
2021-07-23 17:00:00;57.13487953337776;90.0;57.569677947987714
2021-07-23 18:00:00;60.82748465113837;90.0;56.375267025538164
2021-07-23 19:00:00;63.83174425494619;90.0;56.33949419639839
2021-07-23 20:00:00;67.78000701270321;90.0;56.58566596303501
2021-07-23 21:00:00;68.3099431999077;90.0;56.98110807817034
2021-07-23 22:00:00;60.57802072000585;90.0;59.82387273412792
2021-07-23 23:00:00;47.665660040039285;90.0;59.084794907008984
2021-07-24 00:00:00;31.13517394467918;90.0;57.511594211173815
2021-07-24 01:00:00;31.180875264342262;90.0;56.830150900034766
2021-07-24 02:00:00;29.540357624099475;90.0;57.330127073105245
2021-07-24 03:00:00;30.389956755632536;90.0;56.11634715237477
2021-07-24 04:00:00;47.42906136763;90.0;55.7900472360501
2021-07-24 05:00:00;64.29938042227118;90.0;56.51243957443188
2021-07-24 06:00:00;66.99067065594959;90.0;56.33313051884471
2021-07-24 07:00:00;65.48488559357855;90.0;57.44490037735267
2021-07-24 08:00:00;59.18880200529454;90.0;59.59870499974886
2021-07-24 09:00:00;59.15101566065792;90.0;59.04141639825815
2021-07-24 10:00:00;55.621964505193226;90.0;59.515753200034
2021-07-24 11:00:00;53.394806094821895;90.0;59.35800958320101
2021-07-24 12:00:00;53.11280174595746;90.0;58.882526192251134
2021-07-24 13:00:00;52.422725692338325;90.0;58.71392989091504
2021-07-24 14:00:00;54.652048243085495;90.0;57.495532519728386
2021-07-24 15:00:00;48.82967138499822;90.0;59.00827274493548
2021-07-24 16:00:00;47.487731701899904;90.0;59.01061036782983
2021-07-24 17:00:00;50.774892751606956;90.0;57.10370112401898
2021-07-24 18:00:00;51.831596269574824;90.0;56.839786925877945
2021-07-24 19:00:00;54.8229507845265;90.0;55.968097863940386
2021-07-24 20:00:00;57.175495353991394;90.0;56.13830505032769
2021-07-24 21:00:00;56.92505975507738;90.0;56.83727954164857
2021-07-24 22:00:00;50.28626436684855;90.0;59.27229296423843
2021-07-24 23:00:00;39.716961470964655;90.0;58.404501916439585
2021-07-25 00:00:00;21.093171899499776;90.0;54.982852263867755
2021-07-25 01:00:00;21.01833917393693;90.0;54.408630921792565
2021-07-25 02:00:00;20.23604700041513;90.0;54.51811879556334
2021-07-25 03:00:00;20.79632869846562;90.0;53.5251672916321
2021-07-25 04:00:00;29.317762509774955;90.0;53.84414249141713
2021-07-25 05:00:00;38.576054715719685;90.0;54.90653459853661
2021-07-25 06:00:00;40.73288822717092;90.0;55.335905954853786
2021-07-25 07:00:00;37.86785010558626;90.0;57.35030119033473
2021-07-25 08:00:00;34.924886157263884;90.0;57.90489637669515
2021-07-25 09:00:00;35.767696887674134;90.0;56.85541422248451
2021-07-25 10:00:00;34.51438105464868;90.0;57.36501537756055
2021-07-25 11:00:00;33.78951380659232;90.0;57.35352295036199
2021-07-25 12:00:00;33.854431948790726;90.0;56.87351600049038
2021-07-25 13:00:00;31.953877507065908;90.0;57.58835306368525
2021-07-25 14:00:00;32.44690605178637;90.0;56.66923213594163
2021-07-25 15:00:00;30.38225597251906;90.0;57.265494045103424
2021-07-25 16:00:00;30.035930092451256;90.0;56.865459910517984
2021-07-25 17:00:00;31.379435415922803;90.0;55.57475576975173
2021-07-25 18:00:00;32.47537342310289;90.0;55.047178545714985
2021-07-25 19:00:00;33.1482188574189;90.0;55.049612301799414
2021-07-25 20:00:00;35.20917315273191;90.0;54.756820129807295
2021-07-25 21:00:00;34.233473134309676;90.0;55.934633523990044
2021-07-25 22:00:00;33.10558725347502;90.0;56.68747849190527
2021-07-25 23:00:00;27.607287648617707;90.0;56.83752936807724
2021-07-26 00:00:00;21.263312818145415;90.0;55.357976522177864
2021-07-26 01:00:00;21.14980679520744;90.0;54.65758120765355
2021-07-26 02:00:00;20.384040154027826;90.0;54.76050363384337
2021-07-26 03:00:00;20.934990669445366;90.0;53.69682280963087
2021-07-26 04:00:00;29.744330509576216;90.0;54.02321725328363
2021-07-26 05:00:00;38.975751456076225;90.0;54.960417348996316
2021-07-26 06:00:00;41.1164385865118;90.0;55.38717233196894
2021-07-26 07:00:00;38.552629184658336;90.0;57.22806290758274
2021-07-26 08:00:00;35.81244503941076;90.0;58.0668610250774
2021-07-26 09:00:00;36.16318749459944;90.0;57.261692025722255
2021-07-26 10:00:00;34.83459928776161;90.0;57.66716942616057
2021-07-26 11:00:00;34.09295052931603;90.0;57.564053306606695
2021-07-26 12:00:00;34.153634719222225;90.0;57.022755716230904
2021-07-26 13:00:00;32.22662880523282;90.0;57.699258976021895
2021-07-26 14:00:00;32.72405990224228;90.0;56.753749091847226
2021-07-26 15:00:00;30.63314433832765;90.0;57.33577260947078
2021-07-26 16:00:00;30.282326697982494;90.0;56.926558912379505
2021-07-26 17:00:00;31.641912231687662;90.0;55.62353155562846
2021-07-26 18:00:00;32.73854671808151;90.0;55.09417406882841
2021-07-26 19:00:00;33.088185341767336;90.0;55.2755348081144
2021-07-26 20:00:00;35.36001336762661;90.0;54.77022923602971
2021-07-26 21:00:00;34.19477422892827;90.0;56.05205305932503
2021-07-26 22:00:00;31.80669016860703;90.0;57.48933308729312
2021-07-26 23:00:00;25.984594231822133;90.0;56.619807120600115
2021-07-27 00:00:00;25.854588133165638;90.0;56.00080907758104
2021-07-27 01:00:00;25.79927644148764;90.0;55.572103724138344
2021-07-27 02:00:00;24.69892842723943;90.0;56.04527555229714
2021-07-27 03:00:00;25.44595202208275;90.0;54.93260077732191
2021-07-27 04:00:00;37.998688216719785;90.0;54.97117618154391
2021-07-27 05:00:00;50.8765347022903;90.0;55.77621442455484
2021-07-27 06:00:00;53.27231848559968;90.0;56.025392485473674
2021-07-27 07:00:00;51.76636317416558;90.0;57.19699041838754
2021-07-27 08:00:00;47.43747927218332;90.0;58.962889474055885
2021-07-27 09:00:00;46.3661375543453;90.0;58.847092552491006
2021-07-27 10:00:00;44.83176185894638;90.0;58.95810723499511
2021-07-27 11:00:00;43.903072641837895;90.0;58.746407250899495
2021-07-27 12:00:00;44.15871100858983;90.0;58.05899090888761
2021-07-27 13:00:00;41.397527533281675;90.0;58.612958686866136
2021-07-27 14:00:00;42.088476356174155;90.0;57.68341609055233
2021-07-27 15:00:00;39.01100155544305;90.0;58.24152891462842
2021-07-27 16:00:00;38.36309846668753;90.0;58.01139845765226
2021-07-27 17:00:00;40.43245162758313;90.0;56.496292067148886
2021-07-27 18:00:00;41.74627835290145;90.0;55.99933467041603
2021-07-27 19:00:00;41.8998844056625;90.0;56.28499598268115
2021-07-27 20:00:00;45.46045130329817;90.0;55.67634796314371
2021-07-27 21:00:00;45.5736351687614;90.0;56.206336371743646
2021-07-27 22:00:00;40.69844486458124;90.0;58.696259933836984
2021-07-27 23:00:00;33.010645683413145;90.0;57.77533714971304
2021-07-28 00:00:00;25.479245217968746;90.0;56.27578603309297
2021-07-28 01:00:00;25.562019324444982;90.0;55.58999644599254
2021-07-28 02:00:00;24.07133107140843;90.0;56.1921474830894
2021-07-28 03:00:00;25.374108991633943;90.0;54.54145704907313
2021-07-28 04:00:00;33.73740809957321;90.0;54.62685972886652
2021-07-28 05:00:00;47.1583350616262;90.0;55.72563593555708
2021-07-28 06:00:00;51.98864865255982;90.0;55.704375846087316
2021-07-28 07:00:00;50.66624170385285;90.0;56.91977296340883
2021-07-28 08:00:00;43.83858057705834;90.0;58.90302693140603
2021-07-28 09:00:00;45.331264865989034;90.0;57.613134630686886
2021-07-28 10:00:00;43.70304174614059;90.0;58.18458469135919
2021-07-28 11:00:00;42.6540503964847;90.0;58.27151273847909
2021-07-28 12:00:00;42.801926100670244;90.0;57.75736057168359
2021-07-28 13:00:00;40.148661645279525;90.0;58.6297606372558
2021-07-28 14:00:00;40.84450089413767;90.0;57.647112663208134
2021-07-28 15:00:00;38.01684796544403;90.0;58.370191096042106
2021-07-28 16:00:00;37.557220580663795;90.0;57.96628611658127
2021-07-28 17:00:00;39.41651568558629;90.0;56.51937021277439
2021-07-28 18:00:00;40.90685743735242;90.0;55.88121245208259
2021-07-28 19:00:00;41.26205563852966;90.0;56.089979933810866
2021-07-28 20:00:00;44.46712456922637;90.0;55.37000266692837
2021-07-28 21:00:00;42.88843715935667;90.0;56.76667467757585
2021-07-28 22:00:00;39.68497735939694;90.0;58.38388724349204
2021-07-28 23:00:00;31.972185191363323;90.0;57.620641380406425
2021-07-29 00:00:00;23.796134796293206;90.0;56.01458567748858
2021-07-29 01:00:00;23.85098323138224;90.0;55.26706298667307
2021-07-29 02:00:00;22.711950041525093;90.0;55.611938729937606
2021-07-29 03:00:00;23.92735141923056;90.0;54.0697611229308
2021-07-29 04:00:00;31.187948295321682;90.0;54.30098523726633
2021-07-29 05:00:00;43.11047908283451;90.0;55.31503674370066
2021-07-29 06:00:00;47.63265480165564;90.0;55.691521748806224
2021-07-29 07:00:00;46.016205626114164;90.0;57.0031331624117
2021-07-29 08:00:00;40.39221677887887;90.0;58.5745905053692
2021-07-29 09:00:00;41.64915910560372;90.0;57.357021659569796
2021-07-29 10:00:00;40.14860035263421;90.0;57.91999906611102
2021-07-29 11:00:00;39.23634963688054;90.0;57.96714103955702
2021-07-29 12:00:00;39.309118640022916;90.0;57.4864945620638
2021-07-29 13:00:00;36.97613086318443;90.0;58.28554205090467
2021-07-29 14:00:00;37.59300887858501;90.0;57.32354149889545
2021-07-29 15:00:00;35.06182177175991;90.0;58.00301200140433
2021-07-29 16:00:00;34.64610992775441;90.0;57.600031745284184
2021-07-29 17:00:00;36.30460709813766;90.0;56.20500258071371
2021-07-29 18:00:00;37.6481006327733;90.0;55.60055197527237
2021-07-29 19:00:00;38.213623733478805;90.0;55.69537866206957
2021-07-29 20:00:00;40.85297735359033;90.0;55.19427116767406
2021-07-29 21:00:00;39.521097417201176;90.0;56.499947485460154
2021-07-29 22:00:00;36.527311825847775;90.0;58.124760690204084
2021-07-29 23:00:00;29.590297765720965;90.0;57.33945697052309
2021-07-30 00:00:00;21.864893027991283;90.0;55.40525480569903
2021-07-30 01:00:00;21.852318666050483;90.0;54.703289164707485
2021-07-30 02:00:00;20.916585437822178;90.0;54.91049831833624
2021-07-30 03:00:00;22.05117265593971;90.0;53.43802818501473
2021-07-30 04:00:00;28.343085627954927;90.0;54.004346779517334
2021-07-30 05:00:00;38.5714946212208;90.0;55.10834471937727
2021-07-30 06:00:00;42.578575756282355;90.0;55.45206916691171
2021-07-30 07:00:00;39.47828426217771;90.0;57.53174066212034
2021-07-30 08:00:00;36.67960235476281;90.0;58.2637504442111
2021-07-30 09:00:00;37.468451720720815;90.0;57.20266153107275
2021-07-30 10:00:00;36.07929238626715;90.0;57.69151950445354
2021-07-30 11:00:00;35.30545991444376;90.0;57.63853801955878
2021-07-30 12:00:00;35.37331719482685;90.0;57.12217733399268
2021-07-30 13:00:00;33.35108487815057;90.0;57.83975102365997
2021-07-30 14:00:00;33.877066666367796;90.0;56.89467381857986
2021-07-30 15:00:00;31.682549119194945;90.0;57.50760307852397
2021-07-30 16:00:00;31.31647460797252;90.0;57.101343652635705
2021-07-30 17:00:00;32.74662555903456;90.0;55.77499854557766
2021-07-30 18:00:00;33.91072472431091;90.0;55.221598918300685
2021-07-30 19:00:00;34.62404942203946;90.0;55.21176987413406
2021-07-30 20:00:00;36.79958114855746;90.0;54.89827786216398
2021-07-30 21:00:00;35.730513910982054;90.0;56.110618815564294
2021-07-30 22:00:00;34.72266091651843;90.0;56.771463445319
2021-07-30 23:00:00;26.68142657816956;90.0;56.73540094900261
2021-07-31 00:00:00;20.99857047432726;90.0;55.356721664073746
2021-07-31 01:00:00;20.965727646602456;90.0;54.56289797449551
2021-07-31 02:00:00;20.111216409535782;90.0;54.64360888683507
2021-07-31 03:00:00;20.55132127737386;90.0;53.65510717073431
2021-07-31 04:00:00;29.822737075709604;90.0;53.977697535672974
2021-07-31 05:00:00;38.78413076306679;90.0;54.97433832013064
2021-07-31 06:00:00;40.28296700771614;90.0;55.03193465546383
2021-07-31 07:00:00;37.521258487137274;90.0;57.1192853920536
2021-07-31 08:00:00;34.99606580235496;90.0;58.127313385282946
2021-07-31 09:00:00;35.53975376401019;90.0;57.161646275935084
2021-07-31 10:00:00;34.24400847325366;90.0;57.573431175145174
2021-07-31 11:00:00;33.52022305113969;90.0;57.47491255381618
2021-07-31 12:00:00;33.57938102382467;90.0;56.940186561136386
2021-07-31 13:00:00;31.698115451590134;90.0;57.61103465418336
2021-07-31 14:00:00;32.18291965184538;90.0;56.672212333389325
2021-07-31 15:00:00;30.140783603016715;90.0;57.2423089660565
2021-07-31 16:00:00;29.79742955325292;90.0;56.83488146202882
2021-07-31 17:00:00;31.124269078058884;90.0;55.54546061441914
2021-07-31 18:00:00;32.20715119372626;90.0;55.01903503868692
2021-07-31 19:00:00;32.87223286488323;90.0;55.021396705403674
2021-07-31 20:00:00;34.838175029323025;90.0;54.76008688638706
2021-07-31 21:00:00;33.89288197437106;90.0;55.9084168615463
2021-07-31 22:00:00;32.881663141409106;90.0;56.593916903685056
2021-07-31 23:00:00;25.674234023860986;90.0;56.68955481932454
2021-08-01 00:00:00;21.000322671483726;90.0;55.25800696973198
2021-08-01 01:00:00;20.926335910211115;90.0;54.51616897832139
2021-08-01 02:00:00;20.100078743920616;90.0;54.58349595653732
2021-08-01 03:00:00;20.494724629408978;90.0;53.645503101500594
2021-08-01 04:00:00;27.032605864569735;90.0;53.78786130604942
2021-08-01 05:00:00;38.954229920720124;90.0;55.21152737614318
2021-08-01 06:00:00;40.291051387969446;90.0;55.26037968457899
2021-08-01 07:00:00;38.897070577503;90.0;56.56050996911836
2021-08-01 08:00:00;34.7058626358586;90.0;57.92445365877148
2021-08-01 09:00:00;35.51952376366934;90.0;56.86381078220228
2021-08-01 10:00:00;34.23102915436397;90.0;57.37846093146726
2021-08-01 11:00:00;33.51177017297941;90.0;57.34515051164834
2021-08-01 12:00:00;33.57388202370146;90.0;56.85364998758229
2021-08-01 13:00:00;31.69468953735178;90.0;57.55923001952664
2021-08-01 14:00:00;32.18067267221672;90.0;56.637441636178494
2021-08-01 15:00:00;30.13964624248037;90.0;57.225095539076904
2021-08-01 16:00:00;29.796687694738573;90.0;56.82342634651815
2021-08-01 17:00:00;31.123794221967774;90.0;55.53792020446127
2021-08-01 18:00:00;32.20685895496629;90.0;55.014249320403394
2021-08-01 19:00:00;32.87205515064179;90.0;55.018395002400496
2021-08-01 20:00:00;34.86967901850158;90.0;54.746074751225194
2021-08-01 21:00:00;33.893639814967884;90.0;55.91842987209077
2021-08-01 22:00:00;32.671052398784205;90.0;56.72161673661412
2021-08-01 23:00:00;25.672496875198398;90.0;56.669998444430234
2021-08-02 00:00:00;21.880443195333154;90.0;55.535200948976694
2021-08-02 01:00:00;21.872825985189735;90.0;54.784976184116715
2021-08-02 02:00:00;20.91797419995737;90.0;54.972219095327944
2021-08-02 03:00:00;22.05318408513862;90.0;53.47510738093126
2021-08-02 04:00:00;28.343130048524674;90.0;54.00720576176667
2021-08-02 05:00:00;41.12412250670387;90.0;55.323710509237
2021-08-02 06:00:00;42.557995326645845;90.0;55.379565878496464
2021-08-02 07:00:00;41.12624044893952;90.0;56.682306287795996
2021-08-02 08:00:00;36.55671081229024;90.0;58.157718385157466
2021-08-02 09:00:00;37.45840593946944;90.0;57.06853217052861
2021-08-02 10:00:00;36.07287201933242;90.0;57.6043916822527
2021-08-02 11:00:00;35.30129385171413;90.0;57.580956444663684
2021-08-02 12:00:00;35.37061731157333;90.0;57.08403319095436
2021-08-02 13:00:00;33.3494334564173;90.0;57.818378927329604
2021-08-02 14:00:00;33.875991697598835;90.0;56.88049881444965
2021-08-02 15:00:00;31.681837354945554;90.0;57.49868047049921
2021-08-02 16:00:00;31.316012158814967;90.0;57.095502661732326
2021-08-02 17:00:00;32.74633198784116;90.0;55.771225320360145
2021-08-02 18:00:00;33.91054635081261;90.0;55.21925520638865
2021-08-02 19:00:00;34.62394265459142;90.0;55.21033286383897
2021-08-02 20:00:00;36.76129961261839;90.0;54.912309517901065
2021-08-02 21:00:00;35.62006390948556;90.0;56.15656268211137
2021-08-02 22:00:00;34.644199177928705;90.0;56.778751596517736
2021-08-02 23:00:00;26.780224682332026;90.0;56.884316629267005
2021-08-03 00:00:00;20.590400001936228;90.0;55.019964210739886
2021-08-03 01:00:00;20.601393521293403;90.0;54.26221630099337
2021-08-03 02:00:00;19.73302810065228;90.0;54.536914294298754
2021-08-03 03:00:00;20.619169197710356;90.0;53.20406601485462
2021-08-03 04:00:00;29.089159237066454;90.0;53.799590984158215
2021-08-03 05:00:00;35.62311325080115;90.0;54.89748848000312
2021-08-03 06:00:00;39.25147061134494;90.0;54.99463178717514
2021-08-03 07:00:00;36.497793859206084;90.0;57.08698588944344
2021-08-03 08:00:00;34.200388028583795;90.0;57.98153711131329
2021-08-03 09:00:00;34.664361597719164;90.0;57.06640213535792
2021-08-03 10:00:00;33.41170226876312;90.0;57.464408938953966
2021-08-03 11:00:00;32.711112555517005;90.0;57.35935247018779
2021-08-03 12:00:00;32.76677294663596;90.0;56.82647721882887
2021-08-03 13:00:00;30.94946106394931;90.0;57.483956114472505
2021-08-03 14:00:00;31.41588811871366;90.0;56.55275843761348
2021-08-03 15:00:00;29.44283202559225;90.0;57.108484921015645
2021-08-03 16:00:00;29.109789618250925;90.0;56.70174509066095
2021-08-03 17:00:00;30.39008470195141;90.0;55.43124451782461
2021-08-03 18:00:00;31.436363657369668;90.0;54.91856763474891
2021-08-03 19:00:00;32.07968707747959;90.0;54.92720803227263
2021-08-03 20:00:00;34.044623297995756;90.0;54.653303881507725
2021-08-03 21:00:00;33.119274590738186;90.0;55.810240283194446
2021-08-03 22:00:00;32.00926011238323;90.0;56.56603196789416
2021-08-03 23:00:00;26.799115464852044;90.0;56.81057581217516
2021-08-04 00:00:00;20.462010109494564;90.0;55.084482166639646
2021-08-04 01:00:00;20.309295055357914;90.0;54.386244808907804
2021-08-04 02:00:00;23.37199729821516;90.0;52.50203759373812
2021-08-04 03:00:00;21.72124256709023;90.0;54.55879696076681
2021-08-04 04:00:00;28.504664714000036;90.0;53.95320917997799
2021-08-04 05:00:00;33.71346479538564;90.0;54.57485381847647
2021-08-04 06:00:00;26.66199581723237;90.0;56.8464109983513
2021-08-04 07:00:00;36.408625051453505;90.0;54.96499139491101
2021-08-04 08:00:00;33.78229854597549;90.0;56.9973677621162
2021-08-04 09:00:00;34.32064579389163;90.0;56.3861829017855
2021-08-04 10:00:00;33.126004615274866;90.0;57.00399461986484
2021-08-04 11:00:00;32.431126864305;90.0;57.05707396960702
2021-08-04 12:00:00;32.493845349227264;90.0;56.61866005124148
2021-08-04 13:00:00;30.70220942129711;90.0;57.3371502912629
2021-08-04 14:00:00;31.165969404342114;90.0;56.44523691854272
2021-08-04 15:00:00;29.229809488624383;90.0;57.201584270314754
2021-08-04 16:00:00;28.896811177622563;90.0;56.74916752597329
2021-08-04 17:00:00;30.160118303332776;90.0;55.453647450103404
2021-08-04 18:00:00;31.193269101277803;90.0;54.923540616278956
2021-08-04 19:00:00;31.580416168275097;90.0;55.06550326633942
2021-08-04 20:00:00;33.69814785775743;90.0;54.606639353847754
2021-08-04 21:00:00;32.66961380308395;90.0;55.8317304362875
2021-08-04 22:00:00;31.819254657949326;90.0;56.41050457434699
2021-08-04 23:00:00;24.74026234372492;90.0;56.46782505114459
2021-08-05 00:00:00;21.693477595347332;90.0;55.45844133452658
2021-08-05 01:00:00;25.193687029503568;90.0;53.18179081279834
2021-08-05 02:00:00;24.81011250375437;90.0;54.16437648466558
2021-08-05 03:00:00;23.146720620041222;90.0;55.56960378650069
2021-08-05 04:00:00;30.591682723885498;90.0;54.24738496842173
2021-08-05 05:00:00;36.50900129765089;90.0;54.76052975320317
2021-08-05 06:00:00;30.524355514317932;90.0;57.50332039392367
2021-08-05 07:00:00;39.538346244775184;90.0;55.22613685485453
2021-08-05 08:00:00;36.45909858823679;90.0;57.39348966656053
2021-08-05 09:00:00;37.06054430616517;90.0;56.73471555570251
2021-08-05 10:00:00;35.78864974613371;90.0;57.33048196136434
2021-08-05 11:00:00;35.28766534706396;90.0;57.25329208592086
2021-08-05 12:00:00;35.389505493743506;90.0;56.85926888932323
2021-08-05 13:00:00;33.064289974829265;90.0;57.845840798988775
2021-08-05 14:00:00;33.58167771683454;90.0;56.8865364015121
2021-08-05 15:00:00;31.412892608292964;90.0;57.47830862456749
2021-08-05 16:00:00;31.0503269040438;90.0;57.06642580084332
2021-08-05 17:00:00;32.48270563573912;90.0;55.730710139279836
2021-08-05 18:00:00;33.58706209127014;90.0;55.21100427200338
2021-08-05 19:00:00;33.72377291566756;90.0;55.508292350775605
2021-08-05 20:00:00;36.341136896195884;90.0;54.79196783742492
2021-08-05 21:00:00;36.4339198908618;90.0;55.41762766106211
2021-08-05 22:00:00;32.72280229173583;90.0;57.77057476927024
2021-08-05 23:00:00;26.766795267021344;90.0;56.838574210726904
2021-08-06 00:00:00;25.459716638573326;90.0;56.42380135780394
2021-08-06 01:00:00;25.425667375639797;90.0;55.7613429556132
2021-08-06 02:00:00;24.28880590040151;90.0;56.04046255736279
2021-08-06 03:00:00;24.974233453027974;90.0;54.9079032833763
2021-08-06 04:00:00;37.43778340697045;90.0;54.92614732845158
2021-08-06 05:00:00;49.36390508265969;90.0;55.77901835843795
2021-08-06 06:00:00;52.13315565204439;90.0;55.866954950236334
2021-08-06 07:00:00;48.020952699679086;90.0;58.14583436470656
2021-08-06 08:00:00;43.67640443907023;90.0;58.73520032838417
2021-08-06 09:00:00;45.283726791440124;90.0;57.445125025430514
2021-08-06 10:00:00;43.79656841566951;90.0;58.01375301178393
2021-08-06 11:00:00;43.04108382632972;90.0;58.028203172472274
2021-08-06 12:00:00;43.105183822406005;90.0;57.64763000834563
2021-08-06 13:00:00;40.36127734370419;90.0;58.60622760541469
2021-08-06 14:00:00;40.89925247283954;90.0;57.71496961734471
2021-08-06 15:00:00;38.1103059607269;90.0;58.3914830525938
2021-08-06 16:00:00;37.56757045013863;90.0;58.02567820932518
2021-08-06 17:00:00;39.54209631006637;90.0;56.50169033736262
2021-08-06 18:00:00;40.86476526115668;90.0;55.95647508313101
2021-08-06 19:00:00;40.66954270758883;90.0;56.39798019641927
2021-08-06 20:00:00;44.77082511939406;90.0;55.498816405813784
2021-08-06 21:00:00;44.581052426242564;90.0;56.21640159005756
2021-08-06 22:00:00;39.88330528884358;90.0;58.63865951637297
2021-08-06 23:00:00;32.21277104711607;90.0;57.68990433027017
2021-08-07 00:00:00;22.885276733497058;90.0;55.859291613936875
2021-08-07 01:00:00;22.886017982644848;90.0;55.11415867543849
2021-08-07 02:00:00;21.865531650215253;90.0;55.33860932301775
2021-08-07 03:00:00;23.01533137004596;90.0;53.833417449696356
2021-08-07 04:00:00;29.854021887937552;90.0;54.16826583973136
2021-08-07 05:00:00;43.60539743781044;90.0;55.551433712119206
2021-08-07 06:00:00;45.20827778561009;90.0;55.53820531004311
2021-08-07 07:00:00;43.59845398757786;90.0;56.88552905602694
2021-08-07 08:00:00;38.40258929100155;90.0;58.35942761488786
2021-08-07 09:00:00;39.57441763933575;90.0;57.16232332026283
2021-08-07 10:00:00;38.218097001716956;90.0;57.69230705340715
2021-08-07 11:00:00;37.423591802799415;90.0;57.71381986970749
2021-08-07 12:00:00;37.40935669995213;90.0;57.30133632461184
2021-08-07 13:00:00;35.22713203549945;90.0;58.071704146055595
2021-08-07 14:00:00;35.80046226167252;90.0;57.12123047573863
2021-08-07 15:00:00;33.43211560219569;90.0;57.77309542744297
2021-08-07 16:00:00;33.040500432092664;90.0;57.370080601200925
2021-08-07 17:00:00;34.58874168070694;90.0;56.00734059555123
2021-08-07 18:00:00;35.84561523613593;90.0;55.42692976219155
2021-08-07 19:00:00;36.613992239194005;90.0;55.404685576551685
2021-08-07 20:00:00;38.928740213347936;90.0;55.07343128882235
2021-08-07 21:00:00;37.72723394760772;90.0;56.32947099448984
2021-08-07 22:00:00;36.28098485847805;90.0;57.18905602983716
2021-08-07 23:00:00;30.110130812436196;90.0;57.2559660512448
2021-08-08 00:00:00;19.311301742389738;90.0;54.53457419658491
2021-08-08 01:00:00;17.574778718693434;90.0;53.76980650801295
2021-08-08 02:00:00;17.011603666550787;90.0;53.23930065315386
2021-08-08 03:00:00;17.496450050422407;90.0;52.14979853672094
2021-08-08 04:00:00;23.21553097465743;90.0;52.56397014234693
2021-08-08 05:00:00;27.465718769096686;90.0;53.60895137043315
2021-08-08 06:00:00;23.303500955339583;90.0;55.893342599187974
2021-08-08 07:00:00;29.828930550065177;90.0;54.11097424796594
2021-08-08 08:00:00;27.8618483653282;90.0;55.99464759865833
2021-08-08 09:00:00;28.118476831402052;90.0;55.540836761589276
2021-08-08 10:00:00;27.205616324277422;90.0;56.05357677207189
2021-08-08 11:00:00;11.294316194152778;90.0;75.90726146297163
2021-08-08 12:00:00;11.294316194152778;90.0;75.90726146297163
2021-08-08 13:00:00;11.294316194152778;90.0;75.90726146297163
2021-08-08 14:00:00;11.294316194152778;90.0;75.90726146297163
2021-08-08 15:00:00;11.294316194152778;90.0;75.90726146297163
2021-08-08 16:00:00;11.294316194152778;90.0;75.90726146297163
2021-08-08 17:00:00;11.294316194152778;90.0;75.90726146297163
2021-08-08 18:00:00;11.294316194152778;90.0;75.90726146297163
2021-08-08 19:00:00;26.376232273693876;90.0;56.24595293131489
2021-08-08 20:00:00;27.766733393205378;90.0;54.820552739400625
2021-08-08 21:00:00;27.259742095561524;90.0;55.34540534784503
2021-08-08 22:00:00;25.722055209406385;90.0;56.31237593021194
2021-08-08 23:00:00;21.56681217083318;90.0;55.180485643470604
2021-08-09 00:00:00;22.25019910101149;90.0;54.01161697262063
2021-08-09 01:00:00;23.412454797619798;90.0;53.16048393461955
2021-08-09 02:00:00;23.55531899617115;90.0;53.57731416581993
2021-08-09 03:00:00;22.44845530321053;90.0;54.710389254789845
2021-08-09 04:00:00;29.656320730711368;90.0;54.17238214057846
2021-08-09 05:00:00;34.848363218238724;90.0;54.731723945829515
2021-08-09 06:00:00;24.411161441559244;90.0;56.03879752309439
2021-08-09 07:00:00;37.60162386839189;90.0;55.12732749365881
2021-08-09 08:00:00;34.76094157919475;90.0;57.2108484811385
2021-08-09 09:00:00;35.74821122194865;90.0;56.327568528617064
2021-08-09 10:00:00;34.50153319965083;90.0;57.03400325667934
2021-08-09 11:00:00;33.77405001650827;90.0;57.145233514266465
2021-08-09 12:00:00;33.844613188650946;90.0;56.73728097740121
2021-08-09 13:00:00;31.94788436560266;90.0;57.50917190964935
2021-08-09 14:00:00;32.44306622653994;90.0;56.61701834641775
2021-08-09 15:00:00;30.392454951969917;90.0;57.411289124566224
2021-08-09 16:00:00;30.042612184831565;90.0;56.96257703030557
2021-08-09 17:00:00;31.472655469206206;90.0;55.58609381886953
2021-08-09 18:00:00;32.44248564511563;90.0;55.13447182015358
2021-08-09 19:00:00;32.473535136136015;90.0;55.46677806503544
2021-08-09 20:00:00;35.04925633571775;90.0;54.6807534681937
2021-08-09 21:00:00;33.92666848078462;90.0;55.96891491585535
2021-08-09 22:00:00;31.553204894734847;90.0;57.42731677413428
2021-08-09 23:00:00;25.7266295606408;90.0;56.56533642651527
2021-08-10 00:00:00;30.50834953679986;90.0;54.175250710472255
2021-08-10 01:00:00;30.532218904138073;90.0;54.8116625845463
2021-08-10 02:00:00;29.182354772287738;90.0;56.0200243040382
2021-08-10 03:00:00;30.326286267643813;90.0;55.1088685809421
2021-08-10 04:00:00;45.71024490554155;90.0;55.734726053394866
2021-08-10 05:00:00;62.78124716746966;90.0;56.43313240185989
2021-08-10 06:00:00;66.23938509677181;90.0;56.58114226501823
2021-08-10 07:00:00;64.50945376116968;90.0;57.66826964777323
2021-08-10 08:00:00;58.51919253824601;90.0;59.66299398930323
2021-08-10 09:00:00;58.1127077432166;90.0;59.20231478843556
2021-08-10 10:00:00;54.71130026971158;90.0;59.303408526023816
2021-08-10 11:00:00;52.67437877391005;90.0;59.41421186424395
2021-08-10 12:00:00;55.33787696423141;90.0;57.815570819490915
2021-08-10 13:00:00;51.69880045318094;90.0;59.13979723679813
2021-08-10 14:00:00;54.08498943057899;90.0;57.70035437060477
2021-08-10 15:00:00;48.44060015944163;90.0;59.04923884831396
2021-08-10 16:00:00;46.957181162047114;90.0;58.989456138993376
2021-08-10 17:00:00;50.238226363770444;90.0;57.06225727087258
2021-08-10 18:00:00;51.48635095967493;90.0;56.72146133100051
2021-08-10 19:00:00;53.71986363424241;90.0;56.162682584841434
2021-08-10 20:00:00;55.44651487870083;90.0;56.174389885141125
2021-08-10 21:00:00;56.127957112040825;90.0;56.49485725707473
2021-08-10 22:00:00;50.268299390736495;90.0;59.15733150487006
2021-08-10 23:00:00;37.436970369146295;90.0;58.291554102758425
2021-08-11 00:00:00;25.73559535750266;90.0;56.41692007900508
2021-08-11 01:00:00;24.604406901381775;90.0;56.226974851831756
2021-08-11 02:00:00;24.136795306247475;90.0;55.863707633888225
2021-08-11 03:00:00;25.492316165984004;90.0;54.33139646257223
2021-08-11 04:00:00;34.46315218961759;90.0;54.60371689620439
2021-08-11 05:00:00;51.2683258566328;90.0;55.92805013055312
2021-08-11 06:00:00;53.24086480603175;90.0;55.76411338500384
2021-08-11 07:00:00;51.50130017275878;90.0;57.12542679882711
2021-08-11 08:00:00;44.66043206172546;90.0;58.99624401880777
2021-08-11 09:00:00;46.352731477088845;90.0;57.62174338646639
2021-08-11 10:00:00;44.69847145160917;90.0;58.210493296726156
2021-08-11 11:00:00;43.79468093360427;90.0;58.238957214484174
2021-08-11 12:00:00;43.796925193337835;90.0;57.83326125200773
2021-08-11 13:00:00;41.12554469285046;90.0;58.689934878068016
2021-08-11 14:00:00;41.7376747368504;90.0;57.76380284993712
2021-08-11 15:00:00;38.88215405530725;90.0;58.45889316872598
2021-08-11 16:00:00;38.366013210355916;90.0;58.07944443097699
2021-08-11 17:00:00;40.43789354869351;90.0;56.53624819752554
2021-08-11 18:00:00;41.76086042969891;90.0;56.01789961112428
2021-08-11 19:00:00;41.95533145507788;90.0;56.27624662464382
2021-08-11 20:00:00;45.474632592447534;90.0;55.533513331112886
2021-08-11 21:00:00;43.989908949905804;90.0;56.83017060864353
2021-08-11 22:00:00;42.693446399528135;90.0;57.524626437962525
2021-08-11 23:00:00;34.77375183251843;90.0;57.95867741888827
2021-08-12 00:00:00;22.721575056985255;90.0;55.5459132499858
2021-08-12 01:00:00;23.707484941269023;90.0;54.19370976068558
2021-08-12 02:00:00;19.697418143503736;90.0;54.86112585780097
2021-08-12 03:00:00;20.317512396989393;90.0;53.53424055471919
2021-08-12 04:00:00;27.815451861251525;90.0;53.76996952747197
2021-08-12 05:00:00;36.722498645010276;90.0;54.78053086393106
2021-08-12 06:00:00;38.99844285022945;90.0;55.13738440538941
2021-08-12 07:00:00;36.348292373096015;90.0;57.119482717224
2021-08-12 08:00:00;33.74072825218374;90.0;57.896923872867774
2021-08-12 09:00:00;34.37517821446371;90.0;56.88929771955412
2021-08-12 10:00:00;33.139965055573676;90.0;57.33339135944357
2021-08-12 11:00:00;32.44908762366327;90.0;57.25824618747447
2021-08-12 12:00:00;32.50515628213899;90.0;56.74718594293961
2021-08-12 13:00:00;30.709199802387765;90.0;57.41497651586428
2021-08-12 14:00:00;31.170399478982823;90.0;56.49522811317678
2021-08-12 15:00:00;29.23249813843947;90.0;57.23124505482366
2021-08-12 16:00:00;28.898513928014594;90.0;56.76811715351295
2021-08-12 17:00:00;30.1611651302104;90.0;55.46551601909778
2021-08-12 18:00:00;31.193886600308645;90.0;54.9306874708588
2021-08-12 19:00:00;31.70492907991224;90.0;54.996904192034776
2021-08-12 20:00:00;33.71055510501539;90.0;54.44584234474331
2021-08-12 21:00:00;32.834046176678314;90.0;55.649150669086396
2021-08-12 22:00:00;31.63478104844705;90.0;56.510715667300815
2021-08-12 23:00:00;26.38201224422442;90.0;56.75179840006206
2021-08-13 00:00:00;23.511731152589803;90.0;56.005459670747314
2021-08-13 01:00:00;24.572972337699113;90.0;54.51030266260568
2021-08-13 02:00:00;20.305785238984043;90.0;55.04120581256598
2021-08-13 03:00:00;20.989260981547847;90.0;53.71329816728348
2021-08-13 04:00:00;28.762969982941406;90.0;53.880569568183205
2021-08-13 05:00:00;34.73241009317277;90.0;54.51643005264782
2021-08-13 06:00:00;25.09928588798066;90.0;56.35368601494878
2021-08-13 07:00:00;37.86884075754427;90.0;54.967932053185905
2021-08-13 08:00:00;35.22295854142532;90.0;57.00915485809668
2021-08-13 09:00:00;35.786448856047066;90.0;56.45131270885213
2021-08-13 10:00:00;34.49723234610982;90.0;57.13364884497264
2021-08-13 11:00:00;33.778577805674345;90.0;57.2022396551198
2021-08-13 12:00:00;33.84745659519351;90.0;56.77413867117258
2021-08-13 13:00:00;31.96836765590312;90.0;57.51906230151735
2021-08-13 14:00:00;32.44454570913959;90.0;56.635466200038195
2021-08-13 15:00:00;30.406208929854646;90.0;57.414782865366874
2021-08-13 16:00:00;30.050394405229955;90.0;56.969197583643336
2021-08-13 17:00:00;31.50300056049058;90.0;55.57747425396599
2021-08-13 18:00:00;32.45742803938063;90.0;55.140302062292676
2021-08-13 19:00:00;32.944351394934785;90.0;55.2095859287856
2021-08-13 20:00:00;35.118538265368535;90.0;54.764469870718756
2021-08-13 21:00:00;34.17818693322888;90.0;55.91735160697675
2021-08-13 22:00:00;32.942006939482496;90.0;56.73757711069021
2021-08-13 23:00:00;27.527001955361882;90.0;56.81857750885479
2021-08-14 00:00:00;22.487158151522262;90.0;55.60627667787958
2021-08-14 01:00:00;26.219219705161148;90.0;53.28393910636191
2021-08-14 02:00:00;21.58818179759371;90.0;55.311114941549135
2021-08-14 03:00:00;22.382942871515414;90.0;54.01555426468849
2021-08-14 04:00:00;31.080663534958532;90.0;54.228545335204956
2021-08-14 05:00:00;41.50671182341587;90.0;55.344746653021105
2021-08-14 06:00:00;44.40175403273444;90.0;55.58106231155489
2021-08-14 07:00:00;41.01121874440658;90.0;57.73051412131372
2021-08-14 08:00:00;37.468991199895136;90.0;58.160817873506346
2021-08-14 09:00:00;38.7876325070221;90.0;56.910897509929384
2021-08-14 10:00:00;37.48555823109431;90.0;57.49104427007944
2021-08-14 11:00:00;36.65659839327228;90.0;57.58240321147264
2021-08-14 12:00:00;36.73388221516004;90.0;57.13900041898188
2021-08-14 13:00:00;34.57263333739271;90.0;57.953032068600976
2021-08-14 14:00:00;35.13061395066589;90.0;57.018098186252644
2021-08-14 15:00:00;32.8235936142103;90.0;57.66976473447596
2021-08-14 16:00:00;32.44126001021168;90.0;57.27062738376338
2021-08-14 17:00:00;33.948714063673165;90.0;55.92339745393434
2021-08-14 18:00:00;35.151375688531004;90.0;55.366369674018074
2021-08-14 19:00:00;35.333288060008094;90.0;55.64830653130093
2021-08-14 20:00:00;38.02125502635114;90.0;54.95507776978525
2021-08-14 21:00:00;38.15363288216079;90.0;55.555360954022035
2021-08-14 22:00:00;34.24933319170694;90.0;57.94360256314292
2021-08-14 23:00:00;27.735583835379643;90.0;57.137370341661835
2021-08-15 00:00:00;22.68052507731559;90.0;55.7308389370055
2021-08-15 01:00:00;22.59617813261035;90.0;55.06589512071338
2021-08-15 02:00:00;21.707925059861328;90.0;55.18232026148394
2021-08-15 03:00:00;22.275674990128362;90.0;54.13575238228191
2021-08-15 04:00:00;32.14695401412071;90.0;54.219955622306884
2021-08-15 05:00:00;42.51234452412293;90.0;55.42565204811507
2021-08-15 06:00:00;25.999749033709314;90.0;56.42503838153243
2021-08-15 07:00:00;41.5162566743287;90.0;55.394079282961
2021-08-15 08:00:00;38.332260794309114;90.0;57.547684339825196
2021-08-15 09:00:00;39.1897981728469;90.0;56.79576334095003
2021-08-15 10:00:00;37.80979330721214;90.0;57.47168641316756
2021-08-15 11:00:00;36.95964979629914;90.0;57.59341419534081
2021-08-15 12:00:00;37.04214184862633;90.0;57.15793887917624
2021-08-15 13:00:00;34.891750785775585;90.0;57.96145426152947
2021-08-15 14:00:00;35.45901231972303;90.0;57.03640784782806
2021-08-15 15:00:00;33.12300938907962;90.0;57.70328989131599
2021-08-15 16:00:00;32.73670721859813;90.0;57.30865482406682
2021-08-15 17:00:00;34.26475783756322;90.0;55.957930755558266
2021-08-15 18:00:00;35.47430258936821;90.0;55.40300696699194
2021-08-15 19:00:00;35.624499354810204;90.0;55.701428201108115
2021-08-15 20:00:00;38.43013949439335;90.0;54.956969099725654
2021-08-15 21:00:00;37.107622899120926;90.0;56.31447096434289
2021-08-15 22:00:00;36.37166854768665;90.0;56.790075365792745
2021-08-15 23:00:00;27.965036738438116;90.0;56.98207564195769
2021-08-16 00:00:00;39.240564776280394;90.0;55.04183821466978
2021-08-16 01:00:00;39.2010423941553;90.0;55.73390143510977
2021-08-16 02:00:00;37.334758373642046;90.0;57.06776156264641
2021-08-16 03:00:00;39.06209640451583;90.0;56.00416204845925
2021-08-16 04:00:00;61.08204425386553;90.0;56.42410520489324
2021-08-16 05:00:00;84.72227388497149;90.0;56.80912879574595
2021-08-16 06:00:00;89.61139366477953;90.0;57.05626345236476
2021-08-16 07:00:00;87.7644581877932;90.0;58.02333815044727
2021-08-16 08:00:00;78.4575854159926;90.0;60.154292361977866
2021-08-16 09:00:00;79.29735219513447;90.0;59.381272389908816
2021-08-16 10:00:00;74.2738095505815;90.0;60.04338463685366
2021-08-16 11:00:00;71.54974345223438;90.0;59.90572816092947
2021-08-16 12:00:00;71.79459343842473;90.0;59.30508922706855
2021-08-16 13:00:00;63.60567412786961;90.0;59.6954181360656
2021-08-16 14:00:00;64.09696583795198;90.0;58.99491586039164
2021-08-16 15:00:00;58.71671628119706;90.0;59.50234775526508
2021-08-16 16:00:00;64.60658510028058;90.0;57.01870462623674
2021-08-16 17:00:00;67.55767940806466;90.0;56.57594462445576
2021-08-16 18:00:00;72.00137452153017;90.0;56.683267206638845
2021-08-16 19:00:00;76.85926285119042;90.0;56.758672113152215
2021-08-16 20:00:00;78.83825250821026;90.0;56.79374781693565
2021-08-16 21:00:00;76.36192244199188;90.0;58.01765466327072
2021-08-16 22:00:00;64.6915843638122;90.0;59.663282993990606
2021-08-16 23:00:00;48.90723904051131;90.0;59.012383119960305
2021-08-17 00:00:00;42.26880635766918;90.0;58.57141195507603
2021-08-17 01:00:00;40.738852572483644;90.0;58.6206634327113
2021-08-17 02:00:00;39.81132853231722;90.0;58.43765800024471
2021-08-17 03:00:00;43.09216611635503;90.0;56.2933446428961
2021-08-17 04:00:00;60.01076350073533;90.0;56.3796081199913
2021-08-17 05:00:00;87.02367113369597;90.0;56.937391546590675
2021-08-17 06:00:00;99.16298184809808;90.0;57.04523492397931
2021-08-17 07:00:00;90.84185006431197;90.0;59.43574789147539
2021-08-17 08:00:00;85.26700449081255;90.0;60.45953421107441
2021-08-17 09:00:00;86.99039599767006;90.0;59.45177389862749
2021-08-17 10:00:00;80.80840147467971;90.0;60.06291485889096
2021-08-17 11:00:00;77.82605330079856;90.0;60.11256894390317
2021-08-17 12:00:00;78.15601675037182;90.0;59.48030237435404
2021-08-17 13:00:00;69.17470532784937;90.0;59.88665118052705
2021-08-17 14:00:00;69.57785810502494;90.0;59.22077375532626
2021-08-17 15:00:00;64.18410624568801;90.0;59.72008209539342
2021-08-17 16:00:00;64.6193726373853;90.0;59.03870359022733
2021-08-17 17:00:00;67.09363098827922;90.0;57.95329227755633
2021-08-17 18:00:00;71.74055804009717;90.0;56.64039300674597
2021-08-17 19:00:00;75.45172991094236;90.0;56.82923441643703
2021-08-17 20:00:00;80.8048977675515;90.0;56.817235676692064
2021-08-17 21:00:00;81.96228290337795;90.0;57.09085483681332
2021-08-17 22:00:00;72.72371988034507;90.0;60.00714032726222
2021-08-17 23:00:00;57.01776165919269;90.0;59.58364905331143
2021-08-18 00:00:00;28.21480113015806;90.0;56.94780196730602
2021-08-18 01:00:00;28.324756770566875;90.0;56.24019484926515
2021-08-18 02:00:00;26.824028357449833;90.0;56.68630889187449
2021-08-18 03:00:00;28.455129523776236;90.0;54.970023640460795
2021-08-18 04:00:00;37.94843847931639;90.0;54.94019840711269
2021-08-18 05:00:00;53.39436610102038;90.0;56.055810543325094
2021-08-18 06:00:00;59.24788440335056;90.0;56.285929589109685
2021-08-18 07:00:00;57.51959896389451;90.0;57.46634936600361
2021-08-18 08:00:00;52.64691274504283;90.0;59.36112546107631
2021-08-18 09:00:00;51.408663043177164;90.0;59.24216849600168
2021-08-18 10:00:00;49.67117149426469;90.0;59.239485614174725
2021-08-18 11:00:00;48.69547881983996;90.0;59.0221376604207
2021-08-18 12:00:00;48.979629381986136;90.0;58.351074667197054
2021-08-18 13:00:00;45.72402844017788;90.0;59.002333645329315
2021-08-18 14:00:00;47.05098907681405;90.0;57.81660262477806
2021-08-18 15:00:00;43.09235091935369;90.0;58.67822866507197
2021-08-18 16:00:00;42.31914681026663;90.0;58.45348772351275
2021-08-18 17:00:00;44.75924810849078;90.0;56.829175685398866
2021-08-18 18:00:00;46.172568523746236;90.0;56.33412684265403
2021-08-18 19:00:00;46.13321434154867;90.0;56.69089080120784
2021-08-18 20:00:00;50.858079905720835;90.0;55.89794875157003
2021-08-18 21:00:00;50.48084330392608;90.0;56.64371477136132
2021-08-18 22:00:00;44.94833969940435;90.0;58.90114695157092
2021-08-18 23:00:00;35.94827314511004;90.0;58.12685801703458
2021-08-19 00:00:00;22.203990671026787;90.0;55.62452054792158
2021-08-19 01:00:00;22.251780800230588;90.0;54.84193322075805
2021-08-19 02:00:00;21.21709037427643;90.0;55.11253548874663
2021-08-19 03:00:00;21.66587808801185;90.0;54.1035111060682
2021-08-19 04:00:00;28.827894241333684;90.0;54.00485613333598
2021-08-19 05:00:00;41.94757578410338;90.0;55.35640859378702
2021-08-19 06:00:00;43.41803522155566;90.0;55.41759283502131
2021-08-19 07:00:00;40.324553374805866;90.0;57.50530647540836
2021-08-19 08:00:00;37.40683544663287;90.0;58.31923745537358
2021-08-19 09:00:00;38.17304655341529;90.0;57.2865008477616
2021-08-19 10:00:00;36.74834538180142;90.0;57.777718030790595
2021-08-19 11:00:00;35.95532816028013;90.0;57.72495951487832
2021-08-19 12:00:00;36.025714149515295;90.0;57.2046551166905
2021-08-19 13:00:00;33.95173812169418;90.0;57.92952479700784
2021-08-19 14:00:00;34.492457456166996;90.0;56.97833109498151
2021-08-19 15:00:00;32.2422223443358;90.0;57.60110030620558
2021-08-19 16:00:00;31.867825443349144;90.0;57.19403843820652
2021-08-19 17:00:00;33.33554650111548;90.0;55.85436538607678
2021-08-19 18:00:00;34.52917707417225;90.0;55.29117275846073
2021-08-19 19:00:00;34.788423866742754;90.0;55.53311583955218
2021-08-19 20:00:00;37.44715686234014;90.0;54.871723523751996
2021-08-19 21:00:00;36.30255826371724;90.0;56.15103491058727
2021-08-19 22:00:00;35.372894073916996;90.0;56.7702211839258
2021-08-19 23:00:00;27.235960752261803;90.0;56.83202243848609
2021-08-20 00:00:00;22.47665179381491;90.0;55.53067447359962
2021-08-20 01:00:00;22.39384456958204;90.0;54.92583475322152
2021-08-20 02:00:00;21.546291831439472;90.0;55.15164061121436
2021-08-20 03:00:00;22.317003279702448;90.0;53.95874458273835
2021-08-20 04:00:00;31.297174494897394;90.0;54.2154957311343
2021-08-20 05:00:00;41.81182931190279;90.0;55.35769896777191
2021-08-20 06:00:00;44.36103880939933;90.0;55.41620478569291
2021-08-20 07:00:00;40.99671777621106;90.0;57.628186643919605
2021-08-20 08:00:00;37.58626506218614;90.0;58.33926050354006
2021-08-20 09:00:00;38.811538215648625;90.0;57.07382013563961
2021-08-20 10:00:00;37.46987462076813;90.0;57.61007351444471
2021-08-20 11:00:00;36.62319254692829;90.0;57.66457312167023
2021-08-20 12:00:00;36.69960530281393;90.0;57.18892120780714
2021-08-20 13:00:00;34.57407406072361;90.0;57.9636243993732
2021-08-20 14:00:00;35.13152074974805;90.0;57.024603435535084
2021-08-20 15:00:00;32.82418920625961;90.0;57.6742929450985
2021-08-20 16:00:00;32.44163466732351;90.0;57.273390257104154
2021-08-20 17:00:00;34.03741200152534;90.0;55.87569308771572
2021-08-20 18:00:00;35.11348222880308;90.0;55.41146255774464
2021-08-20 19:00:00;35.10229233881052;90.0;55.77803156753606
2021-08-20 20:00:00;38.03981801438539;90.0;54.9031191057191
2021-08-20 21:00:00;38.17410842876583;90.0;55.524901698461576
2021-08-20 22:00:00;36.034706815426105;90.0;57.07383614785425
2021-08-20 23:00:00;27.572753625250726;90.0;56.920953384385086
2021-08-21 00:00:00;25.673413099563994;90.0;56.52431660333286
2021-08-21 01:00:00;25.545548365589866;90.0;55.90779483230443
2021-08-21 02:00:00;24.522771458889554;90.0;56.062350857138256
2021-08-21 03:00:00;25.435800707219737;90.0;54.7943631082303
2021-08-21 04:00:00;36.669829247654796;90.0;54.893267769265265
2021-08-21 05:00:00;49.369072767062924;90.0;55.69801974401685
2021-08-21 06:00:00;52.75605387146168;90.0;55.973009738456994
2021-08-21 07:00:00;50.71158617697116;90.0;57.3685902368191
2021-08-21 08:00:00;46.921541219896085;90.0;58.95831689005155
2021-08-21 09:00:00;45.84568430506532;90.0;58.84104293698908
2021-08-21 10:00:00;44.36622287512664;90.0;58.8214355231903
2021-08-21 11:00:00;43.70540716484471;90.0;58.52416945821261
2021-08-21 12:00:00;43.67929428721311;90.0;58.02961623625316
2021-08-21 13:00:00;41.366174445602006;90.0;58.65409002656378
2021-08-21 14:00:00;42.23274704873931;90.0;57.63026700067314
2021-08-21 15:00:00;38.88706083276767;90.0;58.30501911495105
2021-08-21 16:00:00;37.99675147089644;90.0;58.17280788967747
2021-08-21 17:00:00;40.21823069862436;90.0;56.50671701167738
2021-08-21 18:00:00;41.27020674074913;90.0;56.12113698231343
2021-08-21 19:00:00;41.060212849129975;90.0;56.51883393696835
2021-08-21 20:00:00;45.29490528575935;90.0;55.539330897146726
2021-08-21 21:00:00;45.07117134120386;90.0;56.26762516196129
2021-08-21 22:00:00;40.12824251770857;90.0;58.52104553827121
2021-08-21 23:00:00;32.1661932244319;90.0;57.70662403632025
2021-08-22 00:00:00;24.168940050984002;90.0;56.08290806404574
2021-08-22 01:00:00;24.093343816573064;90.0;55.44392451556041
2021-08-22 02:00:00;23.10401664888763;90.0;55.633635554894965
2021-08-22 03:00:00;23.819826980026697;90.0;54.49173931771958
2021-08-22 04:00:00;34.59768245573624;90.0;54.55136725755375
2021-08-22 05:00:00;46.103601944806094;90.0;55.58439963473796
2021-08-22 06:00:00;48.75473942189814;90.0;55.676918667494135
2021-08-22 07:00:00;47.23969899113914;90.0;56.95704815393407
2021-08-22 08:00:00;43.50320634076985;90.0;58.714605177440944
2021-08-22 09:00:00;42.5100956678185;90.0;58.59200063474458
2021-08-22 10:00:00;41.136084643166456;90.0;58.56444334318962
2021-08-22 11:00:00;40.14281898662403;90.0;58.445237927502376
2021-08-22 12:00:00;40.1472212583662;90.0;57.86070613886301
2021-08-22 13:00:00;37.723129985043826;90.0;58.30249486566515
2021-08-22 14:00:00;38.35909273858391;90.0;57.35499724754709
2021-08-22 15:00:00;35.77627390621038;90.0;58.31855757894988
2021-08-22 16:00:00;35.348323819235866;90.0;57.84039730678347
2021-08-22 17:00:00;37.196428518091096;90.0;56.30756881702047
2021-08-22 18:00:00;38.362304055820424;90.0;55.80182766220355
2021-08-22 19:00:00;38.33878882150787;90.0;56.1430292377118
2021-08-22 20:00:00;41.64291495032231;90.0;55.17328880639451
2021-08-22 21:00:00;41.78736022402357;90.0;55.79548748726398
2021-08-22 22:00:00;37.265129898215775;90.0;58.103767814281696
2021-08-22 23:00:00;30.087177150136142;90.0;57.27678389150435
2021-08-23 00:00:00;22.514176581845653;90.0;55.54586662505233
2021-08-23 01:00:00;22.43673546656947;90.0;54.92619219663959
2021-08-23 02:00:00;21.53328686613785;90.0;55.09039397896919
2021-08-23 03:00:00;22.08828092325623;90.0;54.06339003708513
2021-08-23 04:00:00;32.137054168881804;90.0;54.19178101222468
2021-08-23 05:00:00;42.45296617999977;90.0;55.423929019209595
2021-08-23 06:00:00;44.34356124070213;90.0;55.56298983080677
2021-08-23 07:00:00;41.085203904104134;90.0;57.66744403896905
2021-08-23 08:00:00;37.91112126735032;90.0;58.51427527636946
2021-08-23 09:00:00;38.8580028101914;90.0;57.34778824842897
2021-08-23 10:00:00;37.44314459206164;90.0;57.82426397163442
2021-08-23 11:00:00;36.63108199717349;90.0;57.785052646067356
2021-08-23 12:00:00;36.704752450067545;90.0;57.26962110231392
2021-08-23 13:00:00;34.57723433971482;90.0;58.00971831909732
2021-08-23 14:00:00;35.133598199189414;90.0;57.055664677117534
2021-08-23 15:00:00;32.883187948180755;90.0;57.66516001036359
2021-08-23 16:00:00;32.44382871917782;90.0;57.303636098256504
2021-08-23 17:00:00;33.97245990312292;90.0;55.93258086128145
2021-08-23 18:00:00;35.13953958874824;90.0;55.39272492752781
2021-08-23 19:00:00;35.354924847127606;90.0;55.645459000815094
2021-08-23 20:00:00;38.1112818137035;90.0;54.929439992074435
2021-08-23 21:00:00;36.98843889618244;90.0;56.18806435643239
2021-08-23 22:00:00;35.67636384043486;90.0;57.01602741927496
2021-08-23 23:00:00;29.298638482289892;90.0;57.07516290863117
2021-08-24 00:00:00;24.267529597529002;90.0;56.05150984430901
2021-08-24 01:00:00;25.361285856600375;90.0;54.6273028411112
2021-08-24 02:00:00;20.99730558202949;90.0;55.28248972694786
2021-08-24 03:00:00;23.190070231519638;90.0;53.01792152691013
2021-08-24 04:00:00;30.127008179139555;90.0;54.11914992509588
2021-08-24 05:00:00;40.0961883795937;90.0;55.27174441337252
2021-08-24 06:00:00;42.658273702318866;90.0;55.280132911960266
2021-08-24 07:00:00;39.519992483177;90.0;57.4489456686523
2021-08-24 08:00:00;36.30689554317641;90.0;58.245230026613626
2021-08-24 09:00:00;37.367727465227475;90.0;57.03397588775579
2021-08-24 10:00:00;36.13768473025819;90.0;57.50057293269424
2021-08-24 11:00:00;35.399284289226046;90.0;57.50049017301939
2021-08-24 12:00:00;35.37057786495227;90.0;57.09102510348788
2021-08-24 13:00:00;33.34936094999986;90.0;57.820507275690034
2021-08-24 14:00:00;33.875949408558455;90.0;56.88211822503263
2021-08-24 15:00:00;31.68187781020099;90.0;57.500269615429374
2021-08-24 16:00:00;31.31604250664414;90.0;57.09662334469232
2021-08-24 17:00:00;32.74635378797639;90.0;55.77200918368095
2021-08-24 18:00:00;33.893732250511256;90.0;55.22915958018467
2021-08-24 19:00:00;34.24376448387044;90.0;55.41547697748388
2021-08-24 20:00:00;36.66517652183303;90.0;54.867106566274686
2021-08-24 21:00:00;35.422233682205594;90.0;56.18305272076742
2021-08-24 22:00:00;32.91294346126169;90.0;57.65249513900113
2021-08-24 23:00:00;26.76267808279441;90.0;56.849251725076215
2021-08-25 00:00:00;21.559496892427894;90.0;55.42337416867849
2021-08-25 01:00:00;21.494161828254793;90.0;54.71346968336411
2021-08-25 02:00:00;20.65688257621894;90.0;54.797351238422834
2021-08-25 03:00:00;21.18918798927792;90.0;53.7706058826555
2021-08-25 04:00:00;30.325908966542666;90.0;54.06368132915469
2021-08-25 05:00:00;39.85998172948576;90.0;55.141634305918444
2021-08-25 06:00:00;41.837470598959925;90.0;55.42592020691393
2021-08-25 07:00:00;38.928771070490576;90.0;57.424862234476564
2021-08-25 08:00:00;36.05138212020063;90.0;58.23102601415184
2021-08-25 09:00:00;36.796775562118306;90.0;57.17233410637499
2021-08-25 10:00:00;35.44036749934497;90.0;57.64055456086015
2021-08-25 11:00:00;34.68410165827199;90.0;57.575750295049545
2021-08-25 12:00:00;34.74901761132935;90.0;57.055619778008804
2021-08-25 13:00:00;32.775942833848454;90.0;57.759109981783354
2021-08-25 14:00:00;33.28761727724209;90.0;56.8172688477178
2021-08-25 15:00:00;31.146291544836433;90.0;57.41795438561127
2021-08-25 16:00:00;30.788111142238414;90.0;57.01139512747676
2021-08-25 17:00:00;32.18225672261504;90.0;55.697547052163486
2021-08-25 18:00:00;33.305745613944666;90.0;55.16027589999055
2021-08-25 19:00:00;33.682826733290455;90.0;55.32938511202855
2021-08-25 20:00:00;36.05286413679091;90.0;54.80385511420536
2021-08-25 21:00:00;34.93038229304858;90.0;56.06608393029916
2021-08-25 22:00:00;34.05119523110918;90.0;56.64918739781456
2021-08-25 23:00:00;26.229715141780332;90.0;56.76929988537137
2021-08-26 00:00:00;22.503143652691847;90.0;55.7718102906349
2021-08-26 01:00:00;22.416123109450886;90.0;55.07411962200496
2021-08-26 02:00:00;21.549624709096467;90.0;55.14731313079574
2021-08-26 03:00:00;22.240129113273255;90.0;54.0047372311966
2021-08-26 04:00:00;31.546073105996324;90.0;54.20769243964958
2021-08-26 05:00:00;42.00692576857284;90.0;55.377343186807934
2021-08-26 06:00:00;44.35794729334032;90.0;55.36222564226648
2021-08-26 07:00:00;41.10953047556643;90.0;57.542697136628306
2021-08-26 08:00:00;37.976537808415436;90.0;58.43029935779049
2021-08-26 09:00:00;38.832920309916574;90.0;57.3413618158375
2021-08-26 10:00:00;37.46822401922663;90.0;57.794291817424096
2021-08-26 11:00:00;36.723614414616875;90.0;57.731418486260964
2021-08-26 12:00:00;36.70606599148811;90.0;57.28676146315388
2021-08-26 13:00:00;34.57806193713649;90.0;58.02027678565378
2021-08-26 14:00:00;35.13413962666758;90.0;57.06270852629814
2021-08-26 15:00:00;32.82567303619916;90.0;57.69469433390691
2021-08-26 16:00:00;32.44260119940708;90.0;57.28694254587572
2021-08-26 17:00:00;33.94956042406106;90.0;55.93395440670844
2021-08-26 18:00:00;35.129746797523836;90.0;55.38494488040783
2021-08-26 19:00:00;35.1648787588305;90.0;55.73790281890854
2021-08-26 20:00:00;38.07192225160054;90.0;54.900888521172305
2021-08-26 21:00:00;36.87022532806933;90.0;56.21176872738147
2021-08-26 22:00:00;35.97132901704942;90.0;56.80684345436771
2021-08-26 23:00:00;27.572552731500757;90.0;56.933093256768075
2021-08-27 00:00:00;32.447084516316245;90.0;54.38865516540102
2021-08-27 01:00:00;32.46396925450471;90.0;55.05639535223622
2021-08-27 02:00:00;30.97655701921552;90.0;56.3214934444714
2021-08-27 03:00:00;32.115825658897556;90.0;55.44360008013376
2021-08-27 04:00:00;49.7351523270207;90.0;55.844366355839725
2021-08-27 05:00:00;68.08644073256859;90.0;56.55774215158226
2021-08-27 06:00:00;71.37808085343798;90.0;56.557813810862115
2021-08-27 07:00:00;69.71644941856488;90.0;57.64054086275746
2021-08-27 08:00:00;62.953399093403924;90.0;59.790715816299326
2021-08-27 09:00:00;62.610256921431564;90.0;59.31520806848209
2021-08-27 10:00:00;58.886512275178966;90.0;59.472601612302185
2021-08-27 11:00:00;56.67557451171281;90.0;59.598526819315396
2021-08-27 12:00:00;56.238708498502334;90.0;59.14489207192287
2021-08-27 13:00:00;55.80583618535504;90.0;58.832504843065635
2021-08-27 14:00:00;58.198741195603354;90.0;57.61777980549971
2021-08-27 15:00:00;52.077573657951824;90.0;59.143358854641576
2021-08-27 16:00:00;50.37090073878379;90.0;59.171538189980254
2021-08-27 17:00:00;51.81121115087339;90.0;58.037218013059885
2021-08-27 18:00:00;54.202001501294795;90.0;56.96516802562746
2021-08-27 19:00:00;56.42820473869166;90.0;56.40366609522937
2021-08-27 20:00:00;59.481448572870534;90.0;56.21369463172164
2021-08-27 21:00:00;60.96280081101774;90.0;56.32048079947316
2021-08-27 22:00:00;54.050756772584805;90.0;59.32736788712725
2021-08-27 23:00:00;42.73086055613538;90.0;58.63733680797844
2021-08-28 00:00:00;25.700314743274216;90.0;56.62496901225762
2021-08-28 01:00:00;25.552155611870248;90.0;55.9870861976915
2021-08-28 02:00:00;24.543038887149244;90.0;56.202932024346126
2021-08-28 03:00:00;25.527904857593718;90.0;54.84098978279559
2021-08-28 04:00:00;36.3060040624754;90.0;54.75107548579109
2021-08-28 05:00:00;49.403981498800356;90.0;55.72548059630509
2021-08-28 06:00:00;52.77390718395121;90.0;55.99011470622622
2021-08-28 07:00:00;48.61286496824428;90.0;58.22859589681747
2021-08-28 08:00:00;44.366541257388924;90.0;58.757598134702675
2021-08-28 09:00:00;45.80319017579417;90.0;57.56008386964163
2021-08-28 10:00:00;44.228421099414795;90.0;58.130775730378275
2021-08-28 11:00:00;43.54827151251172;90.0;58.07801588156468
2021-08-28 12:00:00;43.76796781949324;90.0;57.62358953211492
2021-08-28 13:00:00;41.29900568682368;90.0;58.56951952800472
2021-08-28 14:00:00;42.85035268873349;90.0;57.260942961481476
2021-08-28 15:00:00;39.13338049519428;90.0;58.544691349993116
2021-08-28 16:00:00;38.042971661925;90.0;58.43316105474827
2021-08-28 17:00:00;40.52400409598013;90.0;56.5519319170358
2021-08-28 18:00:00;41.24928394376535;90.0;56.314856591135424
2021-08-28 19:00:00;43.484442624394696;90.0;55.4973609344093
2021-08-28 20:00:00;45.326191358374125;90.0;55.66054458666241
2021-08-28 21:00:00;45.08651641113402;90.0;56.35237508884535
2021-08-28 22:00:00;40.046766852280136;90.0;58.58850062221251
2021-08-28 23:00:00;32.080951727728674;90.0;57.717150659909635
2021-08-29 00:00:00;27.635139893614543;90.0;56.87758596210779
2021-08-29 01:00:00;27.531390526173308;90.0;56.291943005376595
2021-08-29 02:00:00;26.34310051891921;90.0;56.54644063516986
2021-08-29 03:00:00;27.2139464909424;90.0;55.326494344853415
2021-08-29 04:00:00;40.65855910506212;90.0;55.31746018856455
2021-08-29 05:00:00;55.11022418253986;90.0;56.010645516457146
2021-08-29 06:00:00;57.86916000863122;90.0;56.19314649526905
2021-08-29 07:00:00;56.343538687721264;90.0;57.33191194131899
2021-08-29 08:00:00;51.388833934986515;90.0;59.22554943324258
2021-08-29 09:00:00;50.18978599895146;90.0;59.12047199776214
2021-08-29 10:00:00;48.579914687603505;90.0;59.20478842124453
2021-08-29 11:00:00;47.811511731793374;90.0;58.901721569792755
2021-08-29 12:00:00;48.04983088862499;90.0;58.27041238078573
2021-08-29 13:00:00;45.08810277701291;90.0;58.84725919301485
2021-08-29 14:00:00;46.42972176535465;90.0;57.684770847726384
2021-08-29 15:00:00;42.37378634863003;90.0;58.638392060976344
2021-08-29 16:00:00;41.42792501715765;90.0;58.4936710310439
2021-08-29 17:00:00;44.10577421420952;90.0;56.70298481903842
2021-08-29 18:00:00;45.08740928056337;90.0;56.420275111028616
2021-08-29 19:00:00;47.675023414620334;90.0;55.70098488395814
2021-08-29 20:00:00;49.50053905404544;90.0;55.82445947859708
2021-08-29 21:00:00;49.340920361579904;90.0;56.495309411937626
2021-08-29 22:00:00;43.95451356331357;90.0;58.76431668556711
2021-08-29 23:00:00;35.25872261565644;90.0;58.12559406764615
2021-08-30 00:00:00;28.622388578987632;90.0;57.31594765303049
2021-08-30 01:00:00;27.872205253862724;90.0;57.04466458575075
2021-08-30 02:00:00;27.411843241623316;90.0;56.642891439540506
2021-08-30 03:00:00;29.232230521757153;90.0;54.89741349285248
2021-08-30 04:00:00;38.77107038656139;90.0;55.000203903102886
2021-08-30 05:00:00;54.53901562478026;90.0;56.09445550318816
2021-08-30 06:00:00;60.67903467378713;90.0;56.443196590946116
2021-08-30 07:00:00;59.52756132157611;90.0;57.368903576834555
2021-08-30 08:00:00;53.82900918045097;90.0;59.46833647099578
2021-08-30 09:00:00;52.57290152753051;90.0;59.327265231140586
2021-08-30 10:00:00;50.82260834007906;90.0;59.41340964102221
2021-08-30 11:00:00;49.88311100806643;90.0;59.14073157076899
2021-08-30 12:00:00;50.081062420054046;90.0;58.49251804951092
2021-08-30 13:00:00;46.67709164509215;90.0;59.011404758175104
2021-08-30 14:00:00;47.911342399470364;90.0;57.89591689803598
2021-08-30 15:00:00;44.03682091439526;90.0;58.826639088526804
2021-08-30 16:00:00;43.28208008358682;90.0;58.560883042230785
2021-08-30 17:00:00;45.77928483767888;90.0;56.92269727350481
2021-08-30 18:00:00;47.250138252396674;90.0;56.40429176487851
2021-08-30 19:00:00;47.36457575285418;90.0;56.69225911525058
2021-08-30 20:00:00;52.133602589673856;90.0;55.95096012139271
2021-08-30 21:00:00;51.69759303694666;90.0;56.71762858679841
2021-08-30 22:00:00;46.21442712669457;90.0;59.140396976041984
2021-08-30 23:00:00;37.10913384840665;90.0;58.27406634200349
2021-08-31 00:00:00;37.11528258537555;90.0;57.63984427523815
2021-08-31 01:00:00;37.27669574584672;90.0;57.1511632820347
2021-08-31 02:00:00;35.09022425652545;90.0;57.986574959324855
2021-08-31 03:00:00;37.59169391723903;90.0;56.04647430290703
2021-08-31 04:00:00;51.618005905153915;90.0;55.823750112420385
2021-08-31 05:00:00;74.21815020322644;90.0;56.617033365501754
2021-08-31 06:00:00;82.9937864749953;90.0;56.97606331833532
2021-08-31 07:00:00;81.22487189623112;90.0;57.94790984347668
2021-08-31 08:00:00;73.10470365520024;90.0;60.259556132125454
2021-08-31 09:00:00;72.79775563512483;90.0;59.71633885991537
2021-08-31 10:00:00;68.49271214011668;90.0;59.84382501300075
2021-08-31 11:00:00;65.81357590008655;90.0;59.890758904659265
2021-08-31 12:00:00;66.07524925881091;90.0;59.228157279067545
2021-08-31 13:00:00;59.499244821855136;90.0;59.62400397333482
2021-08-31 14:00:00;59.449996196318594;90.0;59.06418941883135
2021-08-31 15:00:00;56.342195440852635;90.0;59.63645993298246
2021-08-31 16:00:00;57.15627027979672;90.0;58.72545214183867
2021-08-31 17:00:00;59.155459404854625;90.0;57.71656795978032
2021-08-31 18:00:00;62.70821882441326;90.0;56.58267894168557
2021-08-31 19:00:00;65.4064652446488;90.0;56.340967018214826
2021-08-31 20:00:00;69.16411215007554;90.0;56.65780223124517
2021-08-31 21:00:00;70.6251384179165;90.0;56.767028731781295
2021-08-31 22:00:00;60.4715630289152;90.0;59.613697362969276
2021-08-31 23:00:00;45.705684673679016;90.0;58.81392017524166
2021-09-01 00:00:00;42.28035053012424;90.0;58.7292684382748
2021-09-01 01:00:00;40.63910646019301;90.0;58.521111594827175
2021-09-01 02:00:00;40.032526261503726;90.0;58.21206925441106
2021-09-01 03:00:00;43.54927408801509;90.0;56.05008004934257
2021-09-01 04:00:00;60.003065123607385;90.0;56.391101669238935
2021-09-01 05:00:00;87.1639469741775;90.0;56.93481174090715
2021-09-01 06:00:00;99.63739714760938;90.0;57.12969331188003
2021-09-01 07:00:00;96.2989528209679;90.0;58.39332741395606
2021-09-01 08:00:00;85.30367619061518;90.0;60.214419948191335
2021-09-01 09:00:00;86.63125495562912;90.0;59.37377839904673
2021-09-01 10:00:00;80.78977138860866;90.0;60.18920369656075
2021-09-01 11:00:00;77.75050412550604;90.0;60.16412363306779
2021-09-01 12:00:00;77.6384278608572;90.0;59.63144396742132
2021-09-01 13:00:00;69.20110906124688;90.0;59.774686492739704
2021-09-01 14:00:00;69.51727417096083;90.0;59.171891160098596
2021-09-01 15:00:00;64.41128083738744;90.0;59.739570915762215
2021-09-01 16:00:00;65.31410755492284;90.0;58.908702289433506
2021-09-01 17:00:00;67.9979067737567;90.0;57.815482463996034
2021-09-01 18:00:00;71.681842256512;90.0;56.85015421991494
2021-09-01 19:00:00;74.70660555112023;90.0;56.59632295362803
2021-09-01 20:00:00;85.8334831353721;90.0;56.77354851885548
2021-09-01 21:00:00;83.12620770268376;90.0;58.05264119919451
2021-09-01 22:00:00;70.6026217468092;90.0;59.87209797689866
2021-09-01 23:00:00;52.95930043768613;90.0;59.20056616483981
2021-09-02 00:00:00;39.176997600406715;90.0;58.35875426809389
2021-09-02 01:00:00;36.81952483017871;90.0;58.10237308987536
2021-09-02 02:00:00;36.13537412085326;90.0;57.882066789407816
2021-09-02 03:00:00;39.107901991016156;90.0;55.82674141990765
2021-09-02 04:00:00;55.25076107518046;90.0;56.17113222836639
2021-09-02 05:00:00;80.39592301326599;90.0;56.83197551138585
2021-09-02 06:00:00;93.6915764686447;90.0;56.9031918135442
2021-09-02 07:00:00;84.64252990065178;90.0;59.60345655406218
2021-09-02 08:00:00;80.08206567685843;90.0;60.2679829106516
2021-09-02 09:00:00;75.20749090078037;90.0;60.13370371580942
2021-09-02 10:00:00;74.42408458166946;90.0;59.77212493970757
2021-09-02 11:00:00;71.42855636250336;90.0;60.130339447585584
2021-09-02 12:00:00;70.81552812795358;90.0;59.701688355607644
2021-09-02 13:00:00;69.47994982745001;90.0;59.61049120374611
2021-09-02 14:00:00;72.49848224020165;90.0;58.289711188517856
2021-09-02 15:00:00;64.64241489536911;90.0;59.790547417241555
2021-09-02 16:00:00;61.40700982019935;90.0;59.61103082868709
2021-09-02 17:00:00;63.50517519942574;90.0;58.389453938262534
2021-09-02 18:00:00;67.50085108470478;90.0;57.02137104291626
2021-09-02 19:00:00;70.76397878470866;90.0;56.44116196585503
2021-09-02 20:00:00;74.86748151875064;90.0;56.75867242931713
2021-09-02 21:00:00;75.37724483228459;90.0;57.167509891843565
2021-09-02 22:00:00;66.83177709419117;90.0;60.01491065138816
2021-09-02 23:00:00;52.62113068188926;90.0;59.37431003502536
2021-09-03 00:00:00;29.716393936433725;90.0;57.254309203459854
2021-09-03 01:00:00;28.682810616774127;90.0;57.148327806470775
2021-09-03 02:00:00;28.00882213623529;90.0;56.8955030229975
2021-09-03 03:00:00;29.89027619846619;90.0;55.07343059592495
2021-09-03 04:00:00;40.512747519340024;90.0;55.16764255893116
2021-09-03 05:00:00;57.25226576666277;90.0;56.16855673560485
2021-09-03 06:00:00;65.274729471339;90.0;56.450519816643634
2021-09-03 07:00:00;59.57536691482473;90.0;58.883564108049086
2021-09-03 08:00:00;56.351708826078344;90.0;59.65881697266752
2021-09-03 09:00:00;56.323624491227875;90.0;59.04118871400698
2021-09-03 10:00:00;53.39999296089977;90.0;59.32482227165406
2021-09-03 11:00:00;52.47223783495845;90.0;59.100729621438006
2021-09-03 12:00:00;52.439804256790666;90.0;58.600268238572255
2021-09-03 13:00:00;49.00992091278059;90.0;58.96568424541556
2021-09-03 14:00:00;50.01246786080967;90.0;58.03042827389618
2021-09-03 15:00:00;45.99753345896007;90.0;58.989957420809674
2021-09-03 16:00:00;45.28541818905595;90.0;58.688925773877486
2021-09-03 17:00:00;48.03196110110223;90.0;56.999917553730484
2021-09-03 18:00:00;49.45836780693877;90.0;56.54706713428317
2021-09-03 19:00:00;49.195651400585184;90.0;56.98110166148092
2021-09-03 20:00:00;54.58620161123348;90.0;56.127626309423306
2021-09-03 21:00:00;54.24342335945618;90.0;56.82843327030338
2021-09-03 22:00:00;48.06657877240983;90.0;59.17254037054198
2021-09-03 23:00:00;38.05426478102223;90.0;58.457873689295866
2021-09-04 00:00:00;25.449398726061787;90.0;56.29721952774389
2021-09-04 01:00:00;25.445447333575814;90.0;55.66568619984969
2021-09-04 02:00:00;24.284077389148504;90.0;56.007065117526054
2021-09-04 03:00:00;24.929210629021874;90.0;54.916742732185924
2021-09-04 04:00:00;37.52623052437379;90.0;55.101024692460044
2021-09-04 05:00:00;46.94614187961602;90.0;55.651542195882485
2021-09-04 06:00:00;52.53227299262869;90.0;56.08396001309484
2021-09-04 07:00:00;50.92042242259249;90.0;57.269578663313155
2021-09-04 08:00:00;46.4424611110086;90.0;59.07901578819997
2021-09-04 09:00:00;45.386964009313225;90.0;58.90379109154452
2021-09-04 10:00:00;43.79682450409768;90.0;58.93742562507799
2021-09-04 11:00:00;42.69285361732515;90.0;58.69256365789863
2021-09-04 12:00:00;42.78131475847778;90.0;58.05872549558012
2021-09-04 13:00:00;40.147379580384744;90.0;58.550488466902834
2021-09-04 14:00:00;40.843447230042685;90.0;57.589510206713555
2021-09-04 15:00:00;38.0224854206523;90.0;58.42873730310299
2021-09-04 16:00:00;37.56095554477737;90.0;58.00482132184652
2021-09-04 17:00:00;39.51404806680022;90.0;56.49755666918054
2021-09-04 18:00:00;40.844710409541;90.0;55.948246295144486
2021-09-04 19:00:00;40.720260338458345;90.0;56.358008391652675
2021-09-04 20:00:00;44.872779912760606;90.0;55.58176980395979
2021-09-04 21:00:00;44.57135116780181;90.0;56.3238390859276
2021-09-04 22:00:00;39.80120391437366;90.0;58.48223090726083
2021-09-04 23:00:00;31.93547174278303;90.0;57.65979520880779
2021-09-05 00:00:00;23.59693578828688;90.0;56.00838378147995
2021-09-05 01:00:00;23.593576298135016;90.0;55.279484526332624
2021-09-05 02:00:00;22.54935484912986;90.0;55.52420036251925
2021-09-05 03:00:00;23.12894972854908;90.0;54.44601321719796
2021-09-05 04:00:00;34.17375923638106;90.0;54.47463299810863
2021-09-05 05:00:00;45.46678904990214;90.0;55.55689968995716
2021-09-05 06:00:00;47.08303693227485;90.0;55.566017298580675
2021-09-05 07:00:00;45.4572353193387;90.0;56.92184529021358
2021-09-05 08:00:00;39.84906577808963;90.0;58.454271146472536
2021-09-05 09:00:00;41.204371756428316;90.0;57.203513649100046
2021-09-05 10:00:00;39.70384010607824;90.0;57.814656629584135
2021-09-05 11:00:00;38.824065419779544;90.0;57.871692326945606
2021-09-05 12:00:00;38.910949263374526;90.0;57.402305152745726
2021-09-05 13:00:00;36.61046701610534;90.0;58.213339925682305
2021-09-05 14:00:00;37.21892949669249;90.0;57.26304886686569
2021-09-05 15:00:00;34.72232959966556;90.0;57.947684565482575
2021-09-05 16:00:00;34.31184142082962;90.0;57.54773638949325
2021-09-05 17:00:00;35.947519673542125;90.0;56.16124076576318
2021-09-05 18:00:00;37.227503841212666;90.0;55.58669962338257
2021-09-05 19:00:00;37.35197317632561;90.0;55.89588274137412
2021-09-05 20:00:00;40.35504392676504;90.0;55.0994091500184
2021-09-05 21:00:00;40.495196064598844;90.0;55.714580402828744
2021-09-05 22:00:00;36.34270361550287;90.0;58.14109058523928
2021-09-05 23:00:00;29.32944189488007;90.0;57.17209486375373
2021-09-06 00:00:00;25.46742119934517;90.0;56.47928057978538
2021-09-06 01:00:00;25.446841780741835;90.0;55.792911371897276
2021-09-06 02:00:00;24.28346274601417;90.0;56.08341136446472
2021-09-06 03:00:00;24.867482653866155;90.0;55.006338165762145
2021-09-06 04:00:00;37.51362464637629;90.0;54.923213254614495
2021-09-06 05:00:00;50.105985654175036;90.0;55.75552367411592
2021-09-06 06:00:00;52.03803047101711;90.0;56.01101368677922
2021-09-06 07:00:00;50.652193516915936;90.0;57.137112493984546
2021-09-06 08:00:00;43.7115426935174;90.0;58.77336708374065
2021-09-06 09:00:00;45.28839536815497;90.0;57.48288755155414
2021-09-06 10:00:00;43.72866089365809;90.0;58.06891048091694
2021-09-06 11:00:00;42.76417942468022;90.0;58.15710121605525
2021-09-06 12:00:00;42.893343296384174;90.0;57.69354341277506
2021-09-06 13:00:00;40.38180616790452;90.0;58.52582784155322
2021-09-06 14:00:00;40.99129126394432;90.0;57.62841316927165
2021-09-06 15:00:00;38.145503656508836;90.0;58.37241055466211
2021-09-06 16:00:00;37.56944484999445;90.0;58.03128631314178
2021-09-06 17:00:00;39.6103890949415;90.0;56.4727129719995
2021-09-06 18:00:00;40.84438093676894;90.0;55.98405958596902
2021-09-06 19:00:00;40.87670842353214;90.0;56.30499729736107
2021-09-06 20:00:00;44.41895835304433;90.0;55.336142876855206
2021-09-06 21:00:00;42.83191527323201;90.0;56.75004407998097
2021-09-06 22:00:00;39.5597357202;90.0;58.4075815247453
2021-09-06 23:00:00;31.76028895359151;90.0;57.621143698297146
2021-09-07 00:00:00;38.45021158284968;90.0;55.07676654766152
2021-09-07 01:00:00;38.59589057482157;90.0;55.63330053121666
2021-09-07 02:00:00;36.50783763150525;90.0;57.114496470499205
2021-09-07 03:00:00;37.62874840567762;90.0;56.29348459779078
2021-09-07 04:00:00;60.97910020653546;90.0;56.3656234267591
2021-09-07 05:00:00;78.12254510595058;90.0;56.799278612850685
2021-09-07 06:00:00;88.86301585042716;90.0;56.9377630650539
2021-09-07 07:00:00;86.0819872702796;90.0;58.16908720072132
2021-09-07 08:00:00;76.5055321447635;90.0;59.96277683076346
2021-09-07 09:00:00;77.05316027466789;90.0;59.30897412808383
2021-09-07 10:00:00;72.09612642425992;90.0;60.007609207829375
2021-09-07 11:00:00;69.17773795183422;90.0;59.91467723264799
2021-09-07 12:00:00;68.75424549111922;90.0;59.4797013546052
2021-09-07 13:00:00;62.824770060103255;90.0;59.62423448079812
2021-09-07 14:00:00;62.27935587553495;90.0;59.26331789186207
2021-09-07 15:00:00;59.63766990067482;90.0;59.703723688615526
2021-09-07 16:00:00;60.23521302363498;90.0;58.90732576748377
2021-09-07 17:00:00;61.725385828975185;90.0;58.08175969927828
2021-09-07 18:00:00;64.95851034022947;90.0;57.003170254261704
2021-09-07 19:00:00;74.97514229903473;90.0;56.7066971807418
2021-09-07 20:00:00;77.19517730627398;90.0;56.77742348285966
2021-09-07 21:00:00;76.24294084934796;90.0;57.596117014132744
2021-09-07 22:00:00;64.2129481487981;90.0;59.675969358528505
2021-09-07 23:00:00;47.99987045174802;90.0;59.02932749081941
2021-09-08 00:00:00;32.96385804007531;90.0;57.65479055826586
2021-09-08 01:00:00;30.362262864581552;90.0;57.41672109089177
2021-09-08 02:00:00;30.2086098325022;90.0;56.8488545521883
2021-09-08 03:00:00;32.338073322243055;90.0;55.126338208029324
2021-09-08 04:00:00;45.84520187902836;90.0;55.67234900560527
2021-09-08 05:00:00;65.8659466138536;90.0;56.34624938621704
2021-09-08 06:00:00;74.95370045090658;90.0;56.66316394360564
2021-09-08 07:00:00;72.02845053737327;90.0;58.067685884904336
2021-09-08 08:00:00;64.48218657854196;90.0;59.62737874916502
2021-09-08 09:00:00;64.03004157119416;90.0;59.254967757665725
2021-09-08 10:00:00;60.214490376242075;90.0;59.719276244342325
2021-09-08 11:00:00;57.908893633869994;90.0;59.533453241726306
2021-09-08 12:00:00;60.72825524847596;90.0;58.00992208303899
2021-09-08 13:00:00;56.875519851069946;90.0;59.299165118726705
2021-09-08 14:00:00;59.28370056431962;90.0;57.96033288735157
2021-09-08 15:00:00;53.24949532430414;90.0;59.27557907755988
2021-09-08 16:00:00;51.54023795786679;90.0;59.26545907318331
2021-09-08 17:00:00;55.07626781204808;90.0;57.35500159031096
2021-09-08 18:00:00;56.610325356463754;90.0;56.92634040123397
2021-09-08 19:00:00;59.68986098112088;90.0;56.26459871001754
2021-09-08 20:00:00;62.43920366427551;90.0;56.31245399862445
2021-09-08 21:00:00;62.03704829784779;90.0;57.053866297918034
2021-09-08 22:00:00;54.34546244148296;90.0;59.370068118663596
2021-09-08 23:00:00;42.53237623930639;90.0;58.69442741403202
2021-09-09 00:00:00;26.8573024570076;90.0;56.79175978568367
2021-09-09 01:00:00;26.769733921573046;90.0;56.16045175745671
2021-09-09 02:00:00;25.633580060241464;90.0;56.381364036934144
2021-09-09 03:00:00;26.6241015121169;90.0;55.068013126685116
2021-09-09 04:00:00;38.99820122042227;90.0;55.006630337291426
2021-09-09 05:00:00;52.82693827922898;90.0;55.98756738003004
2021-09-09 06:00:00;55.884057813875756;90.0;56.17962442931997
2021-09-09 07:00:00;54.05473222657592;90.0;57.425132097746996
2021-09-09 08:00:00;49.661575116342874;90.0;59.20081026004948
2021-09-09 09:00:00;48.501235467666085;90.0;59.073251400339245
2021-09-09 10:00:00;46.91297856000586;90.0;59.04576537897435
2021-09-09 11:00:00;46.27657264485074;90.0;58.71057973510676
2021-09-09 12:00:00;46.432932322733784;90.0;58.13864966584532
2021-09-09 13:00:00;43.427354610399995;90.0;58.77805993038112
2021-09-09 14:00:00;44.25297829143845;90.0;57.80351336880739
2021-09-09 15:00:00;40.71494921418555;90.0;58.4938524035299
2021-09-09 16:00:00;40.04755066216256;90.0;58.229574213364
2021-09-09 17:00:00;42.463605676046186;90.0;56.57078961605038
2021-09-09 18:00:00;43.56702098878041;90.0;56.22475211253459
2021-09-09 19:00:00;45.41520156098291;90.0;55.72044263791537
2021-09-09 20:00:00;47.41890363859771;90.0;55.61984715111794
2021-09-09 21:00:00;47.62244903192377;90.0;56.17983047998786
2021-09-09 22:00:00;42.56000792976233;90.0;58.71938248339933
2021-09-09 23:00:00;34.45084237937871;90.0;57.96592443918894
2021-09-10 00:00:00;24.825637474570613;90.0;56.378339863314125
2021-09-10 01:00:00;24.894198883381602;90.0;55.60331334212236
2021-09-10 02:00:00;23.646488001200193;90.0;55.98268177910029
2021-09-10 03:00:00;25.00191349316524;90.0;54.32928024278607
2021-09-10 04:00:00;32.76695525588646;90.0;54.57932245387178
2021-09-10 05:00:00;45.56349918988646;90.0;55.500904735902
2021-09-10 06:00:00;50.26867562003424;90.0;55.76229168197318
2021-09-10 07:00:00;48.68170563936211;90.0;57.051012961139065
2021-09-10 08:00:00;42.377599451168145;90.0;58.6413823396839
2021-09-10 09:00:00;43.86787949334234;90.0;57.3783845683314
2021-09-10 10:00:00;42.27526188965726;90.0;58.002706611351016
2021-09-10 11:00:00;41.301765109424686;90.0;58.09245986633317
2021-09-10 12:00:00;41.39928176998964;90.0;57.622628403274064
2021-09-10 13:00:00;38.900740464131154;90.0;58.465977804740646
2021-09-10 14:00:00;39.566361560725646;90.0;57.50233618554955
2021-09-10 15:00:00;36.85611414098182;90.0;58.221924140295414
2021-09-10 16:00:00;36.414005780265676;90.0;57.82205653003308
2021-09-10 17:00:00;38.233583615595684;90.0;56.37720203083347
2021-09-10 18:00:00;39.5798164669065;90.0;55.805562436030186
2021-09-10 19:00:00;39.86582776799045;90.0;56.032454178341425
2021-09-10 20:00:00;43.00551339047152;90.0;55.28081785561807
2021-09-10 21:00:00;43.1476723851415;90.0;55.898081841507576
2021-09-10 22:00:00;38.41208042557442;90.0;58.24279013098794
2021-09-10 23:00:00;30.912885975807715;90.0;57.45015980405174
2021-09-11 00:00:00;20.099116198606684;90.0;54.855615292110315
2021-09-11 01:00:00;20.02429810166261;90.0;54.139276450812076
2021-09-11 02:00:00;19.29542491671976;90.0;54.25671693987272
2021-09-11 03:00:00;19.792632445566994;90.0;53.24836093196484
2021-09-11 04:00:00;27.70306730509449;90.0;53.68434889383121
2021-09-11 05:00:00;36.098343653202896;90.0;54.77997644077902
2021-09-11 06:00:00;38.04888796373455;90.0;55.1905925718749
2021-09-11 07:00:00;35.504931716566404;90.0;57.091117332081296
2021-09-11 08:00:00;33.042197636560445;90.0;57.79165729834011
2021-09-11 09:00:00;33.57829707590202;90.0;56.835682746682096
2021-09-11 10:00:00;32.38164147861379;90.0;57.253416098008586
2021-09-11 11:00:00;31.711470420396925;90.0;57.163557885946375
2021-09-11 12:00:00;31.764095447142108;90.0;56.648660821103874
2021-09-11 13:00:00;11.474015912346811;90.0;77.95263044485154
2021-09-11 14:00:00;11.474015912346811;90.0;77.95263044485154
2021-09-11 15:00:00;28.6091367250961;90.0;57.24940531258136
2021-09-11 16:00:00;28.279260359847097;90.0;56.73186211181411
2021-09-11 17:00:00;29.496100200986103;90.0;55.4116466416138
2021-09-11 18:00:00;30.49333857662071;90.0;54.86672889386085
2021-09-11 19:00:00;30.953078657434343;90.0;54.944225519992244
2021-09-11 20:00:00;32.968904679157504;90.0;54.53792287409607
2021-09-11 21:00:00;32.13607304017426;90.0;55.65327985661514
2021-09-11 22:00:00;30.959655171966276;90.0;56.47696136016276
2021-09-11 23:00:00;25.941955809578978;90.0;56.618967070865665
2021-09-12 00:00:00;23.286859962868665;90.0;55.83839822043382
2021-09-12 01:00:00;24.011302749853424;90.0;54.619680808537794
2021-09-12 02:00:00;20.18322099724359;90.0;55.041008843119926
2021-09-12 03:00:00;20.831475812834025;90.0;53.70848816982823
2021-09-12 04:00:00;28.758182755270997;90.0;53.8594984267005
2021-09-12 05:00:00;37.771617750609344;90.0;54.870247856778235
2021-09-12 06:00:00;24.592444853262176;90.0;56.365488439187686
2021-09-12 07:00:00;37.67417930696371;90.0;54.91249531202311
2021-09-12 08:00:00;35.01113988868291;90.0;56.98462828943963
2021-09-12 09:00:00;35.48530933107833;90.0;56.47282869850204
2021-09-12 10:00:00;34.20967003134612;90.0;57.13154282497425
2021-09-12 11:00:00;33.49822113066494;90.0;57.18620552271267
2021-09-12 12:00:00;11.53984789528425;90.0;78.69593117622668
2021-09-12 13:00:00;31.706480552438;90.0;57.70311521290296
2021-09-12 14:00:00;32.18825381165151;90.0;56.73178623046948
2021-09-12 15:00:00;30.143943749007356;90.0;57.27633092132197
2021-09-12 16:00:00;29.799428184943054;90.0;56.856547233299466
2021-09-12 17:00:00;31.232895240750835;90.0;55.495040449879355
2021-09-12 18:00:00;32.15953694225965;90.0;55.087201465442035
2021-09-12 19:00:00;32.2600028608707;90.0;55.38290972957111
2021-09-12 20:00:00;34.75186389106851;90.0;54.66074616194118
2021-09-12 21:00:00;34.84953497853581;90.0;55.2729730214063
2021-09-12 22:00:00;31.43735276182054;90.0;57.52453940108222
2021-09-12 23:00:00;25.725929408158304;90.0;56.56565486709326
2021-09-13 00:00:00;41.84431454824003;90.0;55.3791539315157
2021-09-13 01:00:00;41.798004428350886;90.0;56.015544259766955
2021-09-13 02:00:00;39.711205319891135;90.0;57.374689280548864
2021-09-13 03:00:00;41.29256121434609;90.0;56.395951139446424
2021-09-13 04:00:00;66.55291621445976;90.0;56.494304168677616
2021-09-13 05:00:00;92.69490355028758;90.0;56.999267808069874
2021-09-13 06:00:00;97.95882340663313;90.0;57.20593451217292
2021-09-13 07:00:00;90.23708220230053;90.0;59.420040597260424
2021-09-13 08:00:00;85.68027247205059;90.0;60.215445592716094
2021-09-13 09:00:00;80.51419556435992;90.0;60.16727197025557
2021-09-13 10:00:00;79.97709724352795;90.0;59.75912526179172
2021-09-13 11:00:00;77.19671995364055;90.0;60.0512863046323
2021-09-13 12:00:00;77.4560509829478;90.0;59.45263447514884
2021-09-13 13:00:00;68.29096308197532;90.0;59.904006411229545
2021-09-13 14:00:00;68.78316879764289;90.0;59.19730611293613
2021-09-13 15:00:00;63.500216196729056;90.0;59.685510464493404
2021-09-13 16:00:00;63.469795709148165;90.0;59.15291039708217
2021-09-13 17:00:00;65.4316853618161;90.0;58.16456476757736
2021-09-13 18:00:00;77.5790690186883;90.0;56.817665334499
2021-09-13 19:00:00;82.73470239487204;90.0;56.884055118440756
2021-09-13 20:00:00;84.88950269658216;90.0;56.90382489496466
2021-09-13 21:00:00;82.5783206454983;90.0;58.03805092195739
2021-09-13 22:00:00;69.81586451470547;90.0;59.80197866755498
2021-09-13 23:00:00;52.349527855720766;90.0;59.25989964691706
2021-09-14 00:00:00;47.32212454925092;90.0;59.18975890300942
2021-09-14 01:00:00;44.73272048513804;90.0;58.80456048537678
2021-09-14 02:00:00;43.624700084434856;90.0;58.721027199327864
2021-09-14 03:00:00;47.17696344622455;90.0;56.5994696325331
2021-09-14 04:00:00;67.7601733964304;90.0;56.46901920046474
2021-09-14 05:00:00;99.93943965836655;90.0;57.11447278869622
2021-09-14 06:00:00;118.73314697571968;90.0;57.23388118247027
2021-09-14 07:00:00;106.39000838821269;90.0;60.084758318710726
2021-09-14 08:00:00;100.11367722097592;90.0;60.56605967173351
2021-09-14 09:00:00;93.58293960944106;90.0;60.53988935807632
2021-09-14 10:00:00;92.15479171542171;90.0;60.26817055403501
2021-09-14 11:00:00;88.17301682371675;90.0;60.32575398773662
2021-09-14 12:00:00;88.2413465246413;90.0;59.76163749494526
2021-09-14 13:00:00;78.91973164977178;90.0;59.952159251262515
2021-09-14 14:00:00;78.77223044239638;90.0;59.501112609732786
2021-09-14 15:00:00;74.30664811418596;90.0;60.21870642538693
2021-09-14 16:00:00;74.73281669609374;90.0;59.496355958365825
2021-09-14 17:00:00;76.6876730670147;90.0;58.59217605069813
2021-09-14 18:00:00;88.94257429809805;90.0;56.919347901469735
2021-09-14 19:00:00;94.9055744850644;90.0;57.021074693987714
2021-09-14 20:00:00;98.69757988387147;90.0;56.88571225330344
2021-09-14 21:00:00;97.3693624527608;90.0;57.806675151287436
2021-09-14 22:00:00;81.51654660956048;90.0;60.12203630951444
2021-09-14 23:00:00;60.07958991757211;90.0;59.630691755667215
2021-09-15 00:00:00;41.126318835755605;90.0;58.64331257494763
2021-09-15 01:00:00;44.052761503693375;90.0;56.67403948010849
2021-09-15 02:00:00;42.074895151693525;90.0;57.740058788376075
2021-09-15 03:00:00;45.027602908757906;90.0;56.1241278511564
2021-09-15 04:00:00;58.036675004940356;90.0;56.26620134761396
2021-09-15 05:00:00;81.22616150567326;90.0;56.72023398911762
2021-09-15 06:00:00;102.90281449615694;90.0;57.15428668296454
2021-09-15 07:00:00;88.11366904234355;90.0;60.176667660077044
2021-09-15 08:00:00;81.36389258965963;90.0;60.30304954745395
2021-09-15 09:00:00;81.61141904444095;90.0;59.660968971633054
2021-09-15 10:00:00;76.31572142922086;90.0;60.01507012939345
2021-09-15 11:00:00;73.03381985174124;90.0;59.93291788702311
2021-09-15 12:00:00;76.72927519042989;90.0;58.39943625931687
2021-09-15 13:00:00;71.77203239521656;90.0;59.74578214795838
2021-09-15 14:00:00;75.27292667501307;90.0;58.29622260779496
2021-09-15 15:00:00;63.286680722355534;90.0;59.6967692105203
2021-09-15 16:00:00;64.47893003105126;90.0;58.770822014177895
2021-09-15 17:00:00;66.40783575369363;90.0;57.933910475246364
2021-09-15 18:00:00;69.95893764024885;90.0;56.928437161970976
2021-09-15 19:00:00;72.94904479767798;90.0;56.62377509261785
2021-09-15 20:00:00;77.74578823160084;90.0;56.76905225091201
2021-09-15 21:00:00;78.22928188325591;90.0;57.20763454962474
2021-09-15 22:00:00;68.82712466133025;90.0;60.112528813305175
2021-09-15 23:00:00;54.035987320638796;90.0;59.4773192699771
2021-09-16 00:00:00;37.93111026708962;90.0;58.2120972921407
2021-09-16 01:00:00;38.12729644229019;90.0;57.532870333658764
2021-09-16 02:00:00;35.94959707203597;90.0;58.215731405478266
2021-09-16 03:00:00;38.416080903227474;90.0;56.27416009042639
2021-09-16 04:00:00;52.80289160765243;90.0;55.880270802461325
2021-09-16 05:00:00;76.18532099861214;90.0;56.773199563995604
2021-09-16 06:00:00;86.6545863177165;90.0;56.90862076986008
2021-09-16 07:00:00;83.90403222367684;90.0;58.14733977967819
2021-09-16 08:00:00;74.6565134525526;90.0;59.91165926848413
2021-09-16 09:00:00;75.17767144380802;90.0;59.26296985458424
2021-09-16 10:00:00;70.27900465140043;90.0;59.97542303626642
2021-09-16 11:00:00;67.68429106785422;90.0;59.910562858856224
2021-09-16 12:00:00;67.40724872832334;90.0;59.42408976679798
2021-09-16 13:00:00;61.15798446190529;90.0;59.64721222246277
2021-09-16 14:00:00;60.90182945952029;90.0;59.169023420849726
2021-09-16 15:00:00;57.59456370639279;90.0;59.76162283278899
2021-09-16 16:00:00;57.997063370127194;90.0;58.97680239506184
2021-09-16 17:00:00;60.00602085956634;90.0;57.903849535224595
2021-09-16 18:00:00;63.59480116325339;90.0;56.720616930759206
2021-09-16 19:00:00;66.39699242566189;90.0;56.41332931911734
2021-09-16 20:00:00;70.7844958391796;90.0;56.59909487111116
2021-09-16 21:00:00;71.70790340199913;90.0;56.90735567537348
2021-09-16 22:00:00;63.745386161934356;90.0;59.76549013425904
2021-09-16 23:00:00;50.22983109275335;90.0;59.20199183411148
2021-09-17 00:00:00;32.57104730172638;90.0;57.78068852891391
2021-09-17 01:00:00;31.82403959000599;90.0;57.546008001245696
2021-09-17 02:00:00;30.999921374005925;90.0;57.41466086141929
2021-09-17 03:00:00;33.10828177651135;90.0;55.5627733014756
2021-09-17 04:00:00;44.90066418218042;90.0;55.574670489480695
2021-09-17 05:00:00;64.10654595714223;90.0;56.326442916857445
2021-09-17 06:00:00;73.57668089489222;90.0;56.67982799655533
2021-09-17 07:00:00;70.01065451680314;90.0;58.271353802661224
2021-09-17 08:00:00;62.989995605865246;90.0;59.62142949467227
2021-09-17 09:00:00;62.31723159319218;90.0;59.30906653297029
2021-09-17 10:00:00;59.50934868467459;90.0;59.68410398623524
2021-09-17 11:00:00;58.60670223689216;90.0;59.39586098944437
2021-09-17 12:00:00;58.80628517622206;90.0;58.81550522104675
2021-09-17 13:00:00;55.11824152059053;90.0;59.4348159085323
2021-09-17 14:00:00;57.02524928918581;90.0;58.174284929458224
2021-09-17 15:00:00;51.63053224145853;90.0;59.206367771047496
2021-09-17 16:00:00;50.33182187456663;90.0;59.1507902848777
2021-09-17 17:00:00;51.70237419681851;90.0;58.052064471723725
2021-09-17 18:00:00;54.50851321199881;90.0;56.81893349101091
2021-09-17 19:00:00;56.490768513197295;90.0;56.40838108229758
2021-09-17 20:00:00;59.9066712523228;90.0;56.393210106320225
2021-09-17 21:00:00;60.40182926691954;90.0;56.77043242588286
2021-09-17 22:00:00;53.819564912925536;90.0;59.497447246253955
2021-09-17 23:00:00;42.51767875080433;90.0;58.66351090858649
2021-09-18 00:00:00;30.528024126446276;90.0;57.37567856963335
2021-09-18 01:00:00;30.63201342114256;90.0;56.67658923938626
2021-09-18 02:00:00;28.938960171068633;90.0;57.16589410870836
2021-09-18 03:00:00;30.861952828661813;90.0;55.31055896016943
2021-09-18 04:00:00;41.44644000915441;90.0;55.2728431336684
2021-09-18 05:00:00;58.684329816238034;90.0;56.20687254479793
2021-09-18 06:00:00;65.3379697765273;90.0;56.55742805103665
2021-09-18 07:00:00;63.75083038861383;90.0;57.60448961233118
2021-09-18 08:00:00;57.85189202208486;90.0;59.70639731588352
2021-09-18 09:00:00;56.48213971114572;90.0;59.56249642116859
2021-09-18 10:00:00;54.615885519581596;90.0;59.52745410998824
2021-09-18 11:00:00;53.695403360809706;90.0;59.250583145155474
2021-09-18 12:00:00;53.82770026641806;90.0;58.662783242333035
2021-09-18 13:00:00;50.50780456983195;90.0;59.223574480341085
2021-09-18 14:00:00;52.23627441819683;90.0;57.962584073785706
2021-09-18 15:00:00;47.252407713394305;90.0;58.97764719146727
2021-09-18 16:00:00;46.35906692170969;90.0;58.78163615226879
2021-09-18 17:00:00;49.60020676969821;90.0;56.91308282931362
2021-09-18 18:00:00;50.6043936085888;90.0;56.70791556429293
2021-09-18 19:00:00;52.848085553410456;90.0;56.12303429599325
2021-09-18 20:00:00;55.30911898773246;90.0;56.12494767159319
2021-09-18 21:00:00;55.48721720336172;90.0;56.64839005911256
2021-09-18 22:00:00;49.48913889448851;90.0;59.21883738249335
2021-09-18 23:00:00;39.627975234811856;90.0;58.29626343102012
2021-09-19 00:00:00;25.94514344286609;90.0;56.493067235327885
2021-09-19 01:00:00;26.008815366948326;90.0;55.783824187023185
2021-09-19 02:00:00;24.60620404376478;90.0;56.2780419548734
2021-09-19 03:00:00;26.10045646387697;90.0;54.53759061985227
2021-09-19 04:00:00;34.475675325688975;90.0;54.70485103740248
2021-09-19 05:00:00;47.916925588649455;90.0;55.77604953146147
2021-09-19 06:00:00;53.24260216330269;90.0;55.92031360981423
2021-09-19 07:00:00;51.786524489770954;90.0;57.115874008060985
2021-09-19 08:00:00;44.49825937967261;90.0;58.85279313430607
2021-09-19 09:00:00;46.302674470298705;90.0;57.469458482265054
2021-09-19 10:00:00;44.69563963333433;90.0;58.09074678100302
2021-09-19 11:00:00;43.70509285510634;90.0;58.198921451238846
2021-09-19 12:00:00;43.696787234664086;90.0;57.80885853837236
2021-09-19 13:00:00;41.01465122411516;90.0;58.677034102429104
2021-09-19 14:00:00;41.733006723543944;90.0;57.700962820294535
2021-09-19 15:00:00;38.8248960573838;90.0;58.44835641476578
2021-09-19 16:00:00;38.353510419434286;90.0;58.04813188523309
2021-09-19 17:00:00;40.40797126205762;90.0;56.52339217690752
2021-09-19 18:00:00;41.71438370027717;90.0;56.01626147769343
2021-09-19 19:00:00;41.8205950642218;90.0;56.31520559037483
2021-09-19 20:00:00;45.40988504415353;90.0;55.52197464852907
2021-09-19 21:00:00;43.78675595126757;90.0;56.884893980478466
2021-09-19 22:00:00;40.500218475184504;90.0;58.49128963761757
2021-09-19 23:00:00;32.67791999791652;90.0;57.72362673491
2021-09-20 00:00:00;49.000642690297695;90.0;55.60638071393538
2021-09-20 01:00:00;49.383007315776595;90.0;56.13110479649521
2021-09-20 02:00:00;45.756811931863375;90.0;58.13133933318818
2021-09-20 03:00:00;48.92094866758324;90.0;56.48147587920272
2021-09-20 04:00:00;70.02636993955821;90.0;56.50752594899694
2021-09-20 05:00:00;103.55952665563679;90.0;57.138743853987705
2021-09-20 06:00:00;122.43891800464039;90.0;57.29223434860381
2021-09-20 07:00:00;109.71779211525383;90.0;60.13208975831907
2021-09-20 08:00:00;103.26673932852673;90.0;60.60748183902791
2021-09-20 09:00:00;96.50863810240799;90.0;60.58724274550451
2021-09-20 10:00:00;91.8317891129817;90.0;60.279495706331204
2021-09-20 11:00:00;91.86842172021053;90.0;59.759465781074255
2021-09-20 12:00:00;91.90715136012;90.0;59.398542393880575
2021-09-20 13:00:00;81.28705990011377;90.0;60.07139619829462
2021-09-20 14:00:00;81.61647183096737;90.0;59.47904259094412
2021-09-20 15:00:00;75.26513195042543;90.0;60.02082080890386
2021-09-20 16:00:00;75.48598039323008;90.0;59.42509364773707
2021-09-20 17:00:00;78.1853147263513;90.0;58.35987531983778
2021-09-20 18:00:00;91.04145968160462;90.0;57.07471664314852
2021-09-20 19:00:00;98.1553904444614;90.0;56.96257397237696
2021-09-20 20:00:00;102.29109660610287;90.0;57.07396940978788
2021-09-20 21:00:00;101.45572718307064;90.0;57.83143415742438
2021-09-20 22:00:00;84.55069627969569;90.0;60.21732500756002
2021-09-20 23:00:00;62.07219129517331;90.0;59.73956766386908
2021-09-21 00:00:00;58.1271038367901;90.0;59.62175568755458
2021-09-21 01:00:00;50.5366414363803;90.0;59.13276832480801
2021-09-21 02:00:00;61.05424878987873;90.0;56.311836259579195
2021-09-21 03:00:00;66.12595840144388;90.0;56.398185931091746
2021-09-21 04:00:00;86.73663266552343;90.0;56.80158622661821
2021-09-21 05:00:00;124.07418351322605;90.0;57.392830874712956
2021-09-21 06:00:00;127.29083702455821;90.0;57.38865969021742
2021-09-21 07:00:00;140.0969916577305;90.0;57.6076564667552
2021-09-21 08:00:00;128.8902679492055;90.0;59.84164605709242
2021-09-21 09:00:00;119.4478294552302;90.0;60.560725230128014
2021-09-21 10:00:00;113.06216061586913;90.0;60.48959205684844
2021-09-21 11:00:00;112.9501430275224;90.0;60.020398943552834
2021-09-21 12:00:00;113.79511366475295;90.0;59.51951065212495
2021-09-21 13:00:00;99.23835801334366;90.0;60.378422198731414
2021-09-21 14:00:00;100.06565732432715;90.0;59.70271658684419
2021-09-21 15:00:00;92.10001001369204;90.0;60.33608470001809
2021-09-21 16:00:00;91.80770281097372;90.0;59.87341340023522
2021-09-21 17:00:00;103.88629116353268;90.0;56.91837086086241
2021-09-21 18:00:00;111.13662289506411;90.0;57.07530786321456
2021-09-21 19:00:00;120.5849085938213;90.0;57.34061471091218
2021-09-21 20:00:00;125.85687230800325;90.0;57.45281776305342
2021-09-21 21:00:00;125.2686165452352;90.0;58.07297173030321
2021-09-21 22:00:00;104.07094503307543;90.0;60.44377856446408
2021-09-21 23:00:00;74.15220189998443;90.0;60.05576734988813
2021-09-22 00:00:00;53.5103296101582;90.0;59.465151472608056
2021-09-22 01:00:00;57.763302401717745;90.0;57.318691123030646
2021-09-22 02:00:00;54.630235222829036;90.0;58.61929932805566
2021-09-22 03:00:00;58.707254306683836;90.0;56.84996173803012
2021-09-22 04:00:00;77.78246310900371;90.0;56.71211818089887
2021-09-22 05:00:00;110.63578948900434;90.0;57.226938642842015
2021-09-22 06:00:00;113.00935827701201;90.0;57.337704523195214
2021-09-22 07:00:00;124.07553396548904;90.0;57.313233292165364
2021-09-22 08:00:00;113.43500930960867;90.0;59.742619529224896
2021-09-22 09:00:00;112.36986258287158;90.0;59.676265260536866
2021-09-22 10:00:00;103.7767275195425;90.0;60.45000976599886
2021-09-22 11:00:00;99.20054636422057;90.0;60.418185513157766
2021-09-22 12:00:00;99.02125711295517;90.0;59.93398610728076
2021-09-22 13:00:00;89.02847062365623;90.0;60.18147357968621
2021-09-22 14:00:00;89.01174818731553;90.0;59.686909107406564
2021-09-22 15:00:00;83.17868100747215;90.0;60.022079116902546
2021-09-22 16:00:00;82.98488719114846;90.0;59.58712088677413
2021-09-22 17:00:00;94.3925117529936;90.0;57.19848843342743
2021-09-22 18:00:00;100.65585561249645;90.0;57.182292537497915
2021-09-22 19:00:00;107.8559713240543;90.0;57.14696464734993
2021-09-22 20:00:00;111.3925477519312;90.0;57.15301762952225
2021-09-22 21:00:00;108.99464906178574;90.0;58.19625868815501
2021-09-22 22:00:00;90.77171886256535;90.0;60.328248074479006
2021-09-22 23:00:00;66.97611365446646;90.0;59.884360887138655
2021-09-23 00:00:00;49.37948516624743;90.0;59.217995744820485
2021-09-23 01:00:00;47.03957423680848;90.0;59.061149702710225
2021-09-23 02:00:00;45.6148208281294;90.0;59.05708350986902
2021-09-23 03:00:00;48.88744446063807;90.0;57.046309297768346
2021-09-23 04:00:00;70.70120176166813;90.0;56.540863683672626
2021-09-23 05:00:00;105.09964190212543;90.0;57.24642424876015
2021-09-23 06:00:00;127.06673958619267;90.0;57.43634551413504
2021-09-23 07:00:00;111.94599082151062;90.0;60.579819789759824
2021-09-23 08:00:00;104.1627630357762;90.0;60.596472269564174
2021-09-23 09:00:00;97.32467958222345;90.0;60.59247362976305
2021-09-23 10:00:00;96.60951687450333;90.0;60.16183027379071
2021-09-23 11:00:00;92.42153257751959;90.0;60.60260089841091
2021-09-23 12:00:00;92.2872354180805;90.0;60.026448812389845
2021-09-23 13:00:00;82.27002031942948;90.0;60.12894681592178
2021-09-23 14:00:00;82.59443329442468;90.0;59.5295859134207
2021-09-23 15:00:00;75.96535053087173;90.0;60.09401129485644
2021-09-23 16:00:00;76.32163405447966;90.0;59.446669498392964
2021-09-23 17:00:00;87.22671625551102;90.0;57.10960931449847
2021-09-23 18:00:00;92.60520682942925;90.0;57.149735771051496
2021-09-23 19:00:00;99.37756385110569;90.0;57.063288907664855
2021-09-23 20:00:00;103.08361595040473;90.0;56.98371054452332
2021-09-23 21:00:00;102.18155478005454;90.0;57.78658478821916
2021-09-23 22:00:00;85.26037626864164;90.0;60.108472823918476
2021-09-23 23:00:00;61.74688192214224;90.0;59.78339986517682
2021-09-24 00:00:00;55.423393465740624;90.0;59.49477123156794
2021-09-24 01:00:00;61.40797644321407;90.0;56.83309690942991
2021-09-24 02:00:00;58.29512489852927;90.0;58.28632666986198
2021-09-24 03:00:00;62.6975958768314;90.0;56.65443349936146
2021-09-24 04:00:00;82.65034071857262;90.0;56.76892270594618
2021-09-24 05:00:00;118.0798518514716;90.0;57.3596682933391
2021-09-24 06:00:00;120.87099474062302;90.0;57.3990904201396
2021-09-24 07:00:00;115.99692657089697;90.0;58.786068444520424
2021-09-24 08:00:00;121.92714383369224;90.0;57.79237249879611
2021-09-24 09:00:00;113.07698838070323;90.0;59.74836453756933
2021-09-24 10:00:00;106.98896221802964;90.0;60.60864025812447
2021-09-24 11:00:00;106.98371453839165;90.0;60.064064987045526
2021-09-24 12:00:00;107.55085657728677;90.0;59.574132137366576
2021-09-24 13:00:00;94.49743409892011;90.0;60.27215055045235
2021-09-24 14:00:00;94.8908507120252;90.0;59.69159447457116
2021-09-24 15:00:00;87.70841402064572;90.0;60.22972971950861
2021-09-24 16:00:00;87.76737134317071;90.0;59.69803054053631
2021-09-24 17:00:00;100.63448193583558;90.0;57.27428351591095
2021-09-24 18:00:00;106.14387138181799;90.0;57.300472760388175
2021-09-24 19:00:00;114.60939911588804;90.0;57.12549643478053
2021-09-24 20:00:00;119.19497405639423;90.0;57.36152061229046
2021-09-24 21:00:00;117.71812550102048;90.0;58.16064119942047
2021-09-24 22:00:00;97.13100979733167;90.0;60.4810202588485
2021-09-24 23:00:00;71.27266401955112;90.0;60.058766040951696
2021-09-25 00:00:00;43.55029656539245;90.0;58.690796467884695
2021-09-25 01:00:00;43.60481296493759;90.0;58.09999059619054
2021-09-25 02:00:00;41.07360241330567;90.0;58.7856732720054
2021-09-25 03:00:00;42.66484284000113;90.0;57.370189428160415
2021-09-25 04:00:00;68.27966605712025;90.0;56.60617205878947
2021-09-25 05:00:00;95.35953800009162;90.0;57.02563220465282
2021-09-25 06:00:00;100.10797873857953;90.0;57.21234023437023
2021-09-25 07:00:00;97.23258105088999;90.0;58.345983171304795
2021-09-25 08:00:00;87.76064229558818;90.0;60.237281904580186
2021-09-25 09:00:00;86.98542255781277;90.0;59.893143494453284
2021-09-25 10:00:00;82.61125890051127;90.0;60.287780833124884
2021-09-25 11:00:00;76.21335688644525;90.0;59.97044352834047
2021-09-25 12:00:00;74.72444241022512;90.0;59.8502819349867
2021-09-25 13:00:00;72.6058371853448;90.0;59.93806240987328
2021-09-25 14:00:00;69.88895271892123;90.0;60.06651220596859
2021-09-25 15:00:00;70.09954710370616;90.0;59.40667072382604
2021-09-25 16:00:00;71.36873700844679;90.0;58.653015704974734
2021-09-25 17:00:00;73.65356700676658;90.0;57.87502640433394
2021-09-25 18:00:00;79.24922026747572;90.0;56.6250655244404
2021-09-25 19:00:00;85.46848293470627;90.0;56.68134127322003
2021-09-25 20:00:00;88.42056428633765;90.0;56.97528911438894
2021-09-25 21:00:00;86.62127107616631;90.0;57.96269652060113
2021-09-25 22:00:00;72.80739525733993;90.0;59.99313904003304
2021-09-25 23:00:00;54.23349364247941;90.0;59.31731346807021
2021-09-26 00:00:00;47.104424497549786;90.0;58.892864083207485
2021-09-26 01:00:00;43.33108804184512;90.0;58.88552622163729
2021-09-26 02:00:00;41.98842255496233;90.0;58.85820521117108
2021-09-26 03:00:00;45.52926768225435;90.0;56.59749023181547
2021-09-26 04:00:00;67.57902108902381;90.0;56.361160292605234
2021-09-26 05:00:00;100.71175888033272;90.0;57.19202524649097
2021-09-26 06:00:00;121.76769503706556;90.0;57.3989182525176
2021-09-26 07:00:00;107.30132997217675;90.0;60.535472027542596
2021-09-26 08:00:00;99.20142391484873;90.0;60.62829729356264
2021-09-26 09:00:00;98.96858358245704;90.0;60.09270248381529
2021-09-26 10:00:00;91.53433458615363;90.0;60.44690913662828
2021-09-26 11:00:00;87.80117705776185;90.0;60.14458041630343
2021-09-26 12:00:00;87.75540479188426;90.0;59.661492711444794
2021-09-26 13:00:00;78.7579625123178;90.0;60.20207365754527
2021-09-26 14:00:00;78.82768715433795;90.0;59.6141535525544
2021-09-26 15:00:00;73.1878278731302;90.0;59.95638511689424
2021-09-26 16:00:00;73.3384988563386;90.0;59.38061964654253
2021-09-26 17:00:00;75.61409826479539;90.0;58.40635979837543
2021-09-26 18:00:00;89.06227983891439;90.0;57.06550368057748
2021-09-26 19:00:00;95.18363676343557;90.0;57.056775090279814
2021-09-26 20:00:00;98.01456956826598;90.0;57.000046860083444
2021-09-26 21:00:00;95.40697274401789;90.0;58.15332011449357
2021-09-26 22:00:00;80.42403566762383;90.0;60.05219461070595
2021-09-26 23:00:00;59.788884593130796;90.0;59.56329267980823
2021-09-27 00:00:00;46.741841849044036;90.0;59.016560740853606
2021-09-27 01:00:00;43.95756493005674;90.0;58.76983533017511
2021-09-27 02:00:00;43.34938731964298;90.0;58.46190693281352
2021-09-27 03:00:00;47.036668106345125;90.0;56.35514252349776
2021-09-27 04:00:00;67.1024570850226;90.0;56.45564710542078
2021-09-27 05:00:00;98.37751779670494;90.0;57.11718062182507
2021-09-27 06:00:00;113.80847314720475;90.0;57.170834936860615
2021-09-27 07:00:00;103.11659449350343;90.0;59.80112875870606
2021-09-27 08:00:00;97.50362192181824;90.0;60.513565988620485
2021-09-27 09:00:00;98.07148169339074;90.0;59.83897472715722
2021-09-27 10:00:00;91.13244409586618;90.0;60.2525976885907
2021-09-27 11:00:00;87.64990476612012;90.0;60.43036980443571
2021-09-27 12:00:00;88.29677332297237;90.0;59.700105858115364
2021-09-27 13:00:00;79.70293479330194;90.0;60.160184624065835
2021-09-27 14:00:00;76.84015199889845;90.0;60.10314432723618
2021-09-27 15:00:00;77.11222361486496;90.0;59.48155549457897
2021-09-27 16:00:00;78.520839320474;90.0;58.758551796464474
2021-09-27 17:00:00;82.0478155829816;90.0;57.74289642748755
2021-09-27 18:00:00;88.13740315895463;90.0;57.13064911103652
2021-09-27 19:00:00;94.29612171770998;90.0;57.0665055090584
2021-09-27 20:00:00;96.70301780708982;90.0;57.09023872534499
2021-09-27 21:00:00;93.59199709279656;90.0;58.32506793737616
2021-09-27 22:00:00;79.24893275449536;90.0;60.04461145951785
2021-09-27 23:00:00;59.086913883780014;90.0;59.62002863383964
2021-09-28 00:00:00;48.79325693313167;90.0;59.010708550984475
2021-09-28 01:00:00;45.761359916664944;90.0;58.8832830932792
2021-09-28 02:00:00;44.755315171235026;90.0;58.74644898763643
2021-09-28 03:00:00;47.71600484518614;90.0;56.927461007870534
2021-09-28 04:00:00;69.98085267263382;90.0;56.470362112325176
2021-09-28 05:00:00;103.98323155118662;90.0;57.23374748504625
2021-09-28 06:00:00;126.4547762743087;90.0;57.49072764725821
2021-09-28 07:00:00;110.38039169726264;90.0;60.79721561404841
2021-09-28 08:00:00;102.60775529567593;90.0;60.70173993597422
2021-09-28 09:00:00;96.29573936433624;90.0;60.57176564841899
2021-09-28 10:00:00;91.78332082480436;90.0;60.24737001318033
2021-09-28 11:00:00;87.50899182594819;90.0;60.25395017683445
2021-09-28 12:00:00;85.74396332448616;90.0;60.13564787787578
2021-09-28 13:00:00;81.15858837771415;90.0;60.02956966568598
2021-09-28 14:00:00;81.6519158655042;90.0;59.409132755843984
2021-09-28 15:00:00;75.1965038741267;90.0;60.007090790733685
2021-09-28 16:00:00;75.31780041275334;90.0;59.44196006417678
2021-09-28 17:00:00;86.39552806697262;90.0;57.0497613397323
2021-09-28 18:00:00;92.06718729191695;90.0;57.068894732953595
2021-09-28 19:00:00;98.61488530684674;90.0;57.05034370837461
2021-09-28 20:00:00;101.56860512299427;90.0;57.005155613342254
2021-09-28 21:00:00;99.5146387661924;90.0;58.03544640451713
2021-09-28 22:00:00;83.19026593685018;90.0;60.139601603395874
2021-09-28 23:00:00;61.7796229445165;90.0;59.654344775020945
2021-09-29 00:00:00;42.543272362539156;90.0;58.733716787815865
2021-09-29 01:00:00;39.43599338139255;90.0;58.507377107768434
2021-09-29 02:00:00;38.987792668114096;90.0;58.098695236027254
2021-09-29 03:00:00;42.39820294947915;90.0;55.958326163023514
2021-09-29 04:00:00;60.576163907776014;90.0;56.28220011492397
2021-09-29 05:00:00;88.50837850987051;90.0;56.922728060691554
2021-09-29 06:00:00;102.54348012748557;90.0;57.04037107678391
2021-09-29 07:00:00;92.983669522951;90.0;59.658094241542926
2021-09-29 08:00:00;87.94863375759763;90.0;60.362567368422845
2021-09-29 09:00:00;82.47535809263093;90.0;60.28856886719092
2021-09-29 10:00:00;81.66560744154933;90.0;59.91946513366054
2021-09-29 11:00:00;78.60666336400826;90.0;60.22788393257798
2021-09-29 12:00:00;78.62635248050799;90.0;59.647753578211564
2021-09-29 13:00:00;70.1092876937624;90.0;59.88732186829475
2021-09-29 14:00:00;70.2844983171071;90.0;59.297000307601365
2021-09-29 15:00:00;65.72939932047336;90.0;59.82581533490185
2021-09-29 16:00:00;66.02366933245753;90.0;59.17145660901707
2021-09-29 17:00:00;68.50680643829668;90.0;58.06897248978902
2021-09-29 18:00:00;73.29198519558958;90.0;56.71619923841308
2021-09-29 19:00:00;77.15740830175508;90.0;56.60865223348452
2021-09-29 20:00:00;82.2560183451486;90.0;56.80590520317429
2021-09-29 21:00:00;82.98264721739852;90.0;57.20636244557147
2021-09-29 22:00:00;73.56009596600344;90.0;60.10641880087326
2021-09-29 23:00:00;53.41979711711969;90.0;59.36902081148418
2021-09-30 00:00:00;38.85983530783945;90.0;58.446686198066175
2021-09-30 01:00:00;39.395765300808236;90.0;57.55223106925348
2021-09-30 02:00:00;36.93437991680557;90.0;58.13734610040177
2021-09-30 03:00:00;39.311425251248146;90.0;56.33145699717312
2021-09-30 04:00:00;54.693232873931635;90.0;56.006476608124046
2021-09-30 05:00:00;79.19065532200392;90.0;56.81650741350171
2021-09-30 06:00:00;90.1981603729227;90.0;56.94193218249177
2021-09-30 07:00:00;87.0652618170551;90.0;58.252054715023576
2021-09-30 08:00:00;77.48271964643068;90.0;59.99325615138923
2021-09-30 09:00:00;77.49436304970772;90.0;59.478375407551084
2021-09-30 10:00:00;72.52814614873141;90.0;59.86242950986224
2021-09-30 11:00:00;69.44300012902735;90.0;60.01369803426371
2021-09-30 12:00:00;69.22030537930911;90.0;59.493110545689945
2021-09-30 13:00:00;63.58602293902817;90.0;59.89740404951618
2021-09-30 14:00:00;63.022784135349795;90.0;59.46791688667588
2021-09-30 15:00:00;60.08867071937575;90.0;59.595499618998076
2021-09-30 16:00:00;60.142898120385404;90.0;59.018077845807
2021-09-30 17:00:00;61.45136195773078;90.0;58.212653489488446
2021-09-30 18:00:00;65.25769810041295;90.0;56.900244003751595
2021-09-30 19:00:00;68.52589625479604;90.0;56.423925101896714
2021-09-30 20:00:00;77.87039059172776;90.0;56.732250404650756
2021-09-30 21:00:00;76.06724236443164;90.0;57.79705391050675
2021-09-30 22:00:00;64.60463577801829;90.0;59.66117602332707
2021-09-30 23:00:00;48.50852542111786;90.0;59.03206374569976
2021-10-01 00:00:00;41.037750697430596;90.0;58.672066527326876
2021-10-01 01:00:00;37.13551313872216;90.0;58.2583144716354
2021-10-01 02:00:00;43.05937207854789;90.0;55.37512622473059
2021-10-01 03:00:00;39.152420988861536;90.0;57.87765181384816
2021-10-01 04:00:00;59.23149655763391;90.0;56.254207548979196
2021-10-01 05:00:00;83.38981916710009;90.0;56.97232430311351
2021-10-01 06:00:00;84.9281774183082;90.0;57.12135627255827
2021-10-01 07:00:00;93.10012237512039;90.0;56.83971998755533
2021-10-01 08:00:00;84.66228036325106;90.0;59.427605443554796
2021-10-01 09:00:00;83.98407666815665;90.0;59.304439556807836
2021-10-01 10:00:00;78.06294749292056;90.0;60.18284755358769
2021-10-01 11:00:00;77.86328191882463;90.0;59.66576876879793
2021-10-01 12:00:00;78.31869108334561;90.0;59.13808162385243
2021-10-01 13:00:00;73.00218522068593;90.0;60.21116326263956
2021-10-01 14:00:00;75.65740329834118;90.0;58.87191316061194
2021-10-01 15:00:00;68.03463612395164;90.0;59.990746021670645
2021-10-01 16:00:00;66.0846781709305;90.0;59.98112875123769
2021-10-01 17:00:00;67.40411929127913;90.0;58.97662299887236
2021-10-01 18:00:00;71.53761475890562;90.0;57.48701144593548
2021-10-01 19:00:00;74.04975019243321;90.0;57.04118109173652
2021-10-01 20:00:00;79.25121446191591;90.0;56.895614572069235
2021-10-01 21:00:00;80.00061511167388;90.0;57.23119139081979
2021-10-01 22:00:00;71.22925172851083;90.0;60.01062569833806
2021-10-01 23:00:00;51.69660235958544;90.0;59.34063911504916
2021-10-02 00:00:00;45.042619060785036;90.0;58.761192674674874
2021-10-02 01:00:00;43.5481266702542;90.0;58.8671021836779
2021-10-02 02:00:00;42.43365586541086;90.0;58.74691770619978
2021-10-02 03:00:00;45.50275816205262;90.0;56.756984973558986
2021-10-02 04:00:00;64.18812955918945;90.0;56.475194692573496
2021-10-02 05:00:00;93.75288092338323;90.0;56.9917067370132
2021-10-02 06:00:00;108.73346883089087;90.0;57.08993425640057
2021-10-02 07:00:00;98.61560054819648;90.0;59.711339123019116
2021-10-02 08:00:00;93.19366896532574;90.0;60.444266388585845
2021-10-02 09:00:00;87.69943291085795;90.0;60.33146303273122
2021-10-02 10:00:00;87.09567715556592;90.0;59.92123318384586
2021-10-02 11:00:00;83.82534645049903;90.0;60.265686291545705
2021-10-02 12:00:00;84.21575007883584;90.0;59.61950173169021
2021-10-02 13:00:00;74.08626093241085;90.0;59.997417952190915
2021-10-02 14:00:00;74.57679914235042;90.0;59.32634798985191
2021-10-02 15:00:00;68.69064029824067;90.0;59.872180075165375
2021-10-02 16:00:00;68.77942557057636;90.0;59.300056593857505
2021-10-02 17:00:00;71.26612058669168;90.0;58.21353540182582
2021-10-02 18:00:00;76.3064972452574;90.0;56.81904925463459
2021-10-02 19:00:00;80.29603114831437;90.0;56.947768706961426
2021-10-02 20:00:00;92.18616574003514;90.0;56.92891248763459
2021-10-02 21:00:00;89.58753320039807;90.0;58.11468462940388
2021-10-02 22:00:00;75.54750190012749;90.0;59.95881650258741
2021-10-02 23:00:00;56.54498454414463;90.0;59.48382441982983
2021-10-03 00:00:00;45.9148330118153;90.0;58.93643828313071
2021-10-03 01:00:00;43.828739498310696;90.0;58.87392798452356
2021-10-03 02:00:00;42.607809465418946;90.0;58.798896596688735
2021-10-03 03:00:00;46.184258017476786;90.0;56.577353125511365
2021-10-03 04:00:00;65.57560042610638;90.0;56.464131175556076
2021-10-03 05:00:00;96.40363002454083;90.0;57.09277671036864
2021-10-03 06:00:00;113.24047652149488;90.0;57.27677925715267
2021-10-03 07:00:00;101.7116922552579;90.0;60.04410411255418
2021-10-03 08:00:00;96.03738128785646;90.0;60.4601016311118
2021-10-03 09:00:00;89.91646012230862;90.0;60.43259463896533
2021-10-03 10:00:00;89.0267115802591;90.0;60.0648186595501
2021-10-03 11:00:00;85.55670687016517;90.0;60.40473859735579
2021-10-03 12:00:00;85.3739858221544;90.0;59.86400467152862
2021-10-03 13:00:00;76.24340891409446;90.0;60.05669978750262
2021-10-03 14:00:00;76.14964454577733;90.0;59.539943283000355
2021-10-03 15:00:00;71.57418495246552;90.0;59.95515583886083
2021-10-03 16:00:00;71.54005960887108;90.0;59.41584416785997
2021-10-03 17:00:00;73.19396068427265;90.0;58.57238314544327
2021-10-03 18:00:00;85.8009310380738;90.0;56.77215236197708
2021-10-03 19:00:00;91.73771389760296;90.0;56.91044706718907
2021-10-03 20:00:00;94.85097797442565;90.0;56.91733780790071
2021-10-03 21:00:00;93.51027211984311;90.0;57.82466589311451
2021-10-03 22:00:00;78.18828954328386;90.0;59.99870917103118
2021-10-03 23:00:00;57.97232515091926;90.0;59.49941476253582
2021-10-04 00:00:00;39.0146182879682;90.0;58.41174666407363
2021-10-04 01:00:00;35.90073864212996;90.0;58.24250737885126
2021-10-04 02:00:00;35.41706347769242;90.0;57.82789228686187
2021-10-04 03:00:00;37.76291559707456;90.0;56.049597534231566
2021-10-04 04:00:00;55.09350279673829;90.0;56.092347525858145
2021-10-04 05:00:00;80.49030160887918;90.0;56.815131796350784
2021-10-04 06:00:00;96.92765964256942;90.0;57.05206050496412
2021-10-04 07:00:00;85.15059193042282;90.0;60.27837094510937
2021-10-04 08:00:00;78.35751246201276;90.0;60.02227735809805
2021-10-04 09:00:00;79.28513088165556;90.0;59.26793577890544
2021-10-04 10:00:00;73.88989101834555;90.0;59.95148197539112
2021-10-04 11:00:00;70.55885922177785;90.0;60.009731850723824
2021-10-04 12:00:00;70.22017345945885;90.0;59.53279476034476
2021-10-04 13:00:00;69.45937623755458;90.0;59.32516742283252
2021-10-04 14:00:00;72.93918326589407;90.0;57.96166752612709
2021-10-04 15:00:00;61.04618128181874;90.0;59.6787199865351
2021-10-04 16:00:00;61.666225685368566;90.0;58.907964349465374
2021-10-04 17:00:00;63.47273578857866;90.0;58.01108250416212
2021-10-04 18:00:00;67.47924536004385;90.0;56.76619469239489
2021-10-04 19:00:00;70.848835870984;90.0;56.61031050671738
2021-10-04 20:00:00;74.91716298912962;90.0;56.84217614929099
2021-10-04 21:00:00;75.38995668439748;90.0;57.23400612627057
2021-10-04 22:00:00;66.69713644977627;90.0;59.93024587071659
2021-10-04 23:00:00;52.22352110370663;90.0;59.37481356496221
2021-10-05 00:00:00;44.45426273211689;90.0;58.82168609099563
2021-10-05 01:00:00;44.550505828875714;90.0;58.18962364498856
2021-10-05 02:00:00;41.89457752231534;90.0;58.75688512140482
2021-10-05 03:00:00;43.439477635416544;90.0;57.41099783631239
2021-10-05 04:00:00;70.54443945280465;90.0;56.61509505051231
2021-10-05 05:00:00;98.14257331702889;90.0;57.06373439442251
2021-10-05 06:00:00;102.51480006185368;90.0;57.15880209913473
2021-10-05 07:00:00;100.83081916953469;90.0;58.058771589757896
2021-10-05 08:00:00;89.49699694977572;90.0;60.32513090716691
2021-10-05 09:00:00;91.20442277873839;90.0;59.40353376086671
2021-10-05 10:00:00;84.92515701993322;90.0;60.218918118421755
2021-10-05 11:00:00;81.64494567348284;90.0;60.279089610722565
2021-10-05 12:00:00;81.65217838881244;90.0;59.706761083523645
2021-10-05 13:00:00;72.54432097861235;90.0;59.897230389433105
2021-10-05 14:00:00;72.83744485229762;90.0;59.2961596704601
2021-10-05 15:00:00;67.02696718853507;90.0;59.84352890528902
2021-10-05 16:00:00;73.80293599906676;90.0;57.32699658479356
2021-10-05 17:00:00;75.59678491530343;90.0;57.172089932808206
2021-10-05 18:00:00;80.54259811964388;90.0;56.9252913956708
2021-10-05 19:00:00;87.270948497145;90.0;56.864936888011755
2021-10-05 20:00:00;90.70215707074789;90.0;56.897583531280475
2021-10-05 21:00:00;89.56385578449006;90.0;57.75893230949805
2021-10-05 22:00:00;74.77116592659766;90.0;60.029779523537115
2021-10-05 23:00:00;55.503445630448695;90.0;59.39809295496963
2021-10-06 00:00:00;54.99056051003906;90.0;59.02570995987924
2021-10-06 01:00:00;49.31516548159324;90.0;59.2716617135809
2021-10-06 02:00:00;49.07581946389153;90.0;58.738593479700285
2021-10-06 03:00:00;53.54281167768882;90.0;56.5364775836166
2021-10-06 04:00:00;80.21915138204788;90.0;56.88444042909532
2021-10-06 05:00:00;120.23422421591836;90.0;57.24069411977371
2021-10-06 06:00:00;146.52122903918877;90.0;57.56667477857991
2021-10-06 07:00:00;129.7435172902529;90.0;60.60712956593653
2021-10-06 08:00:00;120.85941793472408;90.0;60.785824715029094
2021-10-06 09:00:00;112.87054156286455;90.0;60.79657572022427
2021-10-06 10:00:00;106.56226990887221;90.0;60.60672416009248
2021-10-06 11:00:00;100.91533397108155;90.0;60.43071059412006
2021-10-06 12:00:00;106.36328341427324;90.0;58.83780690006785
2021-10-06 13:00:00;93.40028743387253;90.0;60.516428565990395
2021-10-06 14:00:00;94.11774316798028;90.0;59.784717459562614
2021-10-06 15:00:00;92.82368003177169;90.0;59.716290216101356
2021-10-06 16:00:00;94.08803895667411;90.0;59.10477441673174
2021-10-06 17:00:00;96.55354669304438;90.0;58.43604676473268
2021-10-06 18:00:00;104.17030078292775;90.0;57.05280823582558
2021-10-06 19:00:00;113.39409023095504;90.0;57.148024222217884
2021-10-06 20:00:00;117.85154855772814;90.0;57.30727224020501
2021-10-06 21:00:00;116.21421767048432;90.0;58.153064433677514
2021-10-06 22:00:00;96.9843105447849;90.0;60.44821058304251
2021-10-06 23:00:00;70.89977793994099;90.0;60.06260803231993
2021-10-07 00:00:00;55.630329072335094;90.0;59.53422392591625
2021-10-07 01:00:00;49.489408548001016;90.0;59.073628751008584
2021-10-07 02:00:00;49.075902347065906;90.0;58.680810840813194
2021-10-07 03:00:00;53.81736776996423;90.0;56.39583566619689
2021-10-07 04:00:00;80.99254229490488;90.0;56.87239622024799
2021-10-07 05:00:00;121.93008230665596;90.0;57.34445258323194
2021-10-07 06:00:00;150.82247006165838;90.0;57.518387752076876
2021-10-07 07:00:00;131.34827051043396;90.0;60.92177490499529
2021-10-07 08:00:00;120.90309291699606;90.0;60.5594273566266
2021-10-07 09:00:00;111.98878888505452;90.0;60.79733440299759
2021-10-07 10:00:00;106.97468195378573;90.0;60.438993767106524
2021-10-07 11:00:00;107.02715756493203;90.0;59.93415837188161
2021-10-07 12:00:00;107.62641229314619;90.0;59.4781094008938
2021-10-07 13:00:00;94.26327451024378;90.0;60.27022094133122
2021-10-07 14:00:00;95.07152794834185;90.0;59.600035738235306
2021-10-07 15:00:00;86.76636902819426;90.0;60.36084228714475
2021-10-07 16:00:00;95.8018034309692;90.0;57.76179186954067
2021-10-07 17:00:00;97.68339577708272;90.0;57.67449739105842
2021-10-07 18:00:00;104.45869201836715;90.0;57.36676139059773
2021-10-07 19:00:00;114.20169907971437;90.0;57.09321733348838
2021-10-07 20:00:00;119.3603899201714;90.0;57.512782536602685
2021-10-07 21:00:00;107.37239826098647;90.0;60.182409123637285
2021-10-07 22:00:00;92.6162337212336;90.0;60.54708241568625
2021-10-07 23:00:00;70.63231271153705;90.0;59.94243682875128
2021-10-08 00:00:00;54.657987642278265;90.0;59.557249693405595
2021-10-08 01:00:00;58.996647464978984;90.0;57.39822499164916
2021-10-08 02:00:00;56.31515068064724;90.0;58.501798509452556
2021-10-08 03:00:00;60.9655714559931;90.0;56.64092604188255
2021-10-08 04:00:00;77.65019038036812;90.0;56.855810528089876
2021-10-08 05:00:00;117.0598644434955;90.0;57.3110517389573
2021-10-08 06:00:00;146.26822714313067;90.0;57.44043423146502
2021-10-08 07:00:00;125.90848691203725;90.0;60.46912632666863
2021-10-08 08:00:00;115.82512555932777;90.0;60.774777052015054
2021-10-08 09:00:00;107.85837206949428;90.0;60.73681829882253
2021-10-08 10:00:00;106.70586400007159;90.0;60.37346769869612
2021-10-08 11:00:00;102.36006224259798;90.0;60.489440989045875
2021-10-08 12:00:00;103.24672844361734;90.0;59.78399093880256
2021-10-08 13:00:00;90.42638531231138;90.0;60.3300033357429
2021-10-08 14:00:00;91.09378584071534;90.0;59.64639176418518
2021-10-08 15:00:00;83.46249749772562;90.0;60.29198077094571
2021-10-08 16:00:00;92.4776202797476;90.0;57.62253010692473
2021-10-08 17:00:00;95.2934345717927;90.0;57.34702962342914
2021-10-08 18:00:00;102.51593053654146;90.0;57.13221102763964
2021-10-08 19:00:00;110.07833397971099;90.0;57.10741993128073
2021-10-08 20:00:00;113.64728296371366;90.0;57.14353984013405
2021-10-08 21:00:00;110.30656100304847;90.0;58.36568402795746
2021-10-08 22:00:00;92.85907451701473;90.0;60.29510416112447
2021-10-08 23:00:00;68.62598847124966;90.0;59.91523900441774
2021-10-09 00:00:00;62.30101575431278;90.0;59.61591671714325
2021-10-09 01:00:00;56.37450876994233;90.0;59.53222973982872
2021-10-09 02:00:00;54.588136908829654;90.0;59.48329641456314
2021-10-09 03:00:00;59.7590439879203;90.0;57.057214590738624
2021-10-09 04:00:00;91.18160499416923;90.0;57.09878097605309
2021-10-09 05:00:00;137.84536037838234;90.0;57.426333634210664
2021-10-09 06:00:00;170.909618323144;90.0;57.58078144866721
2021-10-09 07:00:00;149.84268087583536;90.0;60.86237458052727
2021-10-09 08:00:00;139.16580085176307;90.0;61.03330133990886
2021-10-09 09:00:00;129.17503329749002;90.0;60.769613057575384
2021-10-09 10:00:00;121.97452639820429;90.0;60.672405723287625
2021-10-09 11:00:00;115.27240150386166;90.0;60.57963001561069
2021-10-09 12:00:00;112.67779717502033;90.0;60.53182610567262
2021-10-09 13:00:00;109.30381440485112;90.0;60.64395317291144
2021-10-09 14:00:00;105.06546692538987;90.0;60.56765297584599
2021-10-09 15:00:00;105.08242273587274;90.0;60.02155593744112
2021-10-09 16:00:00;105.13635660242159;90.0;59.63352686205559
2021-10-09 17:00:00;106.29992237784842;90.0;59.15034798788304
2021-10-09 18:00:00;129.09469477239145;90.0;57.26512418944219
2021-10-09 19:00:00;132.96262549516567;90.0;57.342272120060784
2021-10-09 20:00:00;132.81043634463217;90.0;57.94343334956528
2021-10-09 21:00:00;122.94654284698429;90.0;59.91403088308601
2021-10-09 22:00:00;104.97942335538335;90.0;60.680846744694975
2021-10-09 23:00:00;80.48435277105392;90.0;60.15284257095681
2021-10-10 00:00:00;64.91929013097317;90.0;59.84491120490213
2021-10-10 01:00:00;71.08458082616808;90.0;57.42171168299393
2021-10-10 02:00:00;65.35172568258407;90.0;59.41200916564452
2021-10-10 03:00:00;71.71874252677553;90.0;57.0775665788899
2021-10-10 04:00:00;96.9325943183598;90.0;57.097315393227575
2021-10-10 05:00:00;139.11998058973344;90.0;57.482353687431726
2021-10-10 06:00:00;143.27037842212656;90.0;57.39857146126076
2021-10-10 07:00:00;136.43648886075556;90.0;59.00014710126828
2021-10-10 08:00:00;144.80578930617554;90.0;57.78165000356387
2021-10-10 09:00:00;132.78072874159196;90.0;60.03089283565987
2021-10-10 10:00:00;130.73783932815977;90.0;60.050773046539575
2021-10-10 11:00:00;125.21672909135768;90.0;60.621356603690685
2021-10-10 12:00:00;125.42427287600286;90.0;60.094603416048756
2021-10-10 13:00:00;110.81625111682689;90.0;60.53867496179498
2021-10-10 14:00:00;111.13525164742181;90.0;59.969384446004085
2021-10-10 15:00:00;102.18325400717424;90.0;60.556713450582095
2021-10-10 16:00:00;111.45252339534997;90.0;58.220790473645934
2021-10-10 17:00:00;113.44123231454985;90.0;58.073449184094216
2021-10-10 18:00:00;121.82323762190029;90.0;57.56579490157469
2021-10-10 19:00:00;137.66811932973246;90.0;57.49648953625638
2021-10-10 20:00:00;138.18524289024316;90.0;57.94959442511134
2021-10-10 21:00:00;128.26336059228137;90.0;59.8755216709406
2021-10-10 22:00:00;109.84862017132166;90.0;60.681877933829014
2021-10-10 23:00:00;83.92211384151312;90.0;60.23536031584638
2021-10-11 00:00:00;83.78579547998591;90.0;59.72650518089313
2021-10-11 01:00:00;93.00271760137288;90.0;57.18417653773656
2021-10-11 02:00:00;96.04683155814817;90.0;57.014772946226515
2021-10-11 03:00:00;102.60831219684033;90.0;57.08912688323761
2021-10-11 04:00:00;125.00545729306255;90.0;57.4481488702462
2021-10-11 05:00:00;181.9657338392718;90.0;57.60557677461719
2021-10-11 06:00:00;181.5156968499293;90.0;58.219384231087304
2021-10-11 07:00:00;187.8342790700027;90.0;57.849261540684836
2021-10-11 08:00:00;180.45927675176787;90.0;59.17764245205905
2021-10-11 09:00:00;167.87499533936582;90.0;60.711718456462904
2021-10-11 10:00:00;162.54376879484877;90.0;60.93044562403702
2021-10-11 11:00:00;161.05577183102525;90.0;60.6084759785719
2021-10-11 12:00:00;156.99491632886628;90.0;60.711613425108226
2021-10-11 13:00:00;150.77041459529724;90.0;61.07843596417297
2021-10-11 14:00:00;141.9087610555979;90.0;60.95736028276275
2021-10-11 15:00:00;140.6350308384208;90.0;60.58777896155107
2021-10-11 16:00:00;139.16105652489838;90.0;60.35543843362933
2021-10-11 17:00:00;172.27457907986215;90.0;57.59220365151691
2021-10-11 18:00:00;181.07558455322805;90.0;57.819636346975415
2021-10-11 19:00:00;189.62009926911725;90.0;57.675994173977756
2021-10-11 20:00:00;190.70386216468063;90.0;58.10276928834918
2021-10-11 21:00:00;175.30604193151558;90.0;60.26104797765311
2021-10-11 22:00:00;147.8837334990294;90.0;60.95809705502535
2021-10-11 23:00:00;110.96460929074681;90.0;60.64849910801689
2021-10-12 00:00:00;83.0303679062802;90.0;60.23489976991391
2021-10-12 01:00:00;91.97308873808514;90.0;57.58331130494446
2021-10-12 02:00:00;83.6194268874608;90.0;59.894156963587875
2021-10-12 03:00:00;91.67503072492602;90.0;57.55977578451717
2021-10-12 04:00:00;128.0683586595199;90.0;57.47106770214691
2021-10-12 05:00:00;184.4354720744968;90.0;57.64956937383391
2021-10-12 06:00:00;190.78006683710294;90.0;57.58822205632845
2021-10-12 07:00:00;183.6272486416533;90.0;58.9725129582107
2021-10-12 08:00:00;177.1905647354169;90.0;59.82910593705202
2021-10-12 09:00:00;166.40924722921952;90.0;60.95323271479805
2021-10-12 10:00:00;169.69823135684837;90.0;60.042385593577535
2021-10-12 11:00:00;158.74024212971037;90.0;61.066034863874734
2021-10-12 12:00:00;154.8324559555176;90.0;61.01608628453158
2021-10-12 13:00:00;148.79367414624053;90.0;60.828177772662855
2021-10-12 14:00:00;139.98936748813597;90.0;60.831021012565486
2021-10-12 15:00:00;137.43663447064102;90.0;60.68470047833091
2021-10-12 16:00:00;162.1868236814501;90.0;57.56266547133123
2021-10-12 17:00:00;169.71396871549683;90.0;57.75979025036156
2021-10-12 18:00:00;178.78271668108835;90.0;57.85880985248406
2021-10-12 19:00:00;187.6135827014038;90.0;57.74695197383949
2021-10-12 20:00:00;188.28676340081506;90.0;58.192129635133426
2021-10-12 21:00:00;174.47307259413364;90.0;60.15198922175347
2021-10-12 22:00:00;137.39919954276098;90.0;60.79541997815386
2021-10-12 23:00:00;103.53254473886601;90.0;60.611324513834404
2021-10-13 00:00:00;86.87090986705343;90.0;60.282784201612515
2021-10-13 01:00:00;92.6154627040547;90.0;58.43456493086768
2021-10-13 02:00:00;93.10401062842053;90.0;58.403344381657746
2021-10-13 03:00:00;99.48400794305245;90.0;57.10995376961455
2021-10-13 04:00:00;122.55024371774016;90.0;57.37877790688208
2021-10-13 05:00:00;181.3624209725436;90.0;57.544264031208286
2021-10-13 06:00:00;181.36566610771047;90.0;58.12525862463855
2021-10-13 07:00:00;177.30863302834246;90.0;58.98760695648946
2021-10-13 08:00:00;180.30286881491526;90.0;58.73810628166831
2021-10-13 09:00:00;168.12094888961508;90.0;60.37211071869757
2021-10-13 10:00:00;163.0941021548318;90.0;60.655400926900484
2021-10-13 11:00:00;160.7768284010698;90.0;60.5193701985649
2021-10-13 12:00:00;156.76520363414164;90.0;60.643465250626946
2021-10-13 13:00:00;151.22249558932293;90.0;60.94067402596801
2021-10-13 14:00:00;143.57475346108177;90.0;60.76726226913047
2021-10-13 15:00:00;142.52747535048388;90.0;60.42225061714652
2021-10-13 16:00:00;141.0573715612952;90.0;60.239827855386466
2021-10-13 17:00:00;144.1938853577445;90.0;59.44390746126987
2021-10-13 18:00:00;180.10799966526676;90.0;57.72415992238837
2021-10-13 19:00:00;186.93896699021764;90.0;57.676230462905096
2021-10-13 20:00:00;187.36371469879637;90.0;58.170617164637406
2021-10-13 21:00:00;172.48221368510545;90.0;60.27041686004014
2021-10-13 22:00:00;146.64190212700896;90.0;60.89326309105866
2021-10-13 23:00:00;109.99222194394797;90.0;60.72588295754019
2021-10-14 00:00:00;69.8148483073209;90.0;59.862722904020075
2021-10-14 01:00:00;76.08771147269898;90.0;57.57149767808255
2021-10-14 02:00:00;69.91843820369623;90.0;59.562042250311094
2021-10-14 03:00:00;76.56854818509332;90.0;57.26290235355759
2021-10-14 04:00:00;104.36941419747951;90.0;57.146715389908934
2021-10-14 05:00:00;150.19456414494323;90.0;57.5216550397451
2021-10-14 06:00:00;154.2617254335823;90.0;57.500644204175956
2021-10-14 07:00:00;147.7592098004523;90.0;58.96588154623623
2021-10-14 08:00:00;143.17433980460294;90.0;59.6839347972973
2021-10-14 09:00:00;144.65687233986537;90.0;59.301221958420115
2021-10-14 10:00:00;136.3125409075653;90.0;60.47399826012975
2021-10-14 11:00:00;128.81914580288043;90.0;60.5471371543058
2021-10-14 12:00:00;125.8751433168784;90.0;60.55519689176765
2021-10-14 13:00:00;122.03826130653452;90.0;60.71148335068074
2021-10-14 14:00:00;117.46021718947098;90.0;60.63928435882491
2021-10-14 15:00:00;116.39265807304672;90.0;60.30281892219534
2021-10-14 16:00:00;115.43439438313324;90.0;60.0470903041429
2021-10-14 17:00:00;118.4338403298188;90.0;59.17018963816639
2021-10-14 18:00:00;129.29970295586426;90.0;57.2615978977048
2021-10-14 19:00:00;148.76868796741087;90.0;57.40244618793059
2021-10-14 20:00:00;151.839480842932;90.0;57.55498254689388
2021-10-14 21:00:00;135.6562659408148;90.0;60.431035722638114
2021-10-14 22:00:00;116.5522560676977;90.0;60.66931184718112
2021-10-14 23:00:00;88.58711112386764;90.0;60.33817030181552
2021-10-15 00:00:00;73.69722914140776;90.0;59.9476166746075
2021-10-15 01:00:00;80.09449442939861;90.0;57.7190233021804
2021-10-15 02:00:00;75.48138994096301;90.0;59.179918958023165
2021-10-15 03:00:00;82.02369922295665;90.0;57.19745506842156
2021-10-15 04:00:00;108.98582875247216;90.0;57.1118714327265
2021-10-15 05:00:00;157.00477691930212;90.0;57.53766690088759
2021-10-15 06:00:00;160.60646409490738;90.0;57.60765578972706
2021-10-15 07:00:00;155.35155055068023;90.0;58.841232578918095
2021-10-15 08:00:00;150.89378278336093;90.0;59.56401147872077
2021-10-15 09:00:00;153.94245770964133;90.0;59.030090407136356
2021-10-15 10:00:00;145.37569855728972;90.0;60.2664109251682
2021-10-15 11:00:00;136.48564421593176;90.0;60.656885988448266
2021-10-15 12:00:00;133.1002817209978;90.0;60.68955948332314
2021-10-15 13:00:00;127.71052346892603;90.0;60.84105149877678
2021-10-15 14:00:00;119.29167946761537;90.0;60.854571585048916
2021-10-15 15:00:00;117.24163668975126;90.0;60.62762325809808
2021-10-15 16:00:00;139.34764456556275;90.0;57.374542797142
2021-10-15 17:00:00;145.95202607899438;90.0;57.69488358121464
2021-10-15 18:00:00;152.18889200964426;90.0;57.3986128194083
2021-10-15 19:00:00;156.72440706410057;90.0;57.36736017522691
2021-10-15 20:00:00;155.71911909494216;90.0;58.11446802283211
2021-10-15 21:00:00;143.27468873822878;90.0;60.19852327285179
2021-10-15 22:00:00;122.49920100830525;90.0;60.82967270321967
2021-10-15 23:00:00;92.71565092635643;90.0;60.4564689223605
2021-10-16 00:00:00;70.93687995218352;90.0;60.0099801250347
2021-10-16 01:00:00;77.08925762850666;90.0;57.74493998339898
2021-10-16 02:00:00;73.63947730323368;90.0;58.90006285661718
2021-10-16 03:00:00;79.96818641998499;90.0;57.00675764066824
2021-10-16 04:00:00;104.12773058585108;90.0;57.07271503131517
2021-10-16 05:00:00;149.7947447817777;90.0;57.51341191391225
2021-10-16 06:00:00;152.60997542454922;90.0;57.66698898322653
2021-10-16 07:00:00;170.6756051158294;90.0;57.722133582188235
2021-10-16 08:00:00;158.19775593470433;90.0;59.816770463623016
2021-10-16 09:00:00;147.59836697931252;90.0;61.04782427601168
2021-10-16 10:00:00;139.0342726839299;90.0;60.9197569605966
2021-10-16 11:00:00;130.7896631730375;90.0;60.84381227413439
2021-10-16 12:00:00;127.61777054637002;90.0;60.79691202738485
2021-10-16 13:00:00;124.25941737281737;90.0;60.79866852378933
2021-10-16 14:00:00;114.35824945042539;90.0;60.69185364680777
2021-10-16 15:00:00;113.15067715583936;90.0;60.36017745508951
2021-10-16 16:00:00;112.73925111595553;90.0;59.98276029450483
2021-10-16 17:00:00;139.80623056242752;90.0;57.365218335701684
2021-10-16 18:00:00;145.6866108210825;90.0;57.441642821062715
2021-10-16 19:00:00;149.73700024568555;90.0;57.42789520801017
2021-10-16 20:00:00;148.5092723402893;90.0;58.18135708706012
2021-10-16 21:00:00;136.69654728418962;90.0;60.22030444591536
2021-10-16 22:00:00;117.10817024256077;90.0;60.63184099352446
2021-10-16 23:00:00;88.79866985695192;90.0;60.34794193043007
2021-10-17 00:00:00;71.85137120795301;90.0;60.11073200574759
2021-10-17 01:00:00;77.49699003741176;90.0;57.97766126969333
2021-10-17 02:00:00;74.45371170639892;90.0;58.93790989275317
2021-10-17 03:00:00;79.69164933213455;90.0;57.33881245154964
2021-10-17 04:00:00;104.90431826237396;90.0;57.07590434003157
2021-10-17 05:00:00;157.29764272278328;90.0;57.40993581877353
2021-10-17 06:00:00;195.94329755622294;90.0;57.60851647761143
2021-10-17 07:00:00;172.6698280869694;90.0;60.81063722977416
2021-10-17 08:00:00;159.6990497644567;90.0;61.132367854413474
2021-10-17 09:00:00;149.33789215222555;90.0;61.00545221400131
2021-10-17 10:00:00;140.68190006532345;90.0;60.90227532048556
2021-10-17 11:00:00;131.98929484641036;90.0;60.877930018859615
2021-10-17 12:00:00;128.66731151276053;90.0;60.84250596369799
2021-10-17 13:00:00;123.35730013694373;90.0;60.58207957291552
2021-10-17 14:00:00;115.64696914900172;90.0;60.65350136346592
2021-10-17 15:00:00;114.72905425073505;90.0;60.285450662658945
2021-10-17 16:00:00;114.14440620289702;90.0;59.966772217639004
2021-10-17 17:00:00;141.0802893693671;90.0;57.39604565826005
2021-10-17 18:00:00;146.98298733969088;90.0;57.57358982270779
2021-10-17 19:00:00;151.3066194294356;90.0;57.483736411893574
2021-10-17 20:00:00;150.45576681288887;90.0;58.1656319562976
2021-10-17 21:00:00;138.6057017254946;90.0;60.196448263734396
2021-10-17 22:00:00;118.81126943118569;90.0;60.6332340939158
2021-10-17 23:00:00;89.96743818902597;90.0;60.37390229991456
2021-10-18 00:00:00;73.0237881409766;90.0;60.120323338992364
2021-10-18 01:00:00;79.43478000739115;90.0;57.81751172774062
2021-10-18 02:00:00;74.36925086832694;90.0;59.37155677501602
2021-10-18 03:00:00;80.22013502348119;90.0;57.47655192013241
2021-10-18 04:00:00;108.76868931535938;90.0;57.22362328048217
2021-10-18 05:00:00;156.3542437010156;90.0;57.553777133906976
2021-10-18 06:00:00;161.3746611872507;90.0;57.42696603025922
2021-10-18 07:00:00;155.00012890115187;90.0;58.87188969996947
2021-10-18 08:00:00;150.2862563771956;90.0;59.620595816716616
2021-10-18 09:00:00;141.53815709696144;90.0;60.71150851569604
2021-10-18 10:00:00;136.96108027131612;90.0;60.89609635085901
2021-10-18 11:00:00;135.22403068833128;90.0;60.609697140247306
2021-10-18 12:00:00;131.8491813556664;90.0;60.657879508437134
2021-10-18 13:00:00;126.92255325843857;90.0;60.8432766587207
2021-10-18 14:00:00;120.221316009427;90.0;60.65638157604434
2021-10-18 15:00:00;119.71890550710532;90.0;60.22425434455482
2021-10-18 16:00:00;119.54392833557843;90.0;59.86450005312662
2021-10-18 17:00:00;123.35251385308273;90.0;58.93656597238629
2021-10-18 18:00:00;134.6637247473049;90.0;57.226320737754065
2021-10-18 19:00:00;150.16058153974333;90.0;57.56956495538259
2021-10-18 20:00:00;158.63041700518173;90.0;57.69171476646767
2021-10-18 21:00:00;158.32271719049834;90.0;58.23514194331153
2021-10-18 22:00:00;130.01532203300255;90.0;60.79501204418847
2021-10-18 23:00:00;93.41998500456562;90.0;60.429141795909175
2021-10-19 00:00:00;62.07301039018334;90.0;59.697926987120184
2021-10-19 01:00:00;52.529483954688715;90.0;59.35752834624185
2021-10-19 02:00:00;51.88847000104344;90.0;59.005043719159346
2021-10-19 03:00:00;69.34114914403905;90.0;56.516966800626165
2021-10-19 04:00:00;89.95019633896497;90.0;56.90302733311688
2021-10-19 05:00:00;128.77736222568763;90.0;57.42384006997304
2021-10-19 06:00:00;168.42944003593365;90.0;57.631064794347196
2021-10-19 07:00:00;146.41062968924282;90.0;60.745143142528434
2021-10-19 08:00:00;135.58294487281864;90.0;61.00297415126249
2021-10-19 09:00:00;125.77855237331829;90.0;60.750494089217796
2021-10-19 10:00:00;118.97371475341606;90.0;60.62273928381086
2021-10-19 11:00:00;112.19977871586892;90.0;60.568647393961896
2021-10-19 12:00:00;109.545184333077;90.0;60.53772738210614
2021-10-19 13:00:00;106.02205563100027;90.0;60.683059316925096
2021-10-19 14:00:00;101.77882632009724;90.0;60.364132438857155
2021-10-19 15:00:00;101.29393237641557;90.0;59.96752742060488
2021-10-19 16:00:00;102.1105463454629;90.0;59.42857662130973
2021-10-19 17:00:00;106.10748499526535;90.0;58.431500316235315
2021-10-19 18:00:00;114.89910919987403;90.0;57.251582212573
2021-10-19 19:00:00;125.57817115070506;90.0;57.35030417234526
2021-10-19 20:00:00;130.7867685937055;90.0;57.40179754724596
2021-10-19 21:00:00;128.62103452057826;90.0;58.30356424191194
2021-10-19 22:00:00;106.97978691948882;90.0;60.53160652314057
2021-10-19 23:00:00;78.10891329950952;90.0;60.18504697673359
2021-10-20 00:00:00;65.44290787715823;90.0;59.75919199093312
2021-10-20 01:00:00;56.893949779083;90.0;59.487752923731136
2021-10-20 02:00:00;69.33795185563915;90.0;56.47956904160861
2021-10-20 03:00:00;74.73130013446726;90.0;56.528756270628946
2021-10-20 04:00:00;98.10833809106401;90.0;56.99470825106653
2021-10-20 05:00:00;141.07997819325718;90.0;57.47414301447833
2021-10-20 06:00:00;145.19537206033766;90.0;57.41034263349388
2021-10-20 07:00:00;139.7895041266643;90.0;58.78369941212941
2021-10-20 08:00:00;148.51912959139716;90.0;57.616076733374484
2021-10-20 09:00:00;136.5040045849014;90.0;59.8841487319778
2021-10-20 10:00:00;128.73586041147837;90.0;60.83305912311505
2021-10-20 11:00:00;121.8202752215833;90.0;60.67448106666393
2021-10-20 12:00:00;128.9221810660424;90.0;58.99177843081759
2021-10-20 13:00:00;112.36316964364786;90.0;60.61128489836858
2021-10-20 14:00:00;113.42144698609874;90.0;59.890658521255375
2021-10-20 15:00:00;112.41012227129171;90.0;59.765581207178684
2021-10-20 16:00:00;112.21796961241343;90.0;59.528086883273545
2021-10-20 17:00:00;114.14397881117497;90.0;58.97803313842098
2021-10-20 18:00:00;121.91293150620369;90.0;57.58232722913414
2021-10-20 19:00:00;141.7250217214004;90.0;57.373963970125146
2021-10-20 20:00:00;142.86004728734306;90.0;57.78873785133993
2021-10-20 21:00:00;132.00435946191104;90.0;59.875240921297575
2021-10-20 22:00:00;112.60792882669675;90.0;60.73905123415699
2021-10-20 23:00:00;85.60883545391431;90.0;60.303942693570775
2021-10-21 00:00:00;66.02631963975094;90.0;59.80176039033523
2021-10-21 01:00:00;73.1718133193696;90.0;57.154090345978375
2021-10-21 02:00:00;66.25664934696675;90.0;59.56733147027143
2021-10-21 03:00:00;80.78576508663377;90.0;56.906525082941755
2021-10-21 04:00:00;97.40462983740197;90.0;57.064474735606325
2021-10-21 05:00:00;140.8240340232564;90.0;57.46341672496965
2021-10-21 06:00:00;150.72053753952403;90.0;57.44050898746576
2021-10-21 07:00:00;144.2655335777695;90.0;58.93527751264526
2021-10-21 08:00:00;138.66950860323246;90.0;59.82197209619983
2021-10-21 09:00:00;140.04955762855187;90.0;59.396364339158026
2021-10-21 10:00:00;131.37844737844327;90.0;60.6192179145134
2021-10-21 11:00:00;124.01476754025458;90.0;60.61437568097614
2021-10-21 12:00:00;131.11061232055465;90.0;58.97528882551376
2021-10-21 13:00:00;114.5795859194005;90.0;60.79453061508258
2021-10-21 14:00:00;115.51466399830434;90.0;60.0537270618766
2021-10-21 15:00:00;114.4805483152622;90.0;59.88648539628906
2021-10-21 16:00:00;115.91743478589535;90.0;59.32740270328014
2021-10-21 17:00:00;120.33151524233429;90.0;58.42748492748012
2021-10-21 18:00:00;129.09240197235138;90.0;57.23940001601119
2021-10-21 19:00:00;139.72432374770372;90.0;57.3939899483467
2021-10-21 20:00:00;145.0738402202355;90.0;57.53475759700399
2021-10-21 21:00:00;142.96084446606088;90.0;58.37847870868245
2021-10-21 22:00:00;118.9364804105278;90.0;60.64123448673689
2021-10-21 23:00:00;86.25297182682677;90.0;60.24253530122593
2021-10-22 00:00:00;41.61122912787328;90.0;58.585747131077596
2021-10-22 01:00:00;38.92077508573598;90.0;58.514199109469416
2021-10-22 02:00:00;38.58967710025706;90.0;58.02730054229471
2021-10-22 03:00:00;41.83109610795939;90.0;55.96169078390574
2021-10-22 04:00:00;59.23367529159584;90.0;56.27883224680454
2021-10-22 05:00:00;86.07686085168497;90.0;56.91239777978467
2021-10-22 06:00:00;99.81043574868788;90.0;57.01113168045788
2021-10-22 07:00:00;90.49923245177996;90.0;59.62851744131433
2021-10-22 08:00:00;84.22404065609257;90.0;60.15881902402214
2021-10-22 09:00:00;85.02197640026333;90.0;59.44903719485853
2021-10-22 10:00:00;78.78883428207708;90.0;59.980716825108004
2021-10-22 11:00:00;75.56483038330073;90.0;60.213531114710975
2021-10-22 12:00:00;75.0591358500282;90.0;59.75303142157679
2021-10-22 13:00:00;74.19730288561932;90.0;59.52934913288766
2021-10-22 14:00:00;78.4144927188613;90.0;58.007409639816785
2021-10-22 15:00:00;64.94034842331115;90.0;59.79798490349202
2021-10-22 16:00:00;64.52907733713796;90.0;59.36142823132991
2021-10-22 17:00:00;65.69091811249811;90.0;58.57171983913224
2021-10-22 18:00:00;70.32858353739307;90.0;57.01630568918614
2021-10-22 19:00:00;82.76552076254221;90.0;56.76257825502603
2021-10-22 20:00:00;85.03348166235125;90.0;56.80054834496235
2021-10-22 21:00:00;83.0126142903383;90.0;57.90112503137607
2021-10-22 22:00:00;70.67468693508921;90.0;60.03286711510589
2021-10-22 23:00:00;52.58845478870152;90.0;59.25276638453943
2021-10-23 00:00:00;50.81810910380123;90.0;59.37166759798811
2021-10-23 01:00:00;56.183736793530066;90.0;56.73013839774535
2021-10-23 02:00:00;53.826643013793095;90.0;57.96495896529615
2021-10-23 03:00:00;57.75610982256421;90.0;56.43349302149329
2021-10-23 04:00:00;75.02135229278952;90.0;56.70476762263115
2021-10-23 05:00:00;106.67733305094323;90.0;57.199948376741304
2021-10-23 06:00:00;109.29049876960829;90.0;57.24470757520379
2021-10-23 07:00:00;105.46276951128941;90.0;58.53613486068332
2021-10-23 08:00:00;110.96902898364735;90.0;57.56912290258259
2021-10-23 09:00:00;102.09957151804346;90.0;59.7308020028529
2021-10-23 10:00:00;100.47463007477413;90.0;59.76012732922311
2021-10-23 11:00:00;95.98628647014135;90.0;60.373588832828545
2021-10-23 12:00:00;95.59214383448183;90.0;59.93678433619391
2021-10-23 13:00:00;86.43811107585596;90.0;60.31594741627498
2021-10-23 14:00:00;86.0286067368661;90.0;59.8571109175536
2021-10-23 15:00:00;80.69162351119633;90.0;60.0208810141105
2021-10-23 16:00:00;80.36221780956295;90.0;59.605271975290236
2021-10-23 17:00:00;82.71669945484359;90.0;58.6449115969404
2021-10-23 18:00:00;97.28469128073709;90.0;57.216640383305844
2021-10-23 19:00:00;104.38831753681531;90.0;57.12228038341743
2021-10-23 20:00:00;107.56951199072985;90.0;57.06199857229109
2021-10-23 21:00:00;104.16714698819848;90.0;58.33857602732729
2021-10-23 22:00:00;87.80130080465186;90.0;60.21285794619598
2021-10-23 23:00:00;65.13383320277008;90.0;59.780571206577235
2021-10-24 00:00:00;37.12986485066665;90.0;58.21542199828065
2021-10-24 01:00:00;34.977264810577644;90.0;57.98801115209659
2021-10-24 02:00:00;34.91025063220292;90.0;57.39978075637737
2021-10-24 03:00:00;37.42441286517237;90.0;55.6525679168887
2021-10-24 04:00:00;52.18885499193658;90.0;55.9333589055766
2021-10-24 05:00:00;75.3668347474018;90.0;56.764715192860194
2021-10-24 06:00:00;88.35995349384608;90.0;56.79163610602666
2021-10-24 07:00:00;79.54850565845642;90.0;59.572948781517084
2021-10-24 08:00:00;74.6858002657667;90.0;60.01649973343416
2021-10-24 09:00:00;74.86759855123302;90.0;59.42482814352172
2021-10-24 10:00:00;69.46320425960137;90.0;59.82250566332107
2021-10-24 11:00:00;66.81654567445156;90.0;59.96777170364612
2021-10-24 12:00:00;66.45668409688639;90.0;59.478071537539506
2021-10-24 13:00:00;60.53867227288904;90.0;59.61134152058537
2021-10-24 14:00:00;60.118847130049645;90.0;59.19115495077085
2021-10-24 15:00:00;57.29097049106389;90.0;59.72271458953975
2021-10-24 16:00:00;57.61218322439329;90.0;58.97631513681597
2021-10-24 17:00:00;59.61700990379485;90.0;57.897741489428995
2021-10-24 18:00:00;63.783180621118376;90.0;56.51942565829415
2021-10-24 19:00:00;66.67540127406512;90.0;56.5158902387214
2021-10-24 20:00:00;70.9954939822706;90.0;56.66232668482445
2021-10-24 21:00:00;70.9615114631336;90.0;57.22827530453429
2021-10-24 22:00:00;62.50192445515472;90.0;59.78889511067166
2021-10-24 23:00:00;48.66076589222783;90.0;59.20850812036241
2021-10-25 00:00:00;29.292427968125736;90.0;57.17173259428597
2021-10-25 01:00:00;29.238523032824567;90.0;56.55939211708176
2021-10-25 02:00:00;27.869316712612186;90.0;56.92418776383414
2021-10-25 03:00:00;28.733093446150157;90.0;55.71089968982176
2021-10-25 04:00:00;43.81699296858123;90.0;55.54902999501314
2021-10-25 05:00:00;59.539478187924054;90.0;56.21177474627876
2021-10-25 06:00:00;62.190263034556835;90.0;56.240527606301384
2021-10-25 07:00:00;60.98193326123002;90.0;57.27311737809248
2021-10-25 08:00:00;55.09658914416139;90.0;59.44083534350057
2021-10-25 09:00:00;54.37113839797584;90.0;59.125904544589275
2021-10-25 10:00:00;52.04128183578917;90.0;59.2438151836609
2021-10-25 11:00:00;51.13990642679988;90.0;59.02148811486927
2021-10-25 12:00:00;51.584282977452105;90.0;58.339279572066744
2021-10-25 13:00:00;48.37174463127131;90.0;59.15942108588263
2021-10-25 14:00:00;50.072492998361554;90.0;57.86157954487402
2021-10-25 15:00:00;45.5693388977562;90.0;58.89381036358304
2021-10-25 16:00:00;44.34858614442525;90.0;58.839403889135326
2021-10-25 17:00:00;45.65393351541743;90.0;57.67178502078406
2021-10-25 18:00:00;48.29835852712729;90.0;56.389716582445374
2021-10-25 19:00:00;50.59891278409841;90.0;55.81902716536439
2021-10-25 20:00:00;53.0240371426648;90.0;55.90896057329519
2021-10-25 21:00:00;52.93366754786148;90.0;56.579984505912364
2021-10-25 22:00:00;46.98883352711;90.0;58.963427573379875
2021-10-25 23:00:00;37.54756661062586;90.0;58.305042593145856
2021-10-26 00:00:00;35.99131783307662;90.0;58.10759456730568
2021-10-26 01:00:00;36.099722854267974;90.0;57.42402504253835
2021-10-26 02:00:00;34.0443391451656;90.0;58.05735993652871
2021-10-26 03:00:00;35.167199595270986;90.0;56.74378047918515
2021-10-26 04:00:00;55.83262944001715;90.0;56.052108086853195
2021-10-26 05:00:00;76.94988048508318;90.0;56.693668112534
2021-10-26 06:00:00;81.35304281249493;90.0;56.94358619994961
2021-10-26 07:00:00;78.38403337228905;90.0;58.239825057249334
2021-10-26 08:00:00;70.28183368076303;90.0;59.78157760870579
2021-10-26 09:00:00;70.16991934902624;90.0;59.30964675421535
2021-10-26 10:00:00;65.8341574039049;90.0;59.877192149932625
2021-10-26 11:00:00;63.12502660055344;90.0;59.766782896960194
2021-10-26 12:00:00;63.15210943068568;90.0;59.18313362437294
2021-10-26 13:00:00;57.70742200062742;90.0;59.60122695923968
2021-10-26 14:00:00;57.36414671033997;90.0;59.12833212491341
2021-10-26 15:00:00;54.3325143031508;90.0;59.41084724353266
2021-10-26 16:00:00;54.17292343418962;90.0;58.884289864041875
2021-10-26 17:00:00;56.11289824355416;90.0;57.76425403417153
2021-10-26 18:00:00;59.803591359813495;90.0;56.46703646292468
2021-10-26 19:00:00;62.84505190130511;90.0;56.354329679824104
2021-10-26 20:00:00;66.86636206718373;90.0;56.55108166811954
2021-10-26 21:00:00;67.45789666110926;90.0;56.929564241776234
2021-10-26 22:00:00;60.081178501320416;90.0;59.696240865118966
2021-10-26 23:00:00;44.18496029774101;90.0;58.87582918230191
2021-10-27 00:00:00;56.31329473584757;90.0;56.15596351103284
2021-10-27 01:00:00;52.57755774403227;90.0;58.12530770418317
2021-10-27 02:00:00;51.003185018347345;90.0;58.54999570692098
2021-10-27 03:00:00;55.70046522662622;90.0;56.42363629771086
2021-10-27 04:00:00;82.03911330593535;90.0;56.83883936073778
2021-10-27 05:00:00;122.42520166392298;90.0;57.36934030810323
2021-10-27 06:00:00;146.64824832528822;90.0;57.59778443222751
2021-10-27 07:00:00;130.9038003621073;90.0;60.46562655336169
2021-10-27 08:00:00;122.99859921959049;90.0;60.68524281421162
2021-10-27 09:00:00;114.9430281370562;90.0;60.747581957470004
2021-10-27 10:00:00;108.98707512168143;90.0;60.5342434910126
2021-10-27 11:00:00;103.27843520327578;90.0;60.40156521540746
2021-10-27 12:00:00;100.94412945150579;90.0;60.36702341144513
2021-10-27 13:00:00;97.71671500172322;90.0;60.52717378700771
2021-10-27 14:00:00;93.36487991931631;90.0;60.29459306119679
2021-10-27 15:00:00;92.65587102090907;90.0;59.93911142657606
2021-10-27 16:00:00;92.5494181887357;90.0;59.55783245989443
2021-10-27 17:00:00;96.10799036788748;90.0;58.495585955706304
2021-10-27 18:00:00;105.06169729651543;90.0;57.3317649989732
2021-10-27 19:00:00;115.46937034076491;90.0;57.350875546398754
2021-10-27 20:00:00;120.69370644257508;90.0;57.32531378022105
2021-10-27 21:00:00;119.62046352781492;90.0;58.06647109055314
2021-10-27 22:00:00;99.4212306032297;90.0;60.39610448731156
2021-10-27 23:00:00;72.36928657253428;90.0;60.11383318991591
2021-10-28 00:00:00;59.31852217848206;90.0;59.61988419691892
2021-10-28 01:00:00;52.036492888538554;90.0;59.27762530720082
2021-10-28 02:00:00;51.581858648789265;90.0;58.87434821071372
2021-10-28 03:00:00;56.36573976212426;90.0;56.63788591898526
2021-10-28 04:00:00;86.83082175107702;90.0;56.998886279770545
2021-10-28 05:00:00;131.38582656078677;90.0;57.387190272467194
2021-10-28 06:00:00;162.44237545729877;90.0;57.56581357797353
2021-10-28 07:00:00;143.07208459814098;90.0;60.74630627031064
2021-10-28 08:00:00;132.50217174590526;90.0;60.99124097527016
2021-10-28 09:00:00;123.09353656978166;90.0;60.71004970923633
2021-10-28 10:00:00;116.26633824378976;90.0;60.60996018458724
2021-10-28 11:00:00;109.83085586586655;90.0;60.52438042132462
2021-10-28 12:00:00;107.3231429712357;90.0;60.48159409061725
2021-10-28 13:00:00;103.9617090500827;90.0;60.618430259859224
2021-10-28 14:00:00;99.4536541188449;90.0;60.36814881995076
2021-10-28 15:00:00;99.19127380319946;90.0;59.9173081776928
2021-10-28 16:00:00;99.93644306292778;90.0;59.396199752037546
2021-10-28 17:00:00;103.64959703518676;90.0;58.44063661396524
2021-10-28 18:00:00;112.5173817797101;90.0;57.44760925022325
2021-10-28 19:00:00;122.98636133640221;90.0;57.16666754267686
2021-10-28 20:00:00;128.3459171248767;90.0;57.498178224835215
2021-10-28 21:00:00;126.61687828444794;90.0;58.29415047798625
2021-10-28 22:00:00;104.9597032824619;90.0;60.54611580029115
2021-10-28 23:00:00;76.63629115253195;90.0;60.156737371530426
2021-10-29 00:00:00;67.78235668058765;90.0;60.000725432468585
2021-10-29 01:00:00;60.31450391828168;90.0;59.602808117657105
2021-10-29 02:00:00;59.472244508142374;90.0;59.32756499625776
2021-10-29 03:00:00;65.7806821844207;90.0;56.80051770095014
2021-10-29 04:00:00;99.93795402859124;90.0;57.16959268678238
2021-10-29 05:00:00;151.45846449058445;90.0;57.47669800809962
2021-10-29 06:00:00;186.41175194488338;90.0;57.66946119175714
2021-10-29 07:00:00;164.76250609863322;90.0;60.77694166041255
2021-10-29 08:00:00;153.23352494260513;90.0;61.016432592168826
2021-10-29 09:00:00;142.54055126721985;90.0;60.99872094715886
2021-10-29 10:00:00;134.75741456342507;90.0;60.825162782151665
2021-10-29 11:00:00;127.04630360297449;90.0;60.7479638280372
2021-10-29 12:00:00;124.05927150864689;90.0;60.704614217373944
2021-10-29 13:00:00;119.21247000033861;90.0;60.67075607248364
2021-10-29 14:00:00;111.99791077272994;90.0;60.645040483506136
2021-10-29 15:00:00;109.94026382127025;90.0;60.48090958948825
2021-10-29 16:00:00;129.93778617111334;90.0;57.351637625702494
2021-10-29 17:00:00;136.0689035252752;90.0;57.56569830096322
2021-10-29 18:00:00;142.09480632404802;90.0;57.36916865263703
2021-10-29 19:00:00;146.7077938524698;90.0;57.50959663763933
2021-10-29 20:00:00;146.56329921062115;90.0;58.0766670978021
2021-10-29 21:00:00;135.97250883521946;90.0;59.98720871482982
2021-10-29 22:00:00;115.84755881918086;90.0;60.600939733534574
2021-10-29 23:00:00;88.24970571042748;90.0;60.306556157530906
2021-10-30 00:00:00;101.05895965231015;90.0;56.963152568565306
2021-10-30 01:00:00;108.88768817552555;90.0;57.09416239031452
2021-10-30 02:00:00;108.24852665492642;90.0;57.817879212237585
2021-10-30 03:00:00;115.45157805553242;90.0;57.42991964189042
2021-10-30 04:00:00;141.656922156549;90.0;57.544702792096814
2021-10-30 05:00:00;209.43907772061672;90.0;57.62148023750592
2021-10-30 06:00:00;209.53803306617502;90.0;58.19395831316217
2021-10-30 07:00:00;205.48742195353273;90.0;58.99712420229781
2021-10-30 08:00:00;209.2388989064276;90.0;58.74496547917039
2021-10-30 09:00:00;192.8578414055528;90.0;60.64566758112238
2021-10-30 10:00:00;187.50010742354524;90.0;60.83297327419325
2021-10-30 11:00:00;180.33218109004878;90.0;61.17657831012525
2021-10-30 12:00:00;177.1477207730044;90.0;60.98249045052319
2021-10-30 13:00:00;174.49398969794925;90.0;60.78575975749351
2021-10-30 14:00:00;173.35236047268089;90.0;60.4695593392961
2021-10-30 15:00:00;177.98904620955366;90.0;59.56564998346079
2021-10-30 16:00:00;187.11695123236854;90.0;58.43844138836789
2021-10-30 17:00:00;197.89460087328828;90.0;57.53867362197792
2021-10-30 18:00:00;205.78927159665514;90.0;57.988542637943965
2021-10-30 19:00:00;205.91062274513604;90.0;58.43278726547396
2021-10-30 20:00:00;202.55421962834322;90.0;59.088904764016945
2021-10-30 21:00:00;185.7203093339072;90.0;60.97270647845289
2021-10-30 22:00:00;160.70380845302427;90.0;60.78982537619868
2021-10-30 23:00:00;120.55781594554814;90.0;60.80039353961837
2021-10-31 00:00:00;105.4548303148343;90.0;60.52771332671881
2021-10-31 01:00:00;114.58883065903115;90.0;58.28668276975503
2021-10-31 02:00:00;116.16906270753438;90.0;58.20871932728363
2021-10-31 03:00:00;123.61978191228202;90.0;57.249027911883445
2021-10-31 04:00:00;152.91542207626642;90.0;57.50953523732767
2021-10-31 05:00:00;227.08912101638631;90.0;57.632082442293665
2021-10-31 06:00:00;227.1937783976339;90.0;58.21478038304366
2021-10-31 07:00:00;224.04666431395478;90.0;58.908031842262744
2021-10-31 08:00:00;219.10992817690078;90.0;59.54609655228376
2021-10-31 09:00:00;214.72324433700652;90.0;59.93372823927115
2021-10-31 10:00:00;209.38606196904036;90.0;60.298578912390155
2021-10-31 11:00:00;202.41471916428787;90.0;60.72386414987591
2021-10-31 12:00:00;187.2659426793993;90.0;61.14823841659188
2021-10-31 13:00:00;182.3834271416303;90.0;61.14467736727562
2021-10-31 14:00:00;183.84694425630477;90.0;60.43728935773834
2021-10-31 15:00:00;190.01346178370295;90.0;59.417988853568374
2021-10-31 16:00:00;211.87155443292204;90.0;57.8521818647821
2021-10-31 17:00:00;219.30650119992657;90.0;57.623180169896216
2021-10-31 18:00:00;224.80566261911179;90.0;57.68386783010902
2021-10-31 19:00:00;224.68680958267277;90.0;58.26883904788167
2021-10-31 20:00:00;221.7357643645934;90.0;58.92714713225223
2021-10-31 21:00:00;203.20443142861126;90.0;60.894504802441816
2021-10-31 22:00:00;174.162902447859;90.0;60.810462204158284
2021-10-31 23:00:00;130.41562181252695;90.0;60.890811814857955
2021-11-01 00:00:00;103.50405332648086;90.0;60.41598339517191
2021-11-01 01:00:00;112.2624856473523;90.0;58.23988756266408
2021-11-01 02:00:00;113.14745544071172;90.0;58.29364485014594
2021-11-01 03:00:00;121.10127143042767;90.0;57.17581921804236
2021-11-01 04:00:00;150.09501956606044;90.0;57.477056984529554
2021-11-01 05:00:00;223.18498335397467;90.0;57.61880595033574
2021-11-01 06:00:00;223.1541656955286;90.0;58.2159274833258
2021-11-01 07:00:00;220.63689644143346;90.0;58.85089071626504
2021-11-01 08:00:00;215.23771445208862;90.0;59.556779737390286
2021-11-01 09:00:00;210.91446644677015;90.0;59.93918746497019
2021-11-01 10:00:00;195.86135554417217;90.0;61.29346400925033
2021-11-01 11:00:00;189.26269963304063;90.0;60.88584768525277
2021-11-01 12:00:00;184.69143579768954;90.0;60.921342212209936
2021-11-01 13:00:00;180.64078205315562;90.0;60.89514107733589
2021-11-01 14:00:00;178.74024541792002;90.0;60.63618075092921
2021-11-01 15:00:00;199.4646516309818;90.0;57.93849341562429
2021-11-01 16:00:00;207.85843956910364;90.0;57.52677828171403
2021-11-01 17:00:00;215.022012209053;90.0;57.76113159607371
2021-11-01 18:00:00;219.45349137281684;90.0;57.86802425930506
2021-11-01 19:00:00;218.86405397870473;90.0;58.43412835521184
2021-11-01 20:00:00;214.34288181686824;90.0;59.19458040183321
2021-11-01 21:00:00;196.7034200380897;90.0;61.03695766574191
2021-11-01 22:00:00;170.85067068721122;90.0;61.02500293095096
2021-11-01 23:00:00;128.0850390054222;90.0;60.90935681006914
2021-11-02 00:00:00;95.4529948485947;90.0;60.49796549249186
2021-11-02 01:00:00;101.74055538950749;90.0;58.63052456570409
2021-11-02 02:00:00;103.55801712724443;90.0;58.3143586091486
2021-11-02 03:00:00;110.71468369062971;90.0;57.18616326379549
2021-11-02 04:00:00;135.62710017849847;90.0;57.486805263228064
2021-11-02 05:00:00;203.85581984451596;90.0;57.66222446240192
2021-11-02 06:00:00;210.98788760261453;90.0;57.72446722836452
2021-11-02 07:00:00;204.19406949275464;90.0;58.96650381017764
2021-11-02 08:00:00;196.37435096934828;90.0;59.91690079329334
2021-11-02 09:00:00;181.62404583788938;90.0;61.02532894826709
2021-11-02 10:00:00;174.52599847992857;90.0;61.00811673250962
2021-11-02 11:00:00;168.85937937259837;90.0;60.99866015083467
2021-11-02 12:00:00;164.43352113489348;90.0;61.017478194469334
2021-11-02 13:00:00;161.8616751046204;90.0;60.80603594485666
2021-11-02 14:00:00;161.4130319191227;90.0;60.388402663879276
2021-11-02 15:00:00;167.1155693989786;90.0;59.31877977026767
2021-11-02 16:00:00;176.16359369735648;90.0;58.19518461413355
2021-11-02 17:00:00;186.43531221296755;90.0;57.533799812892994
2021-11-02 18:00:00;197.03858363765238;90.0;57.74415709912222
2021-11-02 19:00:00;205.7568587787149;90.0;57.86541051124533
2021-11-02 20:00:00;206.18710341398946;90.0;58.31968092036942
2021-11-02 21:00:00;190.04509394941695;90.0;60.36411886361378
2021-11-02 22:00:00;160.15721313809513;90.0;60.83066012501388
2021-11-02 23:00:00;120.84490135871862;90.0;60.776855197853706
2021-11-03 00:00:00;93.93318676980593;90.0;60.3109754606686
2021-11-03 01:00:00;104.13720497271565;90.0;57.67253759474039
2021-11-03 02:00:00;93.96969779214791;90.0;60.16445146605531
2021-11-03 03:00:00;103.69865940388391;90.0;57.66358463047118
2021-11-03 04:00:00;145.95551951420558;90.0;57.62744749461103
2021-11-03 05:00:00;211.03630427672073;90.0;57.70590019608545
2021-11-03 06:00:00;204.1859296040471;90.0;58.958782175807016
2021-11-03 07:00:00;211.59274467524384;90.0;58.34619097001365
2021-11-03 08:00:00;203.7861677707143;90.0;59.47833434038944
2021-11-03 09:00:00;187.10764426409511;90.0;61.20503391277856
2021-11-03 10:00:00;179.3940592925679;90.0;60.85297935077131
2021-11-03 11:00:00;173.61817163090808;90.0;61.05450622976542
2021-11-03 12:00:00;169.15129087784723;90.0;61.05411801790126
2021-11-03 13:00:00;165.37928625958855;90.0;60.976671985980715
2021-11-03 14:00:00;164.8895299857851;90.0;60.51886799499067
2021-11-03 15:00:00;171.649995958331;90.0;59.303134134355275
2021-11-03 16:00:00;181.70781907522607;90.0;58.10054492684168
2021-11-03 17:00:00;192.69327285811744;90.0;57.93870717656404
2021-11-03 18:00:00;204.77758308115204;90.0;57.854019148702776
2021-11-03 19:00:00;215.8892763544612;90.0;57.94515644571749
2021-11-03 20:00:00;216.57545371217617;90.0;58.35730687837781
2021-11-03 21:00:00;198.7118677201558;90.0;60.491500085972746
2021-11-03 22:00:00;166.88529184179376;90.0;60.83529785002111
2021-11-03 23:00:00;125.53356227470583;90.0;60.83368387757059
2021-11-04 00:00:00;94.0051248517115;90.0;60.436290377318244
2021-11-04 01:00:00;99.05918189607075;90.0;58.816493352970895
2021-11-04 02:00:00;100.23876964014276;90.0;58.55149365396625
2021-11-04 03:00:00;106.76607266304553;90.0;57.304542060970164
2021-11-04 04:00:00;130.8372798086048;90.0;57.48113632668475
2021-11-04 05:00:00;190.58247318379935;90.0;57.626404483387375
2021-11-04 06:00:00;190.06535936647992;90.0;58.24752408970983
2021-11-04 07:00:00;197.1965803341988;90.0;57.82118707633566
2021-11-04 08:00:00;189.41440683663828;90.0;59.173707066100974
2021-11-04 09:00:00;175.35444694789288;90.0;60.818698385400864
2021-11-04 10:00:00;168.112735646427;90.0;61.21551771826489
2021-11-04 11:00:00;161.4219146438876;90.0;60.79424888266544
2021-11-04 12:00:00;158.64108498629923;90.0;60.67696235612391
2021-11-04 13:00:00;157.39783584248445;90.0;60.39644218692541
2021-11-04 14:00:00;156.93890934261805;90.0;60.096066713643154
2021-11-04 15:00:00;162.71790974545425;90.0;59.075298512546
2021-11-04 16:00:00;171.15535063735646;90.0;58.06642861398973
2021-11-04 17:00:00;180.21862536701008;90.0;57.473503247785914
2021-11-04 18:00:00;189.212422006609;90.0;57.79941436482602
2021-11-04 19:00:00;195.605041236038;90.0;57.59585694095239
2021-11-04 20:00:00;194.97692795320717;90.0;58.24358497350835
2021-11-04 21:00:00;178.92072185203213;90.0;60.392594099112785
2021-11-04 22:00:00;152.0463136446704;90.0;60.85345890727018
2021-11-04 23:00:00;115.20804412761996;90.0;60.70766811062168
2021-11-05 00:00:00;74.49531598209052;90.0;60.12257373930572
2021-11-05 01:00:00;81.72457878946798;90.0;57.654610305795245
2021-11-05 02:00:00;76.26500525596535;90.0;59.3490515089091
2021-11-05 03:00:00;83.22955834286674;90.0;57.23111338054713
2021-11-05 04:00:00;111.96229787006213;90.0;57.24623345052089
2021-11-05 05:00:00;161.17422443230555;90.0;57.56683046202471
2021-11-05 06:00:00;165.26661153948402;90.0;57.58191177376733
2021-11-05 07:00:00;159.87966210927033;90.0;58.82878930642772
2021-11-05 08:00:00;155.23114590404805;90.0;59.571210792605086
2021-11-05 09:00:00;146.68986221843883;90.0;60.61879946081763
2021-11-05 10:00:00;148.85310806808428;90.0;59.87364936047328
2021-11-05 11:00:00;139.80450571669255;90.0;60.93567880810144
2021-11-05 12:00:00;136.14387160096456;90.0;60.921941533748395
2021-11-05 13:00:00;131.08158813981927;90.0;60.80935343687776
2021-11-05 14:00:00;123.01966449904404;90.0;60.78612001283534
2021-11-05 15:00:00;121.44119234358863;90.0;60.50000952461522
2021-11-05 16:00:00;142.85880162911718;90.0;57.468147837456854
2021-11-05 17:00:00;149.57902271259852;90.0;57.66007885607581
2021-11-05 18:00:00;155.8855386522651;90.0;57.49148629008994
2021-11-05 19:00:00;161.22663897014576;90.0;57.574900872402736
2021-11-05 20:00:00;161.35698982769583;90.0;58.104743726470986
2021-11-05 21:00:00;148.69882367717946;90.0;60.16962577249893
2021-11-05 22:00:00;125.94578573671082;90.0;60.77841332330797
2021-11-05 23:00:00;95.78699945761869;90.0;60.459145551287975
2021-11-06 00:00:00;84.23134510501075;90.0;60.34299243590709
2021-11-06 01:00:00;91.7988249916933;90.0;58.005459920823796
2021-11-06 02:00:00;84.84235440854607;90.0;59.83321824185646
2021-11-06 03:00:00;92.6717143105362;90.0;57.600323103988615
2021-11-06 04:00:00;126.66478179267702;90.0;57.31054341806845
2021-11-06 05:00:00;182.87657065095433;90.0;57.62248970953186
2021-11-06 06:00:00;188.51284746314576;90.0;57.53191126439657
2021-11-06 07:00:00;182.22460419976352;90.0;58.84224163569587
2021-11-06 08:00:00;176.18743143644147;90.0;59.698009847697165
2021-11-06 09:00:00;164.56556680164522;90.0;60.973158857426995
2021-11-06 10:00:00;159.1599388518251;90.0;61.131460426606
2021-11-06 11:00:00;154.4746517014878;90.0;61.0648802030957
2021-11-06 12:00:00;151.92646960808335;90.0;60.84048861511076
2021-11-06 13:00:00;149.32466138584266;90.0;60.69082454825195
2021-11-06 14:00:00;148.46530085731575;90.0;60.34702668998341
2021-11-06 15:00:00;152.22403429757247;90.0;59.47043763127431
2021-11-06 16:00:00;159.66089885388703;90.0;58.38637402227255
2021-11-06 17:00:00;168.28136433321163;90.0;57.5448788705433
2021-11-06 18:00:00;177.3886156002459;90.0;57.75110707657166
2021-11-06 19:00:00;185.41154688971656;90.0;57.66533577260293
2021-11-06 20:00:00;186.38006248589764;90.0;58.101762824403636
2021-11-06 21:00:00;171.36076588993322;90.0;60.25165726258717
2021-11-06 22:00:00;144.88123898908592;90.0;60.92084519484837
2021-11-06 23:00:00;109.4251476027541;90.0;60.685365816238686
2021-11-07 00:00:00;87.67642009674553;90.0;60.330689174119584
2021-11-07 01:00:00;97.83022142828283;90.0;57.52087613556023
2021-11-07 02:00:00;101.20127742953382;90.0;57.218207351402214
2021-11-07 03:00:00;107.77724377461162;90.0;57.245073010533986
2021-11-07 04:00:00;136.82667989735987;90.0;57.41410984343037
2021-11-07 05:00:00;197.19929615136653;90.0;57.669424975342224
2021-11-07 06:00:00;205.18974557515915;90.0;57.728959305421256
2021-11-07 07:00:00;186.57661822530946;90.0;60.259493505724436
2021-11-07 08:00:00;190.25021385903378;90.0;59.57645508763102
2021-11-07 09:00:00;176.47219379195502;90.0;61.050277483463105
2021-11-07 10:00:00;169.84612742532835;90.0;60.98027515433262
2021-11-07 11:00:00;164.08387677311316;90.0;60.949443870627135
2021-11-07 12:00:00;161.13861586634874;90.0;60.80537387015039
2021-11-07 13:00:00;159.30054835799268;90.0;60.564348742660286
2021-11-07 14:00:00;159.24805605410052;90.0;60.16401881807326
2021-11-07 15:00:00;163.75497719360393;90.0;59.29869156021857
2021-11-07 16:00:00;172.08741759298934;90.0;58.242586111655726
2021-11-07 17:00:00;181.21926482154007;90.0;57.48125520892097
2021-11-07 18:00:00;191.16303385297093;90.0;57.73721201914145
2021-11-07 19:00:00;200.18654322550574;90.0;57.88024646539736
2021-11-07 20:00:00;201.0099815235899;90.0;58.281758213770786
2021-11-07 21:00:00;183.979633438867;90.0;60.47737299510044
2021-11-07 22:00:00;155.00359849653336;90.0;60.84248558053889
2021-11-07 23:00:00;117.25603796822872;90.0;60.73401786855493
2021-11-08 00:00:00;84.44761671723856;90.0;60.26143005036016
2021-11-08 01:00:00;93.06950407015609;90.0;57.71442684354463
2021-11-08 02:00:00;96.29188727693976;90.0;57.32357903075524
2021-11-08 03:00:00;93.27531641822041;90.0;58.454722952829684
2021-11-08 04:00:00;129.8884155653751;90.0;57.3608194021549
2021-11-08 05:00:00;187.32840964680415;90.0;57.64130013386114
2021-11-08 06:00:00;193.71322481308707;90.0;57.591558994487116
2021-11-08 07:00:00;186.8719554054523;90.0;58.93051210159871
2021-11-08 08:00:00;180.3205863981018;90.0;59.80482996195252
2021-11-08 09:00:00;167.95557837919674;90.0;61.00854328909952
2021-11-08 10:00:00;161.82151791238937;90.0;61.02651523121739
2021-11-08 11:00:00;156.528431044977;90.0;60.940161783760004
2021-11-08 12:00:00;153.9830373891586;90.0;60.752171326797225
2021-11-08 13:00:00;151.41501548821253;90.0;60.6239153226158
2021-11-08 14:00:00;151.22007218507454;90.0;60.21268047513263
2021-11-08 15:00:00;155.57983130074538;90.0;59.30976891091217
2021-11-08 16:00:00;163.2831665685811;90.0;58.26653904784723
2021-11-08 17:00:00;172.07384156365038;90.0;57.471307097020144
2021-11-08 18:00:00;180.83317592398225;90.0;57.76890665138609
2021-11-08 19:00:00;187.96584646039184;90.0;57.44942209159041
2021-11-08 20:00:00;186.96788548274668;90.0;58.18369801209826
2021-11-08 21:00:00;171.95222872689993;90.0;60.29852797975093
2021-11-08 22:00:00;145.6701697074744;90.0;60.70989770509203
2021-11-08 23:00:00;109.83618887764442;90.0;60.657730247395136
2021-11-09 00:00:00;87.70701830938278;90.0;60.34616790538172
2021-11-09 01:00:00;96.0589870295387;90.0;57.92137869458844
2021-11-09 02:00:00;89.22200112352984;90.0;59.699986515529304
2021-11-09 03:00:00;97.16528466367554;90.0;57.58906199644741
2021-11-09 04:00:00;132.49639933471207;90.0;57.347648793510984
2021-11-09 05:00:00;191.80183216121875;90.0;57.63769019120747
2021-11-09 06:00:00;198.42591151455596;90.0;57.585206693079954
2021-11-09 07:00:00;191.94131424777066;90.0;58.87385830332164
2021-11-09 08:00:00;185.32684559487936;90.0;59.75967203624714
2021-11-09 09:00:00;171.6486311848506;90.0;61.09465331394671
2021-11-09 10:00:00;164.80390887332575;90.0;60.837954531730475
2021-11-09 11:00:00;159.2205553589263;90.0;60.95533650212195
2021-11-09 12:00:00;155.65910221944088;90.0;60.8925748199357
2021-11-09 13:00:00;152.68861478550588;90.0;60.77474871707966
2021-11-09 14:00:00;152.0625697730324;90.0;60.37856223091916
2021-11-09 15:00:00;157.96468987643334;90.0;59.22757375804821
2021-11-09 16:00:00;166.89726743770495;90.0;58.07110760045117
2021-11-09 17:00:00;176.42092996106564;90.0;57.626603798998076
2021-11-09 18:00:00;186.125821686712;90.0;57.79323069853115
2021-11-09 19:00:00;194.32338290979368;90.0;57.72510680829049
2021-11-09 20:00:00;194.08092715735313;90.0;58.28649211612668
2021-11-09 21:00:00;178.41916826881294;90.0;60.38292952030241
2021-11-09 22:00:00;150.54269569091056;90.0;60.78564051054968
2021-11-09 23:00:00;113.54633605490314;90.0;60.70674555774758
2021-11-10 00:00:00;80.11044341436852;90.0;60.17132216323836
2021-11-10 01:00:00;88.02279305268475;90.0;57.69050069921457
2021-11-10 02:00:00;82.1601436471618;90.0;59.40804360055472
2021-11-10 03:00:00;89.62647394675352;90.0;57.31449202066659
2021-11-10 04:00:00;120.99260233016051;90.0;57.29665196765285
2021-11-10 05:00:00;174.40681522907417;90.0;57.605166950719706
2021-11-10 06:00:00;179.56120905613685;90.0;57.53742731572896
2021-11-10 07:00:00;173.6928366356328;90.0;58.82073490765384
2021-11-10 08:00:00;168.22687032587552;90.0;59.637105771283586
2021-11-10 09:00:00;158.040930429927;90.0;60.80355221771731
2021-11-10 10:00:00;152.65622888555964;90.0;61.02759037991825
2021-11-10 11:00:00;147.730960087144;90.0;61.0385049924987
2021-11-10 12:00:00;145.12050913596224;90.0;60.833759663256046
2021-11-10 13:00:00;142.77303850934524;90.0;60.653778833839
2021-11-10 14:00:00;142.35965543454608;90.0;60.249864366971565
2021-11-10 15:00:00;146.2739863515093;90.0;59.34670226801245
2021-11-10 16:00:00;153.73232582560098;90.0;58.24756709953681
2021-11-10 17:00:00;161.43564902230955;90.0;57.52087538948717
2021-11-10 18:00:00;169.34319178546392;90.0;57.794071796518324
2021-11-10 19:00:00;175.94551451443698;90.0;57.462780729467624
2021-11-10 20:00:00;175.65781484769053;90.0;58.10070515155223
2021-11-10 21:00:00;161.7694755772824;90.0;60.20189592440323
2021-11-10 22:00:00;137.460561473366;90.0;60.83036401624781
2021-11-10 23:00:00;103.8198616806796;90.0;60.607529321237905
2021-11-11 00:00:00;81.56910128638194;90.0;60.107840713497126
2021-11-11 01:00:00;89.86751550097551;90.0;57.598201315351105
2021-11-11 02:00:00;83.0171976124854;90.0;59.57017509837567
2021-11-11 03:00:00;91.10093474095534;90.0;57.30871198116262
2021-11-11 04:00:00;123.76475031198116;90.0;57.284264577175634
2021-11-11 05:00:00;178.77945528538694;90.0;57.60830131541718
2021-11-11 06:00:00;184.1083103602643;90.0;57.53915167089946
2021-11-11 07:00:00;178.13080784720498;90.0;58.82264356654434
2021-11-11 08:00:00;172.33408381523668;90.0;59.667145935604026
2021-11-11 09:00:00;160.9373582629821;90.0;60.95051387103416
2021-11-11 10:00:00;155.26710565344663;90.0;61.15952869230472
2021-11-11 11:00:00;150.12168217971254;90.0;60.8306616180451
2021-11-11 12:00:00;147.27430448571002;90.0;60.71802227520686
2021-11-11 13:00:00;144.95803782923218;90.0;60.56704233045298
2021-11-11 14:00:00;144.59565963357718;90.0;60.18478254974133
2021-11-11 15:00:00;149.0114133025058;90.0;59.24346160789548
2021-11-11 16:00:00;156.92153997036877;90.0;58.13803493782126
2021-11-11 17:00:00;164.9986130949083;90.0;57.42325699915074
2021-11-11 18:00:00;173.16911835660198;90.0;57.751874987243355
2021-11-11 19:00:00;180.0290072383927;90.0;57.53529897632194
2021-11-11 20:00:00;178.84422769458143;90.0;58.25975524553604
2021-11-11 21:00:00;165.03295864509226;90.0;60.26968884927368
2021-11-11 22:00:00;139.74702381394715;90.0;60.78967269849767
2021-11-11 23:00:00;105.3281485116659;90.0;60.62889713272102
2021-11-12 00:00:00;74.96615752980348;90.0;60.11145326644839
2021-11-12 01:00:00;81.94316088917896;90.0;57.72312332706673
2021-11-12 02:00:00;76.92758789839219;90.0;59.272531807303324
2021-11-12 03:00:00;83.60788571123979;90.0;57.26692742655416
2021-11-12 04:00:00;111.84199058490611;90.0;57.274099468926465
2021-11-12 05:00:00;161.36100173044002;90.0;57.562908877902714
2021-11-12 06:00:00;166.07861040679194;90.0;57.499594955209545
2021-11-12 07:00:00;160.7689005014176;90.0;58.76267747842098
2021-11-12 08:00:00;155.60115682637672;90.0;59.59372639789035
2021-11-12 09:00:00;146.2783623394844;90.0;60.739849498755746
2021-11-12 10:00:00;149.2311368091991;90.0;59.84897573157946
2021-11-12 11:00:00;139.66265967259062;90.0;60.991225231964165
2021-11-12 12:00:00;136.1452624920103;90.0;60.94009267562552
2021-11-12 13:00:00;131.24442387496936;90.0;60.799280169364636
2021-11-12 14:00:00;123.79139156203722;90.0;60.71172655351711
2021-11-12 15:00:00;121.12380986946897;90.0;60.629157274057434
2021-11-12 16:00:00;142.5415273286502;90.0;57.52350049279926
2021-11-12 17:00:00;149.62475759001438;90.0;57.6476526691207
2021-11-12 18:00:00;156.08805505869157;90.0;57.46539106959585
2021-11-12 19:00:00;161.22735682824728;90.0;57.58441869882654
2021-11-12 20:00:00;161.18965237404146;90.0;58.13309244995634
2021-11-12 21:00:00;148.54819470083078;90.0;60.18728375272167
2021-11-12 22:00:00;126.27107484130768;90.0;60.75319452240706
2021-11-12 23:00:00;95.59548806622864;90.0;60.478372570302724
2021-11-13 00:00:00;69.24474537097849;90.0;59.854397955606885
2021-11-13 01:00:00;75.58133202717453;90.0;57.52943198430194
2021-11-13 02:00:00;71.23140685318037;90.0;59.021191677024206
2021-11-13 03:00:00;77.70295666902666;90.0;56.978183275632944
2021-11-13 04:00:00;102.95080829907981;90.0;57.21426239843299
2021-11-13 05:00:00;148.2586486445965;90.0;57.51882044220014
2021-11-13 06:00:00;152.24445446053272;90.0;57.499708184640724
2021-11-13 07:00:00;147.33430353767366;90.0;58.74694228779322
2021-11-13 08:00:00;142.8041051726246;90.0;59.53012473298293
2021-11-13 09:00:00;134.6028841772592;90.0;60.618578035735766
2021-11-13 10:00:00;137.06448275849195;90.0;59.77776412200535
2021-11-13 11:00:00;128.48624730908983;90.0;60.88405303368586
2021-11-13 12:00:00;125.22511789683375;90.0;60.84251681503986
2021-11-13 13:00:00;120.4699986429423;90.0;60.738525936526
2021-11-13 14:00:00;113.89617173988601;90.0;60.59742239021807
2021-11-13 15:00:00;113.27668713173075;90.0;60.18881269006653
2021-11-13 16:00:00;113.55039030389747;90.0;59.74068197899243
2021-11-13 17:00:00;118.69480631278354;90.0;58.56350166118892
2021-11-13 18:00:00;130.18953290932896;90.0;57.51771489228054
2021-11-13 19:00:00;143.19744539134408;90.0;57.428125019244305
2021-11-13 20:00:00;149.48023378702325;90.0;57.56121114858411
2021-11-13 21:00:00;147.57527819007842;90.0;58.36403289737996
2021-11-13 22:00:00;121.66650126882797;90.0;60.748337088709775
2021-11-13 23:00:00;88.4707662738869;90.0;60.28464466226592
2021-11-14 00:00:00;50.59459737339009;90.0;59.09403128214956
2021-11-14 01:00:00;46.54800404353523;90.0;58.88080699506634
2021-11-14 02:00:00;45.65153560890647;90.0;58.70216669418534
2021-11-14 03:00:00;49.93382784443311;90.0;56.3978769793128
2021-11-14 04:00:00;73.11788034841395;90.0;56.59623485689434
2021-11-14 05:00:00;108.43903306925397;90.0;57.28089022712726
2021-11-14 06:00:00;128.86638734785157;90.0;57.55399722609468
2021-11-14 07:00:00;115.19278341442768;90.0;60.365905800831854
2021-11-14 08:00:00;108.06240158524433;90.0;60.58393875278591
2021-11-14 09:00:00;100.5934323220443;90.0;60.56614361781749
2021-11-14 10:00:00;95.99723417841115;90.0;60.25974993991139
2021-11-14 11:00:00;95.84982433747308;90.0;59.80433707860584
2021-11-14 12:00:00;95.61875152351587;90.0;59.50587703524354
2021-11-14 13:00:00;84.75509944310299;90.0;60.13267421976019
2021-11-14 14:00:00;84.31144280130376;90.0;59.7312956999437
2021-11-14 15:00:00;84.08120722116416;90.0;59.40086428722623
2021-11-14 16:00:00;85.85481936312426;90.0;58.69064251159591
2021-11-14 17:00:00;89.16044256985998;90.0;57.866729600513224
2021-11-14 18:00:00;95.32858114264555;90.0;57.07187275813209
2021-11-14 19:00:00;102.88428976286924;90.0;56.97809439458558
2021-11-14 20:00:00;106.66108914152674;90.0;57.071304432889974
2021-11-14 21:00:00;105.26879336802614;90.0;57.9473376608064
2021-11-14 22:00:00;87.4382494661609;90.0;60.23496362805963
2021-11-14 23:00:00;64.59038133475156;90.0;59.79039885557722
2021-11-15 00:00:00;60.48410346279748;90.0;59.69922928571634
2021-11-15 01:00:00;54.16026464162747;90.0;59.45007881798108
2021-11-15 02:00:00;52.90888759849649;90.0;59.318022729828385
2021-11-15 03:00:00;57.185934875480825;90.0;57.184179945288065
2021-11-15 04:00:00;88.4670306578603;90.0;56.947261456184094
2021-11-15 05:00:00;134.12656478923998;90.0;57.390527235114234
2021-11-15 06:00:00;167.68119592104557;90.0;57.51959724624356
2021-11-15 07:00:00;127.41184935660206;90.0;60.67166369892965
2021-11-15 08:00:00;134.9261678275358;90.0;58.9900142076217
2021-11-15 09:00:00;125.20003380390634;90.0;60.55710902753685
2021-11-15 10:00:00;118.12367657247101;90.0;60.5629639828702
2021-11-15 11:00:00;111.7068844619307;90.0;60.49778584269234
2021-11-15 12:00:00;109.32795773565664;90.0;60.4384786725069
2021-11-15 13:00:00;106.15826729328893;90.0;60.54801978608009
2021-11-15 14:00:00;101.07999328124309;90.0;60.41360739669278
2021-11-15 15:00:00;100.64850649554488;90.0;59.989302489493525
2021-11-15 16:00:00;100.28182290349403;90.0;59.67968943231932
2021-11-15 17:00:00;102.4606958175721;90.0;58.94848860188131
2021-11-15 18:00:00;112.07760701484493;90.0;57.0221234667772
2021-11-15 19:00:00;125.14383421027061;90.0;57.40134286076966
2021-11-15 20:00:00;131.29324891332237;90.0;57.54663356363642
2021-11-15 21:00:00;130.47072834421746;90.0;58.181855300927396
2021-11-15 22:00:00;108.01514646109106;90.0;60.549217196878715
2021-11-15 23:00:00;78.18591163134634;90.0;60.08297195381783
2021-11-16 00:00:00;62.6637096602579;90.0;59.87576250860832
2021-11-16 01:00:00;54.69174098639663;90.0;59.343347243677215
2021-11-16 02:00:00;54.61383275856547;90.0;58.8159437839833
2021-11-16 03:00:00;60.111641294780824;90.0;56.49117005842169
2021-11-16 04:00:00;91.95326268330105;90.0;57.057073629629315
2021-11-16 05:00:00;139.49024040157803;90.0;57.41993186852841
2021-11-16 06:00:00;137.41897534096006;90.0;58.29837568468167
2021-11-16 07:00:00;133.4760489552206;90.0;59.167854028702095
2021-11-16 08:00:00;142.10746200004988;90.0;57.826728456484204
2021-11-16 09:00:00;131.70614592057967;90.0;59.835853767393075
2021-11-16 10:00:00;124.41606062153613;90.0;60.755653480567105
2021-11-16 11:00:00;116.87761291188124;90.0;60.7177022032331
2021-11-16 12:00:00;114.12002777258114;90.0;60.65634686115567
2021-11-16 13:00:00;109.92216036448707;90.0;60.707406344145795
2021-11-16 14:00:00;104.04519040322052;90.0;60.5064545880669
2021-11-16 15:00:00;102.99242573524893;90.0;60.18597144176988
2021-11-16 16:00:00;104.01292590622309;90.0;59.55052957453995
2021-11-16 17:00:00;109.4763379059623;90.0;58.25683394916541
2021-11-16 18:00:00;119.50196856147915;90.0;57.407452385788304
2021-11-16 19:00:00;130.62440435396837;90.0;57.414821728353786
2021-11-16 20:00:00;136.02599759688283;90.0;57.455486321278784
2021-11-16 21:00:00;133.6555710153527;90.0;58.36734314774043
2021-11-16 22:00:00;110.82553826461249;90.0;60.61374332459167
2021-11-16 23:00:00;80.87817442425526;90.0;60.25846712195971
2021-11-17 00:00:00;52.25163568408277;90.0;59.376900865083826
2021-11-17 01:00:00;48.68239217689349;90.0;59.25148730905465
2021-11-17 02:00:00;48.14118409686302;90.0;58.84152062309835
2021-11-17 03:00:00;52.39296958503965;90.0;56.644270164977854
2021-11-17 04:00:00;75.5502652599415;90.0;56.58152114529554
2021-11-17 05:00:00;111.68195175791493;90.0;57.20335232567828
2021-11-17 06:00:00;131.4537120789023;90.0;57.38008570716039
2021-11-17 07:00:00;118.62099472567792;90.0;60.071570409367325
2021-11-17 08:00:00;112.15637627872323;90.0;60.536321478629986
2021-11-17 09:00:00;104.98918638514017;90.0;60.58912857286532
2021-11-17 10:00:00;99.77997847963006;90.0;60.360991117303456
2021-11-17 11:00:00;94.69466100534989;90.0;60.32284375566877
2021-11-17 12:00:00;92.73079233365104;90.0;60.23419627106193
2021-11-17 13:00:00;89.90454301836033;90.0;60.36446573248884
2021-11-17 14:00:00;86.19416951277223;90.0;60.23504739296493
2021-11-17 15:00:00;86.34825078080317;90.0;59.66835729489782
2021-11-17 16:00:00;88.86367127830019;90.0;58.72634005890046
2021-11-17 17:00:00;93.57206158007183;90.0;57.61714102216774
2021-11-17 18:00:00;98.31790188602209;90.0;56.93724029236921
2021-11-17 19:00:00;106.38595403273516;90.0;57.08961062029459
2021-11-17 20:00:00;110.30099680898847;90.0;57.094667643699154
2021-11-17 21:00:00;108.85411481400271;90.0;57.97617001721591
2021-11-17 22:00:00;91.09210087276925;90.0;60.30083637611898
2021-11-17 23:00:00;66.77668359895969;90.0;59.90920105551271
2021-11-18 00:00:00;68.13488890816018;90.0;58.9250150673941
2021-11-18 01:00:00;73.77039183094293;90.0;57.044724805620376
2021-11-18 02:00:00;69.92156990258421;90.0;58.581807493137774
2021-11-18 03:00:00;76.13770169691287;90.0;56.705814874243686
2021-11-18 04:00:00;99.74149235219521;90.0;56.969803619421384
2021-11-18 05:00:00;143.18675557076202;90.0;57.48520053668926
2021-11-18 06:00:00;146.1766563228427;90.0;57.59358418395249
2021-11-18 07:00:00;141.5259040760964;90.0;58.7877529254946
2021-11-18 08:00:00;138.2629819957474;90.0;59.38265417764569
2021-11-18 09:00:00;130.95380729822406;90.0;60.41121871367409
2021-11-18 10:00:00;126.61457369150823;90.0;60.67949711508203
2021-11-18 11:00:00;122.48482396274495;90.0;60.84427852303395
2021-11-18 12:00:00;122.03744419387668;90.0;60.35296120551067
2021-11-18 13:00:00;116.99157372624734;90.0;60.78745456620186
2021-11-18 14:00:00;109.92104832878478;90.0;60.69279590297998
2021-11-18 15:00:00;108.42853597618831;90.0;60.41013614387373
2021-11-18 16:00:00;109.32083106623686;90.0;59.76235596995576
2021-11-18 17:00:00;115.10941598690685;90.0;58.41466282816907
2021-11-18 18:00:00;126.40976323035297;90.0;57.42121642713494
2021-11-18 19:00:00;139.40937356424632;90.0;57.59378025173328
2021-11-18 20:00:00;145.43802495184622;90.0;57.41208561156276
2021-11-18 21:00:00;142.95932944727457;90.0;58.35152878717372
2021-11-18 22:00:00;118.03034814428044;90.0;60.706348851968755
2021-11-18 23:00:00;86.1888164983833;90.0;60.21737048166824
2021-11-19 00:00:00;73.02060363940359;90.0;59.95678671450378
2021-11-19 01:00:00;67.50877349223772;90.0;59.9875452701213
2021-11-19 02:00:00;66.16902045269262;90.0;59.79124398429167
2021-11-19 03:00:00;72.43537453044536;90.0;57.39981318142924
2021-11-19 04:00:00;108.02511776203364;90.0;57.22308584216239
2021-11-19 05:00:00;162.62251777999288;90.0;57.53745532513676
2021-11-19 06:00:00;193.04166239915767;90.0;57.81568311608629
2021-11-19 07:00:00;172.8571182462457;90.0;60.61479655589687
2021-11-19 08:00:00;162.8087229043684;90.0;60.85603020207856
2021-11-19 09:00:00;152.97406690645147;90.0;60.90551643894133
2021-11-19 10:00:00;146.95122039747883;90.0;60.886796887967364
2021-11-19 11:00:00;134.31220285766463;90.0;60.60635672499518
2021-11-19 12:00:00;131.3696300557852;90.0;60.58970367473256
2021-11-19 13:00:00;128.90454531905644;90.0;60.506296144052044
2021-11-19 14:00:00;128.5577175022441;90.0;60.111574748473345
2021-11-19 15:00:00;132.19732098548005;90.0;59.20402614754289
2021-11-19 16:00:00;139.24296052462486;90.0;58.07610445301685
2021-11-19 17:00:00;146.46301690335093;90.0;57.346022997537546
2021-11-19 18:00:00;154.8595732012838;90.0;57.57275890495714
2021-11-19 19:00:00;162.50860028132888;90.0;57.79620297822527
2021-11-19 20:00:00;163.86359748375972;90.0;58.0931802392376
2021-11-19 21:00:00;150.89713053146022;90.0;60.18064528362612
2021-11-19 22:00:00;119.09143233968355;90.0;60.66530422887166
2021-11-19 23:00:00;90.07825709992352;90.0;60.38835895438439
2021-11-20 00:00:00;111.53966061831625;90.0;57.36771481536499
2021-11-20 01:00:00;118.61859546329926;90.0;57.381645638352154
2021-11-20 02:00:00;120.3912094906249;90.0;57.59604015178587
2021-11-20 03:00:00;129.82716011587436;90.0;57.32882326146944
2021-11-20 04:00:00;164.71801171354457;90.0;57.52790873340342
2021-11-20 05:00:00;237.8301481168931;90.0;57.74333510730884
2021-11-20 06:00:00;245.12693002427577;90.0;57.659122707679785
2021-11-20 07:00:00;239.07724318298867;90.0;58.784826561276304
2021-11-20 08:00:00;222.71293729149403;90.0;60.480107815282224
2021-11-20 09:00:00;217.66841310629823;90.0;60.638136102782596
2021-11-20 10:00:00;212.51628227512964;90.0;60.765825891893655
2021-11-20 11:00:00;204.53903194169519;90.0;61.14106005571563
2021-11-20 12:00:00;202.8091200563404;90.0;60.794393582281714
2021-11-20 13:00:00;204.51028995188778;90.0;60.2013405427291
2021-11-20 14:00:00;206.12057022682455;90.0;59.79449091786523
2021-11-20 15:00:00;208.11506113802062;90.0;59.47440878411862
2021-11-20 16:00:00;216.79974081799674;90.0;58.596474020514336
2021-11-20 17:00:00;224.47990063597976;90.0;58.125143553841895
2021-11-20 18:00:00;230.35211987111612;90.0;58.00210369342341
2021-11-20 19:00:00;230.7456018866184;90.0;58.43724494042874
2021-11-20 20:00:00;227.50194739670405;90.0;59.064162298019994
2021-11-20 21:00:00;209.15777720256082;90.0;60.92497253765214
2021-11-20 22:00:00;177.3770508236726;90.0;60.91153206566679
2021-11-20 23:00:00;132.66297615323072;90.0;60.834468921618395
2021-11-21 00:00:00;106.94877273780028;90.0;60.56253691547448
2021-11-21 01:00:00;116.23407461909606;90.0;58.31243823631502
2021-11-21 02:00:00;118.28324274966904;90.0;58.15144694851273
2021-11-21 03:00:00;126.95640544839887;90.0;57.305143355461325
2021-11-21 04:00:00;157.7267928057474;90.0;57.511707866191784
2021-11-21 05:00:00;233.9637708072608;90.0;57.64610935105321
2021-11-21 06:00:00;233.87610127798476;90.0;58.24660572451171
2021-11-21 07:00:00;230.71870715945818;90.0;58.9265740311771
2021-11-21 08:00:00;225.32887286751617;90.0;59.59197045626405
2021-11-21 09:00:00;220.54127514553264;90.0;59.996065642512576
2021-11-21 10:00:00;215.1973976104066;90.0;60.33334972335331
2021-11-21 11:00:00;207.35798957565214;90.0;60.81934875351658
2021-11-21 12:00:00;205.61372949778354;90.0;60.5677804338647
2021-11-21 13:00:00;206.7071138948416;90.0;60.10605501393866
2021-11-21 14:00:00;208.12879192215797;90.0;59.750159016982195
2021-11-21 15:00:00;209.88535835144268;90.0;59.47086480531431
2021-11-21 16:00:00;218.43413065671947;90.0;58.615730615689245
2021-11-21 17:00:00;226.00872203236023;90.0;58.15493170372349
2021-11-21 18:00:00;231.1956534228221;90.0;58.090182574022435
2021-11-21 19:00:00;231.2913469753712;90.0;58.524192067004435
2021-11-21 20:00:00;227.0682096714362;90.0;59.212572326290285
2021-11-21 21:00:00;208.28413545933137;90.0;61.06926651097547
2021-11-21 22:00:00;179.1592021577061;90.0;60.84588361674679
2021-11-21 23:00:00;134.07677780905857;90.0;60.82772173002678
2021-11-22 00:00:00;107.53802588300238;90.0;60.60125853968634
2021-11-22 01:00:00;115.17454602708315;90.0;58.64766168076761
2021-11-22 02:00:00;116.90464511222159;90.0;58.428068350725596
2021-11-22 03:00:00;124.99349643886212;90.0;57.298302781698055
2021-11-22 04:00:00;154.825099850142;90.0;57.516640295468164
2021-11-22 05:00:00;229.95411182567437;90.0;57.63658893135931
2021-11-22 06:00:00;230.05961761760435;90.0;58.21980956585935
2021-11-22 07:00:00;227.42524679455502;90.0;58.8622126280851
2021-11-22 08:00:00;221.59012433012865;90.0;59.59507674784544
2021-11-22 09:00:00;216.83112461976165;90.0;60.000077008557355
2021-11-22 10:00:00;211.78537169461842;90.0;60.31280887546228
2021-11-22 11:00:00;204.3040604260483;90.0;60.77876163507739
2021-11-22 12:00:00;202.84964862018347;90.0;60.50958590158211
2021-11-22 13:00:00;203.17063829738726;90.0;60.13910870568543
2021-11-22 14:00:00;204.43684937459568;90.0;59.7833762952809
2021-11-22 15:00:00;206.21452895001968;90.0;59.48538996223442
2021-11-22 16:00:00;214.62658282024867;90.0;58.62159835163209
2021-11-22 17:00:00;221.8299404450031;90.0;58.179071066519384
2021-11-22 18:00:00;226.1216976622522;90.0;58.17879317812708
2021-11-22 19:00:00;226.0055593008217;90.0;58.599647799752915
2021-11-22 20:00:00;222.425006231887;90.0;59.20787849360306
2021-11-22 21:00:00;204.67067471483278;90.0;60.99817065015793
2021-11-22 22:00:00;176.2233063323279;90.0;60.893197232195575
2021-11-22 23:00:00;131.9277382476556;90.0;60.91845230087341
2021-11-23 00:00:00;94.7865773081697;90.0;60.47032572509909
2021-11-23 01:00:00;101.78863420244339;90.0;58.451701987607635
2021-11-23 02:00:00;103.15843822405238;90.0;58.28345285246388
2021-11-23 03:00:00;110.55952798093912;90.0;57.11182979346506
2021-11-23 04:00:00;135.47748923665026;90.0;57.471645965692176
2021-11-23 05:00:00;199.5069455449533;90.0;57.60855062266825
2021-11-23 06:00:00;199.34168475099264;90.0;58.2043166806954
2021-11-23 07:00:00;196.86437415727838;90.0;58.84717885170841
2021-11-23 08:00:00;192.14897121925634;90.0;59.521613330458536
2021-11-23 09:00:00;188.17812973269878;90.0;59.90514807132513
2021-11-23 10:00:00;183.7959907359794;90.0;60.21946339579972
2021-11-23 11:00:00;177.662911315189;90.0;60.643495228920244
2021-11-23 12:00:00;176.14125931960623;90.0;60.414814285014984
2021-11-23 13:00:00;161.08816254660172;90.0;61.104011029928586
2021-11-23 14:00:00;161.91642199858873;90.0;60.438137749846646
2021-11-23 15:00:00;169.0603190262912;90.0;59.17900252509446
2021-11-23 16:00:00;179.70110124300484;90.0;57.923700834470424
2021-11-23 17:00:00;189.6045283583708;90.0;57.92687464568809
2021-11-23 18:00:00;197.66964042369955;90.0;57.50075717457008
2021-11-23 19:00:00;197.27657661259687;90.0;58.15640698757659
2021-11-23 20:00:00;207.73556067472242;90.0;57.56052796537335
2021-11-23 21:00:00;207.0302567866609;90.0;58.23589604118911
2021-11-23 22:00:00;169.58178908874334;90.0;60.98492998108219
2021-11-23 23:00:00;121.0235523697264;90.0;60.58102498935597
2021-11-24 00:00:00;85.27788126674483;90.0;60.36290620850673
2021-11-24 01:00:00;73.77198655539776;90.0;59.8482106046784
2021-11-24 02:00:00;74.6319499119028;90.0;59.11671837879544
2021-11-24 03:00:00;82.39458141688021;90.0;56.81708487976471
2021-11-24 04:00:00;127.5291249013067;90.0;57.29407171940392
2021-11-24 05:00:00;195.1721299613714;90.0;57.57341654680528
2021-11-24 06:00:00;193.658098399755;90.0;58.32580737702267
2021-11-24 07:00:00;188.38770139048432;90.0;59.239415086144106
2021-11-24 08:00:00;182.47217651782833;90.0;59.936711177156724
2021-11-24 09:00:00;169.904006230312;90.0;61.105085338629124
2021-11-24 10:00:00;163.399612763505;90.0;60.81285743449388
2021-11-24 11:00:00;158.05814309446234;90.0;60.913662890183446
2021-11-24 12:00:00;154.40997120722363;90.0;60.87603288884338
2021-11-24 13:00:00;151.28935520181233;90.0;60.784204385041505
2021-11-24 14:00:00;149.62607825615822;90.0;60.52422259189143
2021-11-24 15:00:00;155.19533658079015;90.0;59.359097168213566
2021-11-24 16:00:00;163.88953240776073;90.0;58.16940884626365
2021-11-24 17:00:00;173.66669736785042;90.0;57.6332996085672
2021-11-24 18:00:00;180.0864838176246;90.0;57.74116292646221
2021-11-24 19:00:00;179.9260635216957;90.0;58.27306706340562
2021-11-24 20:00:00;176.68839183596077;90.0;58.990520411351895
2021-11-24 21:00:00;163.08161077214453;90.0;60.74147899085517
2021-11-24 22:00:00;141.31367205292952;90.0;60.83962930162539
2021-11-24 23:00:00;106.30897823746226;90.0;60.65978001923611
2021-11-25 00:00:00;113.90016808882477;90.0;58.68082700145999
2021-11-25 01:00:00;121.6101203541712;90.0;57.38502700565783
2021-11-25 02:00:00;123.46273882731802;90.0;57.60060194014875
2021-11-25 03:00:00;131.96869816226794;90.0;57.462760403641994
2021-11-25 04:00:00;162.46215273888313;90.0;57.60222352642381
2021-11-25 05:00:00;241.0942396884361;90.0;57.66331276010271
2021-11-25 06:00:00;240.99307158851224;90.0;58.2635564885681
2021-11-25 07:00:00;238.65329920854546;90.0;58.86178850687219
2021-11-25 08:00:00;232.0161626281185;90.0;59.64899488083887
2021-11-25 09:00:00;226.9094939830974;90.0;60.05635636316305
2021-11-25 10:00:00;221.62974034498552;90.0;60.35984825383639
2021-11-25 11:00:00;213.44716271083647;90.0;60.853573455850096
2021-11-25 12:00:00;211.64740596030967;90.0;60.597837985369665
2021-11-25 13:00:00;213.10446845664214;90.0;60.10055252305227
2021-11-25 14:00:00;214.84625446633174;90.0;59.725160297178945
2021-11-25 15:00:00;216.98858607649544;90.0;59.42750254956627
2021-11-25 16:00:00;226.25173525164513;90.0;58.55115470127174
2021-11-25 17:00:00;234.56395224242274;90.0;58.07376317448035
2021-11-25 18:00:00;240.64860824065806;90.0;57.978638779094524
2021-11-25 19:00:00;241.66085813813675;90.0;58.375365265760934
2021-11-25 20:00:00;238.00649234043166;90.0;59.05282102280921
2021-11-25 21:00:00;218.57396476944254;90.0;60.94817163613493
2021-11-25 22:00:00;184.9943312760148;90.0;60.957305358634926
2021-11-25 23:00:00;138.2453406810706;90.0;60.88452802908563
2021-11-26 00:00:00;105.49057488442465;90.0;60.577835785379875
2021-11-26 01:00:00;115.36935517956248;90.0;58.19095796724804
2021-11-26 02:00:00;117.4318953860874;90.0;58.06444855763425
2021-11-26 03:00:00;125.31343309785744;90.0;57.33914293972401
2021-11-26 04:00:00;166.69762065365256;90.0;57.77147929157201
2021-11-26 05:00:00;234.25858997766196;90.0;57.85638390229565
2021-11-26 06:00:00;234.62622513705324;90.0;58.3453794300778
2021-11-26 07:00:00;234.18372306182408;90.0;58.74640891862123
2021-11-26 08:00:00;226.01028966754942;90.0;59.720617333622044
2021-11-26 09:00:00;221.23536972537875;90.0;60.082437987116634
2021-11-26 10:00:00;216.2042276041444;90.0;60.36234772820569
2021-11-26 11:00:00;208.86339222352362;90.0;60.78810583817352
2021-11-26 12:00:00;194.58569241937764;90.0;61.09203152709807
2021-11-26 13:00:00;189.70266907605662;90.0;61.092863362357036
2021-11-26 14:00:00;189.71591197377708;90.0;60.570440888230735
2021-11-26 15:00:00;196.9656490229094;90.0;59.425212224693325
2021-11-26 16:00:00;218.42819698145362;90.0;57.94192232637687
2021-11-26 17:00:00;226.61759334289;90.0;57.63873305331839
2021-11-26 18:00:00;231.9628970518869;90.0;57.7305169113111
2021-11-26 19:00:00;232.71506077295976;90.0;58.22462073387652
2021-11-26 20:00:00;229.12891090824056;90.0;58.95204883546768
2021-11-26 21:00:00;210.79580630184316;90.0;60.83833119248936
2021-11-26 22:00:00;179.9618423712109;90.0;60.84505733076804
2021-11-26 23:00:00;134.65847537388444;90.0;60.83222687272814
2021-11-27 00:00:00;104.27444329990294;90.0;60.4686592474726
2021-11-27 01:00:00;113.38334524133553;90.0;58.22887947068165
2021-11-27 02:00:00;116.47791147128078;90.0;57.890796209907364
2021-11-27 03:00:00;124.30704892410004;90.0;57.58327332822978
2021-11-27 04:00:00;154.0810236984299;90.0;57.55813881032702
2021-11-27 05:00:00;228.0298984614024;90.0;57.649593220826205
2021-11-27 06:00:00;228.08279894294913;90.0;58.23192211889341
2021-11-27 07:00:00;227.27797537250663;90.0;58.70036877193212
2021-11-27 08:00:00;219.79500412896897;90.0;59.64197170992031
2021-11-27 09:00:00;215.36907329442667;90.0;60.00251162110379
2021-11-27 10:00:00;210.21266906294682;90.0;60.327371822852115
2021-11-27 11:00:00;203.27809374905362;90.0;60.73813498651111
2021-11-27 12:00:00;188.0607980037609;90.0;61.15720640871018
2021-11-27 13:00:00;183.51710027631754;90.0;61.11234806587646
2021-11-27 14:00:00;202.32928567345513;90.0;58.55119251410099
2021-11-27 15:00:00;204.3787182573721;90.0;58.60760458199172
2021-11-27 16:00:00;212.72867078954584;90.0;58.01144008830448
2021-11-27 17:00:00;219.94376048961107;90.0;57.75558337699806
2021-11-27 18:00:00;224.76754085495708;90.0;57.838719707024495
2021-11-27 19:00:00;225.00528062439585;90.0;58.33804356472865
2021-11-27 20:00:00;220.72314193696698;90.0;59.099702803686455
2021-11-27 21:00:00;202.55181984210853;90.0;60.980134641478
2021-11-27 22:00:00;174.6820989413775;90.0;60.8699169663675
2021-11-27 23:00:00;130.79223000784998;90.0;60.90506534790603
2021-11-28 00:00:00;93.74392936607688;90.0;60.46562016807752
2021-11-28 01:00:00;99.41758825350186;90.0;58.70285805602964
2021-11-28 02:00:00;101.06035380341385;90.0;58.380678811341795
2021-11-28 03:00:00;97.5013687929596;90.0;59.24988413430492
2021-11-28 04:00:00;136.67627745631802;90.0;57.470261972482035
2021-11-28 05:00:00;197.0267339042939;90.0;57.67469004989914
2021-11-28 06:00:00;204.03213856654887;90.0;57.59377340793151
2021-11-28 07:00:00;196.93896293450447;90.0;58.93021292390563
2021-11-28 08:00:00;190.39679128859322;90.0;59.77628384300431
2021-11-28 09:00:00;176.3686461299494;90.0;61.10948302010979
2021-11-28 10:00:00;169.3085148783352;90.0;60.85886595126635
2021-11-28 11:00:00;163.22953374087575;90.0;61.016981134643004
2021-11-28 12:00:00;159.65507308810348;90.0;60.932700479735274
2021-11-28 13:00:00;156.9019888856518;90.0;60.77168908723962
2021-11-28 14:00:00;157.10744957132565;90.0;60.27282155299383
2021-11-28 15:00:00;162.88535926746107;90.0;59.20128692735017
2021-11-28 16:00:00;171.68235498822938;90.0;58.110571787374624
2021-11-28 17:00:00;181.12574899785596;90.0;57.46484832089254
2021-11-28 18:00:00;190.75894954020868;90.0;57.753652366084964
2021-11-28 19:00:00;199.2375161798814;90.0;57.81997651639432
2021-11-28 20:00:00;199.14071789805547;90.0;58.33735095555568
2021-11-28 21:00:00;182.85751602615636;90.0;60.44518957749597
2021-11-28 22:00:00;154.49811759771845;90.0;60.8083621167151
2021-11-28 23:00:00;116.70209056535522;90.0;60.73082893665003
2021-11-29 00:00:00;85.44308523424739;90.0;60.194960813144064
2021-11-29 01:00:00;94.52609788391237;90.0;57.59235063199202
2021-11-29 02:00:00;86.55355286115783;90.0;59.769773249949765
2021-11-29 03:00:00;96.03621429366206;90.0;57.234506064594655
2021-11-29 04:00:00;130.9580237805311;90.0;57.534739064458506
2021-11-29 05:00:00;189.3321695295838;90.0;57.65438929398749
2021-11-29 06:00:00;196.08234712693948;90.0;57.57214123198031
2021-11-29 07:00:00;189.53183247065957;90.0;58.87870174910631
2021-11-29 08:00:00;182.95504105523725;90.0;59.76535282116703
2021-11-29 09:00:00;169.62517471794857;90.0;61.0755024397879
2021-11-29 10:00:00;163.32500693977371;90.0;60.86403079988855
2021-11-29 11:00:00;157.96997905956164;90.0;60.86525180025717
2021-11-29 12:00:00;154.4053979785212;90.0;60.83142896598639
2021-11-29 13:00:00;151.57305475470582;90.0;60.71445447434456
2021-11-29 14:00:00;150.8815329822311;90.0;60.34364600792918
2021-11-29 15:00:00;156.5307517196494;90.0;59.22845027297086
2021-11-29 16:00:00;165.24947219579852;90.0;58.086786949553925
2021-11-29 17:00:00;174.26304753308088;90.0;57.44960983179374
2021-11-29 18:00:00;183.43408504325635;90.0;57.742291544926616
2021-11-29 19:00:00;190.67843653082465;90.0;57.4337209073754
2021-11-29 20:00:00;190.5081549296202;90.0;58.08234680284107
2021-11-29 21:00:00;175.17415294789618;90.0;60.24108289870787
2021-11-29 22:00:00;148.10493018121554;90.0;60.72184601307691
2021-11-29 23:00:00;111.57684486846972;90.0;60.68217834279409
2021-11-30 00:00:00;78.36894332462091;90.0;60.15314891919775
2021-11-30 01:00:00;85.73996161220883;90.0;57.75663644452936
2021-11-30 02:00:00;80.8980461223494;90.0;59.21761520012643
2021-11-30 03:00:00;87.86740875823665;90.0;57.26582913052454
2021-11-30 04:00:00;117.10646865657036;90.0;57.32088838646911
2021-11-30 05:00:00;169.0602393154349;90.0;57.588158363842126
2021-11-30 06:00:00;173.53806433140355;90.0;57.58353857354865
2021-11-30 07:00:00;168.364082301528;90.0;58.781128108993755
2021-11-30 08:00:00;163.12360739161247;90.0;59.59578899376868
2021-11-30 09:00:00;153.32058124736776;90.0;60.75790118240258
2021-11-30 10:00:00;148.1085244594757;90.0;60.98589533737493
2021-11-30 11:00:00;143.34078520191187;90.0;60.999747948756806
2021-11-30 12:00:00;141.1052797324775;90.0;60.755111018518846
2021-11-30 13:00:00;137.02651222771456;90.0;60.853699213481434
2021-11-30 14:00:00;139.25374657590964;90.0;59.99087498262469
2021-11-30 15:00:00;142.38369546469494;90.0;59.26010118754061
2021-11-30 16:00:00;149.21380413719456;90.0;58.241293614271854
2021-11-30 17:00:00;156.67548290025576;90.0;57.51188034105627
2021-11-30 18:00:00;164.30052891179886;90.0;57.783537685745216
2021-11-30 19:00:00;170.7826835623261;90.0;57.43987663863538
2021-11-30 20:00:00;170.37177570939775;90.0;58.09562349007206
2021-11-30 21:00:00;156.61432721044145;90.0;60.22841518101916
2021-11-30 22:00:00;133.05508549976858;90.0;60.816345306352105
2021-11-30 23:00:00;100.89526568184058;90.0;60.54758249698557
2021-12-01 00:00:00;91.53562899586954;90.0;60.245480086611735
2021-12-01 01:00:00;101.07082693624353;90.0;57.69979376906201
2021-12-01 02:00:00;92.92776327337442;90.0;59.789040496478776
2021-12-01 03:00:00;102.12446511541458;90.0;57.47894651355557
2021-12-01 04:00:00;140.05736806674508;90.0;57.58226202018869
2021-12-01 05:00:00;202.85295546278655;90.0;57.68129823998237
2021-12-01 06:00:00;209.79324368288593;90.0;57.63037322876892
2021-12-01 07:00:00;202.92816394133558;90.0;58.91495394923902
2021-12-01 08:00:00;195.89802967867107;90.0;59.802521577588834
2021-12-01 09:00:00;181.8050348760044;90.0;61.09769771350307
2021-12-01 10:00:00;175.60994720095363;90.0;61.06090078908625
2021-12-01 11:00:00;170.29796402905978;90.0;61.154132679269594
2021-12-01 12:00:00;167.16316066367585;90.0;60.96805263686349
2021-12-01 13:00:00;164.82025251407836;90.0;60.741546083411606
2021-12-01 14:00:00;162.2841781606178;90.0;60.606721145702295
2021-12-01 15:00:00;166.3637842869391;90.0;59.68039078766947
2021-12-01 16:00:00;183.15959917848582;90.0;57.52337611415129
2021-12-01 17:00:00;189.5376402657382;90.0;57.723764178891656
2021-12-01 18:00:00;194.1687636909963;90.0;57.74133105042074
2021-12-01 19:00:00;194.28494544109972;90.0;58.258408911070035
2021-12-01 20:00:00;190.9038495604754;90.0;58.98529331658773
2021-12-01 21:00:00;175.65859935594779;90.0;60.819758540183386
2021-12-01 22:00:00;151.34875650179268;90.0;60.9568605678586
2021-12-01 23:00:00;113.66973645169091;90.0;60.76668316894467
2021-12-02 00:00:00;109.39487118376948;90.0;60.53293686428094
2021-12-02 01:00:00;117.23057267030372;90.0;58.5930302813004
2021-12-02 02:00:00;119.2650795889309;90.0;58.34944055379947
2021-12-02 03:00:00;127.22427878919638;90.0;57.18981926723046
2021-12-02 04:00:00;157.4338600640382;90.0;57.510598282361286
2021-12-02 05:00:00;233.06999184435549;90.0;57.65093011013215
2021-12-02 06:00:00;232.93868827069426;90.0;58.25320037710759
2021-12-02 07:00:00;229.9086404641502;90.0;58.919800980049445
2021-12-02 08:00:00;224.41839888814886;90.0;59.59785665780373
2021-12-02 09:00:00;219.56269115507152;90.0;60.00761660006151
2021-12-02 10:00:00;214.31107357340073;90.0;60.333946361347955
2021-12-02 11:00:00;206.48670568376;90.0;60.82067384927001
2021-12-02 12:00:00;204.74950868808426;90.0;60.56793702420464
2021-12-02 13:00:00;206.0753466972445;90.0;60.081638841315396
2021-12-02 14:00:00;207.51789498757773;90.0;59.72997659075128
2021-12-02 15:00:00;209.21481081593694;90.0;59.4617290621058
2021-12-02 16:00:00;217.75441254565206;90.0;58.60704273530001
2021-12-02 17:00:00;225.27127228430714;90.0;58.15171817061116
2021-12-02 18:00:00;230.5070462144613;90.0;58.08140955404241
2021-12-02 19:00:00;230.50596671798579;90.0;58.52671785296127
2021-12-02 20:00:00;226.33561168416443;90.0;59.21013972106999
2021-12-02 21:00:00;208.02541918010587;90.0;61.02673994229639
2021-12-02 22:00:00;178.4761718702279;90.0;60.8522521895311
2021-12-02 23:00:00;133.54486655722786;90.0;60.82629762499977
2021-12-03 00:00:00;105.4564221204294;90.0;60.45337381442033
2021-12-03 01:00:00;113.09725350765324;90.0;58.508116870588765
2021-12-03 02:00:00;115.04449725170848;90.0;58.28348243283466
2021-12-03 03:00:00;123.5588809891032;90.0;57.34506175826772
2021-12-03 04:00:00;151.7269676054107;90.0;57.56398610969711
2021-12-03 05:00:00;223.72961406241046;90.0;57.655874236755096
2021-12-03 06:00:00;223.36167316490537;90.0;58.27301060053577
2021-12-03 07:00:00;218.62388076180608;90.0;59.101542534136
2021-12-03 08:00:00;215.31994350049828;90.0;59.52601976775685
2021-12-03 09:00:00;210.77894848448247;90.0;59.939389456177935
2021-12-03 10:00:00;205.65715167230329;90.0;60.28727511828754
2021-12-03 11:00:00;198.59545709260294;90.0;60.734506457971065
2021-12-03 12:00:00;196.93433081091464;90.0;60.49844433171711
2021-12-03 13:00:00;197.14341595485772;90.0;60.13620006861345
2021-12-03 14:00:00;198.31846799940288;90.0;59.7811556688128
2021-12-03 15:00:00;200.0395499942351;90.0;59.478462392935626
2021-12-03 16:00:00;208.17826135589024;90.0;58.613599803246586
2021-12-03 17:00:00;215.28993463277058;90.0;58.1561885171032
2021-12-03 18:00:00;219.700067033228;90.0;58.134719238832474
2021-12-03 19:00:00;219.76582700637675;90.0;58.54811508761509
2021-12-03 20:00:00;215.47570898606318;90.0;59.246842029198774
2021-12-03 21:00:00;197.79137818866914;90.0;61.067423356712254
2021-12-03 22:00:00;170.9696846490964;90.0;60.86294447132593
2021-12-03 23:00:00;128.0820141800471;90.0;60.88128354532904
2021-12-04 00:00:00;109.55397735387386;90.0;60.46600254776115
2021-12-04 01:00:00;116.61407243500133;90.0;58.68805457289454
2021-12-04 02:00:00;118.04455577553921;90.0;58.518428530856795
2021-12-04 03:00:00;126.03159351214939;90.0;57.28508381395295
2021-12-04 04:00:00;154.4384472121628;90.0;57.572531764011956
2021-12-04 05:00:00;226.9692937631512;90.0;57.672455384546254
2021-12-04 06:00:00;226.36507796188508;90.0;58.30801559243929
2021-12-04 07:00:00;221.65299247067347;90.0;59.11871851422029
2021-12-04 08:00:00;218.21678050503772;90.0;59.54838664715794
2021-12-04 09:00:00;213.73062981581776;90.0;59.94592187029349
2021-12-04 10:00:00;208.41736034266614;90.0;60.306203449003476
2021-12-04 11:00:00;200.98328231211318;90.0;60.77834180599564
2021-12-04 12:00:00;199.144986961169;90.0;60.547895700716936
2021-12-04 13:00:00;199.91868525716248;90.0;60.11527211481331
2021-12-04 14:00:00;201.21352153701784;90.0;59.75857329797884
2021-12-04 15:00:00;203.16427714918555;90.0;59.44452305777804
2021-12-04 16:00:00;211.5555003805595;90.0;58.58010643129802
2021-12-04 17:00:00;219.0923989353741;90.0;58.105804264818005
2021-12-04 18:00:00;223.7535195722964;90.0;58.08709440251789
2021-12-04 19:00:00;224.11953794076388;90.0;58.490952442306536
2021-12-04 20:00:00;220.46897024153319;90.0;59.14288589184389
2021-12-04 21:00:00;202.74945472937281;90.0;60.9654125882019
2021-12-04 22:00:00;173.45837843389648;90.0;60.84097690509856
2021-12-04 23:00:00;129.88755939397993;90.0;60.79463808853603
2021-12-05 00:00:00;113.88397072206956;90.0;60.67621987130701
2021-12-05 01:00:00;122.2908561901704;90.0;58.668009047286716
2021-12-05 02:00:00;123.85900125168766;90.0;58.50787848677135
2021-12-05 03:00:00;132.3360192766426;90.0;57.27529661235974
2021-12-05 04:00:00;164.75065970636044;90.0;57.51400023582107
2021-12-05 05:00:00;246.47957195644057;90.0;57.74443297612902
2021-12-05 06:00:00;246.79547728632022;90.0;58.285362649157946
2021-12-05 07:00:00;245.35879693467822;90.0;58.79787395823638
2021-12-05 08:00:00;237.50754813837503;90.0;59.70071426905781
2021-12-05 09:00:00;232.04574786734014;90.0;60.11690176457557
2021-12-05 10:00:00;226.74268551491593;90.0;60.39711339458199
2021-12-05 11:00:00;217.5477082998596;90.0;60.960472127809965
2021-12-05 12:00:00;215.70085383996138;90.0;60.67833681386713
2021-12-05 13:00:00;218.70749949833092;90.0;60.01696424822012
2021-12-05 14:00:00;220.7768921918859;90.0;59.64471080153919
2021-12-05 15:00:00;223.14474162132606;90.0;59.36075487051329
2021-12-05 16:00:00;232.40429944987642;90.0;58.533365202381844
2021-12-05 17:00:00;240.69601262375235;90.0;58.08753370817999
2021-12-05 18:00:00;246.39348863899426;90.0;58.039104412811184
2021-12-05 19:00:00;246.14906282081094;90.0;58.52963560106804
2021-12-05 20:00:00;242.20073591558278;90.0;59.17886314858157
2021-12-05 21:00:00;221.92290711848537;90.0;61.08077660947066
2021-12-05 22:00:00;189.11606777923828;90.0;60.95193586508242
2021-12-05 23:00:00;141.3218039413563;90.0;60.90238749517863
2021-12-06 00:00:00;103.97471474631696;90.0;60.463833736802826
2021-12-06 01:00:00;111.3159228291135;90.0;58.54528023191915
2021-12-06 02:00:00;113.1097230583412;90.0;58.32488327061321
2021-12-06 03:00:00;121.76366537144382;90.0;57.33095539034804
2021-12-06 04:00:00;150.17336460987715;90.0;57.53163692002215
2021-12-06 05:00:00;221.5591064949832;90.0;57.647395523558885
2021-12-06 06:00:00;221.27845081925201;90.0;58.25772954941971
2021-12-06 07:00:00;217.43577601080815;90.0;59.00734715918833
2021-12-06 08:00:00;213.23340501807112;90.0;59.55041866321102
2021-12-06 09:00:00;208.9349935383318;90.0;59.93463506385325
2021-12-06 10:00:00;203.8621798153658;90.0;60.281895467275035
2021-12-06 11:00:00;197.25077016282322;90.0;60.688847051409084
2021-12-06 12:00:00;182.50535375513778;90.0;61.119916392187974
2021-12-06 13:00:00;177.79945855603722;90.0;61.11300155568529
2021-12-06 14:00:00;195.92846446031396;90.0;58.55623626258404
2021-12-06 15:00:00;197.6623709708294;90.0;58.63183007653265
2021-12-06 16:00:00;205.71776431757164;90.0;58.02435815077263
2021-12-06 17:00:00;212.5508721575613;90.0;57.77331895789098
2021-12-06 18:00:00;217.1364154202439;90.0;57.8525651857002
2021-12-06 19:00:00;217.25045022354257;90.0;58.35285307065709
2021-12-06 20:00:00;213.03146744210824;90.0;59.11180978540074
2021-12-06 21:00:00;195.59528365725228;90.0;60.970548214340226
2021-12-06 22:00:00;169.3794185679807;90.0;60.92814233487013
2021-12-06 23:00:00;126.97693865794228;90.0;60.881896957537265
2021-12-07 00:00:00;104.6964410382296;90.0;60.60097252613025
2021-12-07 01:00:00;111.30052688025472;90.0;58.793715968683216
2021-12-07 02:00:00;112.28031017438062;90.0;58.64398435186382
2021-12-07 03:00:00;120.68341617974866;90.0;57.21294728002056
2021-12-07 04:00:00;147.81931479660085;90.0;57.538999050587165
2021-12-07 05:00:00;218.51789533676447;90.0;57.63655987237132
2021-12-07 06:00:00;218.1682575194561;90.0;58.25532002311803
2021-12-07 07:00:00;214.48928407053378;90.0;58.99249364295645
2021-12-07 08:00:00;210.31653615837146;90.0;59.540572743687676
2021-12-07 09:00:00;206.0160555699098;90.0;59.931413767832396
2021-12-07 10:00:00;200.9687495782786;90.0;60.28158584548032
2021-12-07 11:00:00;194.15951190011197;90.0;60.71633267731795
2021-12-07 12:00:00;192.73467553128236;90.0;60.45990276585695
2021-12-07 13:00:00;192.59434289893713;90.0;60.14157179784041
2021-12-07 14:00:00;193.34655297181118;90.0;59.82262447100544
2021-12-07 15:00:00;195.0734672386883;90.0;59.49714941118822
2021-12-07 16:00:00;202.7761185683157;90.0;58.646460941457406
2021-12-07 17:00:00;205.99199814790438;90.0;58.55302953031821
2021-12-07 18:00:00;218.98618929320818;90.0;57.52254755577883
2021-12-07 19:00:00;230.9251185483608;90.0;57.812642598805326
2021-12-07 20:00:00;232.13933744183674;90.0;58.235826657298674
2021-12-07 21:00:00;192.20884246607042;90.0;60.931770905723624
2021-12-07 22:00:00;178.24644372495362;90.0;61.199322866329
2021-12-07 23:00:00;125.17602038163524;90.0;60.63780521761436
2021-12-08 00:00:00;98.24962311394306;90.0;60.369419294821284
2021-12-08 01:00:00;103.58147832266829;90.0;58.777120121392215
2021-12-08 02:00:00;105.43041141432988;90.0;58.421042218323294
2021-12-08 03:00:00;113.10570702643453;90.0;57.08093244683937
2021-12-08 04:00:00;138.06235091387018;90.0;57.49755377855263
2021-12-08 05:00:00;201.3629729100538;90.0;57.64606032748486
2021-12-08 06:00:00;200.6778243400341;90.0;58.285637460144926
2021-12-08 07:00:00;195.7595738333782;90.0;59.16095982095817
2021-12-08 08:00:00;200.16880086671864;90.0;58.76058775245417
2021-12-08 09:00:00;184.30093217902012;90.0;60.66841964897344
2021-12-08 10:00:00;177.14492340598636;90.0;61.07042928466109
2021-12-08 11:00:00;171.64580457580098;90.0;61.1802756419296
2021-12-08 12:00:00;168.03406488755863;90.0;61.04341993055857
2021-12-08 13:00:00;164.852930428333;90.0;60.897910953174176
2021-12-08 14:00:00;163.7208908799228;90.0;60.542152646589216
2021-12-08 15:00:00;169.258424075308;90.0;59.46194490498402
2021-12-08 16:00:00;179.01315516079723;90.0;58.22807853611937
2021-12-08 17:00:00;189.734461414048;90.0;57.68505079898682
2021-12-08 18:00:00;200.7408760004811;90.0;57.80146611252604
2021-12-08 19:00:00;210.25291387067637;90.0;58.00909268042318
2021-12-08 20:00:00;211.16637305278437;90.0;58.37115311828103
2021-12-08 21:00:00;193.99764438717463;90.0;60.46942221191233
2021-12-08 22:00:00;163.36919427221582;90.0;60.795254387827924
2021-12-08 23:00:00;123.15757825642399;90.0;60.79445638941246
2021-12-09 00:00:00;90.66650581895041;90.0;60.47639295703175
2021-12-09 01:00:00;100.87362809693731;90.0;57.701687587635774
2021-12-09 02:00:00;91.40003509957607;90.0;60.084191642680594
2021-12-09 03:00:00;100.24303810836363;90.0;57.72380086945992
2021-12-09 04:00:00;135.612628882751;90.0;57.409877218478016
2021-12-09 05:00:00;197.82865751864722;90.0;57.63130284951819
2021-12-09 06:00:00;197.17948402870334;90.0;58.270173703894386
2021-12-09 07:00:00;192.44851587021347;90.0;59.136256115796186
2021-12-09 08:00:00;190.21489685641853;90.0;59.451431898084024
2021-12-09 09:00:00;180.80220745692048;90.0;60.468922883563096
2021-12-09 10:00:00;173.89994692913356;90.0;60.913743511591235
2021-12-09 11:00:00;169.2113246626281;90.0;60.98083965592559
2021-12-09 12:00:00;163.96278134037874;90.0;61.10582549615373
2021-12-09 13:00:00;163.25061031537282;90.0;60.6368266135222
2021-12-09 14:00:00;160.90879549937654;90.0;60.50958018203261
2021-12-09 15:00:00;167.00596823238482;90.0;59.35309689664899
2021-12-09 16:00:00;176.4065886077794;90.0;58.17605345414745
2021-12-09 17:00:00;186.4612383888579;90.0;57.47270667611366
2021-12-09 18:00:00;197.1404897827207;90.0;57.71190731309514
2021-12-09 19:00:00;206.0972196563981;90.0;57.989987289157966
2021-12-09 20:00:00;206.41238379673538;90.0;58.41428394387077
2021-12-09 21:00:00;189.47873810073926;90.0;60.509194873300885
2021-12-09 22:00:00;159.9409614399972;90.0;60.7736883956137
2021-12-09 23:00:00;120.76122471488699;90.0;60.76177519812518
2021-12-10 00:00:00;102.80168503049613;90.0;60.40689291720486
2021-12-10 01:00:00;114.43312169302436;90.0;57.6879763264584
2021-12-10 02:00:00;102.86268079711351;90.0;60.292707128638824
2021-12-10 03:00:00;113.45947857278551;90.0;57.79759764880072
2021-12-10 04:00:00;154.80783516425183;90.0;57.69220942311125
2021-12-10 05:00:00;226.1150612836998;90.0;57.70452040259363
2021-12-10 06:00:00;225.41130246868548;90.0;58.3383501727439
2021-12-10 07:00:00;220.38094262134075;90.0;59.17046819041741
2021-12-10 08:00:00;217.29874479406263;90.0;59.55057168363851
2021-12-10 09:00:00;212.9349965316965;90.0;59.93661882737081
2021-12-10 10:00:00;207.5275833093828;90.0;60.31037808447354
2021-12-10 11:00:00;200.56853651789294;90.0;60.73534731377566
2021-12-10 12:00:00;198.73949300540636;90.0;60.51658424820789
2021-12-10 13:00:00;198.89966243395816;90.0;60.15604751938298
2021-12-10 14:00:00;200.0348007489628;90.0;59.8020022485814
2021-12-10 15:00:00;202.22980281451356;90.0;59.447274715761125
2021-12-10 16:00:00;210.81120546040526;90.0;58.558250418726345
2021-12-10 17:00:00;218.6702998671483;90.0;58.056235554810655
2021-12-10 18:00:00;224.21077744767132;90.0;57.968586467611544
2021-12-10 19:00:00;224.0352535370772;90.0;58.46333493786341
2021-12-10 20:00:00;221.28463391944365;90.0;59.0388288560635
2021-12-10 21:00:00;203.50429273661746;90.0;60.8966532174299
2021-12-10 22:00:00;173.02132839260892;90.0;60.86949413823879
2021-12-10 23:00:00;129.44315383208055;90.0;60.80216303010536
2021-12-11 00:00:00;111.78664160350678;90.0;60.47433578573629
2021-12-11 01:00:00;120.98033221170971;90.0;58.35305827120612
2021-12-11 02:00:00;122.40213609313953;90.0;58.31393509849795
2021-12-11 03:00:00;131.27779498874452;90.0;57.41126586974207
2021-12-11 04:00:00;163.76634550788793;90.0;57.52541025175253
2021-12-11 05:00:00;245.55119463430142;90.0;57.73755998323463
2021-12-11 06:00:00;245.9036026692024;90.0;58.276996036977266
2021-12-11 07:00:00;245.44080920645715;90.0;58.70808563655396
2021-12-11 08:00:00;236.66910349583102;90.0;59.721056904773775
2021-12-11 09:00:00;231.46781692969202;90.0;60.108766823312294
2021-12-11 10:00:00;226.29496548511588;90.0;60.38042883614156
2021-12-11 11:00:00;218.23050134276426;90.0;60.844648947069345
2021-12-11 12:00:00;216.8392640036815;90.0;60.553273076366736
2021-12-11 13:00:00;217.21365802373518;90.0;60.17936827527353
2021-12-11 14:00:00;218.99271165878818;90.0;59.78350547310163
2021-12-11 15:00:00;221.40474139606604;90.0;59.449922617155835
2021-12-11 16:00:00;230.85315568092415;90.0;58.57038867585072
2021-12-11 17:00:00;239.39436570175175;90.0;58.0846446544939
2021-12-11 18:00:00;246.42250085084677;90.0;57.917763980863526
2021-12-11 19:00:00;246.3125238478654;90.0;58.436992968329605
2021-12-11 20:00:00;243.8796375620704;90.0;58.98533729246259
2021-12-11 21:00:00;208.47522261554508;90.0;60.96539382772005
2021-12-11 22:00:00;186.2408093318539;90.0;61.06324670859789
2021-12-11 23:00:00;139.78163038721414;90.0;60.890084708951406
2021-12-12 00:00:00;110.65400060734132;90.0;60.504593184254645
2021-12-12 01:00:00;121.04385994096255;90.0;58.147405472577134
2021-12-12 02:00:00;122.78471341878168;90.0;58.12189491479376
2021-12-12 03:00:00;147.73613398427148;90.0;57.487490533337905
2021-12-12 04:00:00;176.25428108126562;90.0;57.827038968007514
2021-12-12 05:00:00;249.59857756281582;90.0;57.85627776019646
2021-12-12 06:00:00;248.84839531809456;90.0;58.452185831319696
2021-12-12 07:00:00;237.07454357421793;90.0;59.803316939826914
2021-12-12 08:00:00;241.94031758944263;90.0;59.28066540670619
2021-12-12 09:00:00;233.70352113559196;90.0;60.067983724348665
2021-12-12 10:00:00;228.4215600311607;90.0;60.35898361964695
2021-12-12 11:00:00;220.4246988822659;90.0;60.81809183978868
2021-12-12 12:00:00;218.85067490566655;90.0;60.551966346133156
2021-12-12 13:00:00;219.37029750822154;90.0;60.16670346957466
2021-12-12 14:00:00;220.74511295482222;90.0;59.81592013955594
2021-12-12 15:00:00;223.8021280137584;90.0;59.41538743963906
2021-12-12 16:00:00;233.71615320441907;90.0;58.51495089327983
2021-12-12 17:00:00;242.34714645745385;90.0;58.04995757978452
2021-12-12 18:00:00;248.9782756062133;90.0;57.93766296606998
2021-12-12 19:00:00;249.30860646871238;90.0;58.41409909487385
2021-12-12 20:00:00;246.46513875161097;90.0;59.00432523131491
2021-12-12 21:00:00;225.4778577704826;90.0;60.99995478563352
2021-12-12 22:00:00;190.7145533120652;90.0;60.99305346461068
2021-12-12 23:00:00;142.40419146833602;90.0;60.92139432359386
2021-12-13 00:00:00;107.65411551407828;90.0;60.66300446882275
2021-12-13 01:00:00;117.07623088269382;90.0;58.37678844787928
2021-12-13 02:00:00;119.02444724226375;90.0;58.21954025602088
2021-12-13 03:00:00;128.1243012064363;90.0;57.62157756042495
2021-12-13 04:00:00;159.74319594882652;90.0;57.55036132061332
2021-12-13 05:00:00;238.21051274975358;90.0;57.74708577149278
2021-12-13 06:00:00;238.3540036616645;90.0;58.29649303703013
2021-12-13 07:00:00;235.94268116898178;90.0;58.89138688494222
2021-12-13 08:00:00;229.56193542253163;90.0;59.651009609661685
2021-12-13 09:00:00;224.58616984383804;90.0;60.04909856804238
2021-12-13 10:00:00;219.24109234441795;90.0;60.36436995777183
2021-12-13 11:00:00;211.13404999050013;90.0;60.856042930015576
2021-12-13 12:00:00;209.40853474664328;90.0;60.592306610119465
2021-12-13 13:00:00;210.90271102019992;90.0;60.089621445224225
2021-12-13 14:00:00;212.4085078743995;90.0;59.736982188748755
2021-12-13 15:00:00;214.25575749866886;90.0;59.46009396647332
2021-12-13 16:00:00;223.09662033514118;90.0;58.60085928825259
2021-12-13 17:00:00;230.7089350391943;90.0;58.159567992705036
2021-12-13 18:00:00;235.9110921566251;90.0;58.10487928886096
2021-12-13 19:00:00;236.179079583466;90.0;58.521911680861535
2021-12-13 20:00:00;232.1488880223671;90.0;59.188970222593355
2021-12-13 21:00:00;213.16228333630127;90.0;61.03701767509085
2021-12-13 22:00:00;182.65478149563464;90.0;60.87796897467723
2021-12-13 23:00:00;136.6318495876178;90.0;60.85316064487307
2021-12-14 00:00:00;114.36676938853994;90.0;60.664755074970174
2021-12-14 01:00:00;123.34727828797601;90.0;58.571021861354154
2021-12-14 02:00:00;124.92966321038793;90.0;58.4456193985813
2021-12-14 03:00:00;133.8065157022939;90.0;57.29261443121692
2021-12-14 04:00:00;166.25805713460488;90.0;57.533940241447
2021-12-14 05:00:00;248.08861161889325;90.0;57.756022289768055
2021-12-14 06:00:00;248.39677268631394;90.0;58.294875923955544
2021-12-14 07:00:00;246.84640276403113;90.0;58.814172973059215
2021-12-14 08:00:00;239.12917407216165;90.0;59.696833195018144
2021-12-14 09:00:00;233.63019997890706;90.0;60.11535619704972
2021-12-14 10:00:00;228.25343115580296;90.0;60.400579955110686
2021-12-14 11:00:00;219.18374176847308;90.0;60.946768840067875
2021-12-14 12:00:00;217.3813027709806;90.0;60.66449380762015
2021-12-14 13:00:00;220.2399080404503;90.0;60.02457570491964
2021-12-14 14:00:00;222.26706407642538;90.0;59.65655213901448
2021-12-14 15:00:00;224.1995630775022;90.0;59.41214908368346
2021-12-14 16:00:00;233.6529423975855;90.0;58.55634901677661
2021-12-14 17:00:00;242.1794543043978;90.0;58.08726069247655
2021-12-14 18:00:00;237.1902599015778;90.0;58.97831670094092
2021-12-14 19:00:00;249.42418717690404;90.0;58.071285264101846
2021-12-14 20:00:00;228.57293185497437;90.0;60.35623251612691
2021-12-14 21:00:00;210.2913827009382;90.0;61.08696123590414
2021-12-14 22:00:00;190.65552502194956;90.0;60.96336148996551
2021-12-14 23:00:00;142.37526653366996;90.0;60.91479169553588
2021-12-15 00:00:00;114.48624867869626;90.0;60.66889075032498
2021-12-15 01:00:00;125.5837235383103;90.0;58.21752587032961
2021-12-15 02:00:00;141.84933680211932;90.0;57.378187994648385
2021-12-15 03:00:00;152.81352756332484;90.0;57.32012918048076
2021-12-15 04:00:00;182.58688333687695;90.0;57.803058681379014
2021-12-15 05:00:00;259.5233287327843;90.0;57.853003726078725
2021-12-15 06:00:00;256.63319790342115;90.0;58.629509385922404
2021-12-15 07:00:00;256.908430754392;90.0;58.889260889069476
2021-12-15 08:00:00;250.5342553597495;90.0;59.61501176535734
2021-12-15 09:00:00;246.50695445159164;90.0;59.920260387989515
2021-12-15 10:00:00;236.3976791736215;90.0;60.65599243694186
2021-12-15 11:00:00;232.59110497557762;90.0;60.63524030498854
2021-12-15 12:00:00;224.6844155157792;90.0;60.99201764384685
2021-12-15 13:00:00;225.8402237186754;90.0;60.42685660775675
2021-12-15 14:00:00;230.91419486461422;90.0;59.67250149324758
2021-12-15 15:00:00;227.1798860947382;90.0;59.94876976549159
2021-12-15 16:00:00;236.17061639593246;90.0;58.987753572564145
2021-12-15 17:00:00;242.8425196493666;90.0;58.55504519089624
2021-12-15 18:00:00;247.01620101906684;90.0;58.49260456438748
2021-12-15 19:00:00;244.82371350046574;90.0;59.00193392646702
2021-12-15 20:00:00;236.82729906361672;90.0;59.85179759101112
2021-12-15 21:00:00;217.04849224376227;90.0;60.90659744660434
2021-12-15 22:00:00;190.68466384993067;90.0;61.23151668326352
2021-12-15 23:00:00;141.98079167047882;90.0;60.98251902117903
2021-12-16 00:00:00;131.34613391616864;90.0;60.794833329755704
2021-12-16 01:00:00;136.06804244897785;90.0;59.54188865262864
2021-12-16 02:00:00;138.76835983181343;90.0;58.99439429624016
2021-12-16 03:00:00;149.8976579492918;90.0;57.40752285488355
2021-12-16 04:00:00;179.3942862863196;90.0;57.80066463375181
2021-12-16 05:00:00;252.25178005639242;90.0;57.881209983414976
2021-12-16 06:00:00;252.02282143162378;90.0;58.42562316180454
2021-12-16 07:00:00;242.24389671735813;90.0;59.60257408005708
2021-12-16 08:00:00;246.00163215943417;90.0;59.247252332495805
2021-12-16 09:00:00;237.98764736994585;90.0;60.01662845059059
2021-12-16 10:00:00;232.62275287814848;90.0;60.32526295272834
2021-12-16 11:00:00;224.18242592542651;90.0;60.82484593102254
2021-12-16 12:00:00;222.060363523317;90.0;60.60769777966874
2021-12-16 13:00:00;223.82655559868;90.0;60.09414414456711
2021-12-16 14:00:00;225.71971345837497;90.0;59.723355059723815
2021-12-16 15:00:00;228.72445702093725;90.0;59.36567056314817
2021-12-16 16:00:00;238.42259822982425;90.0;58.52218847375815
2021-12-16 17:00:00;246.71449978261427;90.0;58.1022095995429
2021-12-16 18:00:00;253.64682031617343;90.0;57.960132379592835
2021-12-16 19:00:00;254.27036082640305;90.0;58.407767814684746
2021-12-16 20:00:00;250.5361135463442;90.0;59.073027463017695
2021-12-16 21:00:00;229.83498020463807;90.0;60.992226445618655
2021-12-16 22:00:00;194.22073986262185;90.0;61.00797104135688
2021-12-16 23:00:00;143.31074935892937;90.0;60.997889985445966
2021-12-17 00:00:00;112.92622597260976;90.0;60.48818428564971
2021-12-17 01:00:00;123.40464357310076;90.0;58.16467991815614
2021-12-17 02:00:00;140.6571549863842;90.0;57.59947381374951
2021-12-17 03:00:00;150.86828387734073;90.0;57.47000160925296
2021-12-17 04:00:00;168.4189619488238;90.0;57.6777295378792
2021-12-17 05:00:00;255.82976205683863;90.0;57.7247799071439
2021-12-17 06:00:00;253.62347737571002;90.0;58.48929139573363
2021-12-17 07:00:00;242.59152058751081;90.0;59.74839553691152
2021-12-17 08:00:00;246.73366842646448;90.0;59.31716425741371
2021-12-17 09:00:00;238.65519597351891;90.0;60.068315216832104
2021-12-17 10:00:00;233.19592071628833;90.0;60.368660114093245
2021-12-17 11:00:00;224.2092883745969;90.0;60.903099389148906
2021-12-17 12:00:00;222.59860326884214;90.0;60.61614569773229
2021-12-17 13:00:00;224.68775813840873;90.0;60.07130169291827
2021-12-17 14:00:00;227.02038193247822;90.0;59.6684204476482
2021-12-17 15:00:00;229.34339409901995;90.0;59.39208651789045
2021-12-17 16:00:00;239.1288576502716;90.0;58.53564252475229
2021-12-17 17:00:00;247.70601680251266;90.0;58.0893492990495
2021-12-17 18:00:00;254.52547396655973;90.0;57.96385369465531
2021-12-17 19:00:00;240.86938290443376;90.0;59.62393254022891
2021-12-17 20:00:00;233.51511918070233;90.0;60.22618156492797
2021-12-17 21:00:00;214.3608556999674;90.0;61.06160533728314
2021-12-17 22:00:00;188.43364381420758;90.0;61.17836577403921
2021-12-17 23:00:00;141.87702223326806;90.0;61.00563808374875
2021-12-18 00:00:00;122.71523030487812;90.0;60.60186292047149
2021-12-18 01:00:00;126.17391329917479;90.0;59.53812237310484
2021-12-18 02:00:00;128.46095569261414;90.0;59.00435487439921
2021-12-18 03:00:00;138.5660951830922;90.0;57.42513879616007
2021-12-18 04:00:00;165.35763487300662;90.0;57.69300797999853
2021-12-18 05:00:00;232.34041281951238;90.0;57.84554280901119
2021-12-18 06:00:00;232.80217632912303;90.0;58.327976607501114
2021-12-18 07:00:00;231.81002158458935;90.0;58.783806769047885
2021-12-18 08:00:00;224.1254614200651;90.0;59.70627625639247
2021-12-18 09:00:00;218.89810638919653;90.0;60.11746386540807
2021-12-18 10:00:00;214.34708750317063;90.0;60.34374244034893
2021-12-18 11:00:00;206.4873826387042;90.0;60.83086212240994
2021-12-18 12:00:00;205.54070766675218;90.0;60.49633852687964
2021-12-18 13:00:00;187.49278976940235;90.0;61.24186564078764
2021-12-18 14:00:00;186.22028359930826;90.0;60.8144217945362
2021-12-18 15:00:00;195.15959099982604;90.0;59.40110561983147
2021-12-18 16:00:00;206.62024541251162;90.0;58.19077686416739
2021-12-18 17:00:00;223.6455467757862;90.0;57.72882300636883
2021-12-18 18:00:00;233.99082924658725;90.0;58.0198663199875
2021-12-18 19:00:00;227.75837918684198;90.0;59.05798955119974
2021-12-18 20:00:00;248.2199568361925;90.0;58.0521972960363
2021-12-18 21:00:00;227.59067926403512;90.0;60.33200217876731
2021-12-18 22:00:00;178.1023717009279;90.0;60.96762838880676
2021-12-18 23:00:00;133.4078387131576;90.0;60.939838003669024
2021-12-19 00:00:00;106.59341981066915;90.0;60.525345951701695
2021-12-19 01:00:00;113.37443907240765;90.0;58.73519155576855
2021-12-19 02:00:00;115.02464755509062;90.0;58.49231163995415
2021-12-19 03:00:00;122.50491506695444;90.0;57.31084156113718
2021-12-19 04:00:00;151.19589662569499;90.0;57.5252476827568
2021-12-19 05:00:00;220.60036687218843;90.0;57.68158724872808
2021-12-19 06:00:00;220.27889731065565;90.0;58.283719930017185
2021-12-19 07:00:00;216.6283904752073;90.0;59.00694094642574
2021-12-19 08:00:00;212.24774389468365;90.0;59.568476206228695
2021-12-19 09:00:00;207.96984569111845;90.0;59.94608181337327
2021-12-19 10:00:00;202.8055153807713;90.0;60.30053799910439
2021-12-19 11:00:00;196.14308179730298;90.0;60.709577523223686
2021-12-19 12:00:00;194.55552572739467;90.0;60.47277813641875
2021-12-19 13:00:00;194.3642225228721;90.0;60.157787059462805
2021-12-19 14:00:00;195.1736133464575;90.0;59.830473609373996
2021-12-19 15:00:00;196.86827373772235;90.0;59.50959621624236
2021-12-19 16:00:00;204.92970720241968;90.0;58.62713762688804
2021-12-19 17:00:00;211.82236363387756;90.0;58.1736302866704
2021-12-19 18:00:00;216.6904034681663;90.0;58.09169538428557
2021-12-19 19:00:00;217.12937005537648;90.0;58.48042941332869
2021-12-19 20:00:00;212.6876361875331;90.0;59.219290449166124
2021-12-19 21:00:00;195.63179420549486;90.0;61.00507311640223
2021-12-19 22:00:00;168.69803744173012;90.0;60.85689917886498
2021-12-19 23:00:00;126.38279346401818;90.0;60.86750016330399
2021-12-20 00:00:00;112.0779455979344;90.0;60.68300475000291
2021-12-20 01:00:00;119.29535269627057;90.0;58.85064200366071
2021-12-20 02:00:00;121.49164955514529;90.0;58.50880026188912
2021-12-20 03:00:00;130.20558297238674;90.0;57.318015004657354
2021-12-20 04:00:00;160.01976179354102;90.0;57.58089840631567
2021-12-20 05:00:00;236.2327385412698;90.0;57.67194112170853
2021-12-20 06:00:00;235.79628414577954;90.0;58.29663767954224
2021-12-20 07:00:00;231.8904401734981;90.0;59.0268563810468
2021-12-20 08:00:00;227.14789455447772;90.0;59.598750241139214
2021-12-20 09:00:00;222.33853585669462;90.0;60.000551236323645
2021-12-20 10:00:00;216.91504322292778;90.0;60.341329675145346
2021-12-20 11:00:00;209.0287752808008;90.0;60.82484751556859
2021-12-20 12:00:00;207.1636240752612;90.0;60.58373290745993
2021-12-20 13:00:00;208.39944236912416;90.0;60.10546137879783
2021-12-20 14:00:00;210.12668192079497;90.0;59.72219670418923
2021-12-20 15:00:00;211.95201040094287;90.0;59.44805297051204
2021-12-20 16:00:00;221.0170534206631;90.0;58.560020810805725
2021-12-20 17:00:00;229.22528152870646;90.0;58.0679707320441
2021-12-20 18:00:00;235.44530153363814;90.0;57.94637212106602
2021-12-20 19:00:00;235.65218704735338;90.0;58.42102526185954
2021-12-20 20:00:00;231.90384561888993;90.0;59.09616519476094
2021-12-20 21:00:00;212.91269669433038;90.0;60.97758552510328
2021-12-20 22:00:00;180.90892322721913;90.0;60.92208069844088
2021-12-20 23:00:00;135.2738657299869;90.0;60.85521224177546
2021-12-21 00:00:00;130.60620318738324;90.0;60.81153212746125
2021-12-21 01:00:00;134.0662385485671;90.0;59.74024774844901
2021-12-21 02:00:00;135.60633751089352;90.0;59.297927759354366
2021-12-21 03:00:00;146.21520527325202;90.0;57.65220189924992
2021-12-21 04:00:00;174.55358031245933;90.0;57.75791079096774
2021-12-21 05:00:00;242.04502250942596;90.0;57.912508598788634
2021-12-21 06:00:00;244.9518999051428;90.0;58.16686311174135
2021-12-21 07:00:00;235.70902264724688;90.0;59.40316725944683
2021-12-21 08:00:00;236.64178947718042;90.0;59.344777590678575
2021-12-21 09:00:00;231.3001142613897;90.0;59.86347674089234
2021-12-21 10:00:00;226.33754906527176;90.0;60.19177784526829
2021-12-21 11:00:00;218.05387279396155;90.0;60.73438712717575
2021-12-21 12:00:00;216.44154975604246;90.0;60.49608100936223
2021-12-21 13:00:00;217.31966856078813;90.0;60.090697637227095
2021-12-21 14:00:00;218.59807349237224;90.0;59.768960571283344
2021-12-21 15:00:00;220.842775292972;90.0;59.45484702501233
2021-12-21 16:00:00;230.00223592195997;90.0;58.59778992761443
2021-12-21 17:00:00;238.21660201003363;90.0;58.12929151621995
2021-12-21 18:00:00;244.84287871772986;90.0;57.97932706189624
2021-12-21 19:00:00;245.46698749803394;90.0;58.413540172350565
2021-12-21 20:00:00;242.1033933626777;90.0;59.05056677625305
2021-12-21 21:00:00;221.93607701287692;90.0;60.986323999354624
2021-12-21 22:00:00;188.76115422241244;90.0;60.940592682688475
2021-12-21 23:00:00;140.99174086663717;90.0;60.9008203226079
2021-12-22 00:00:00;114.32517170114407;90.0;60.607873613075526
2021-12-22 01:00:00;125.06945525694215;90.0;58.229470268689
2021-12-22 02:00:00;141.0842674786829;90.0;57.39436536565387
2021-12-22 03:00:00;151.49847766675765;90.0;57.36933379727509
2021-12-22 04:00:00;181.35886500067795;90.0;57.79782936042136
2021-12-22 05:00:00;251.10088865991827;90.0;57.93375110512716
2021-12-22 06:00:00;250.88673582904892;90.0;58.45886086796577
2021-12-22 07:00:00;247.5713464346492;90.0;59.07379338169949
2021-12-22 08:00:00;254.2240370509502;90.0;58.64960056511586
2021-12-22 09:00:00;245.9317265746556;90.0;59.61984856700434
2021-12-22 10:00:00;235.3642192154058;90.0;60.492287855962616
2021-12-22 11:00:00;226.79743575827172;90.0;60.94513926254223
2021-12-22 12:00:00;225.3460534885597;90.0;60.63171969534375
2021-12-22 13:00:00;225.91091578626796;90.0;60.22542274791192
2021-12-22 14:00:00;227.30040741980602;90.0;59.86455395762448
2021-12-22 15:00:00;230.28054278344177;90.0;59.469431237838535
2021-12-22 16:00:00;240.52210083496195;90.0;58.55357517908715
2021-12-22 17:00:00;250.03123520288483;90.0;58.02686982762191
2021-12-22 18:00:00;244.64930388746163;90.0;58.96300024834375
2021-12-22 19:00:00;243.74943229835074;90.0;59.209077121334474
2021-12-22 20:00:00;235.52273905687377;90.0;60.01444792936411
2021-12-22 21:00:00;214.45239242390934;90.0;61.07704785971072
2021-12-22 22:00:00;187.99815640052853;90.0;61.21056868500142
2021-12-22 23:00:00;139.72621135885157;90.0;60.91550577717203
2021-12-23 00:00:00;131.64987178292907;90.0;60.82027535810903
2021-12-23 01:00:00;136.29607407840223;90.0;59.57388256828432
2021-12-23 02:00:00;140.32446772076167;90.0;58.8195268746141
2021-12-23 03:00:00;153.7633823503012;90.0;57.718052706051594
2021-12-23 04:00:00;184.36027616981852;90.0;57.85773092456867
2021-12-23 05:00:00;255.66474632582262;90.0;57.94041488887933
2021-12-23 06:00:00;256.11802545561113;90.0;58.41007138568614
2021-12-23 07:00:00;250.76053433142212;90.0;59.2089206556015
2021-12-23 08:00:00;256.7642081521614;90.0;58.805289312373986
2021-12-23 09:00:00;253.85689459380987;90.0;59.27080986596161
2021-12-23 10:00:00;246.92749909211793;90.0;59.92484743183388
2021-12-23 11:00:00;236.65467238300207;90.0;60.67206555089564
2021-12-23 12:00:00;233.8716591394337;90.0;60.55658086225503
2021-12-23 13:00:00;228.8498229497421;90.0;60.675640754466656
2021-12-23 14:00:00;227.65669587208734;90.0;60.41809507539159
2021-12-23 15:00:00;235.37595548162722;90.0;59.435529459470615
2021-12-23 16:00:00;244.97645468116605;90.0;58.60816095218104
2021-12-23 17:00:00;253.89801299318955;90.0;58.13109995466584
2021-12-23 18:00:00;260.4721804234575;90.0;58.02964141567219
2021-12-23 19:00:00;261.05239413166356;90.0;58.46292565617523
2021-12-23 20:00:00;256.3356890971547;90.0;59.186235057690396
2021-12-23 21:00:00;233.16904160312535;90.0;61.2429796933111
2021-12-23 22:00:00;199.34456176413164;90.0;60.99856743476147
2021-12-23 23:00:00;148.8847672726316;90.0;60.9574235767825
2021-12-24 00:00:00;94.3851319728797;90.0;60.40467686906368
2021-12-24 01:00:00;101.73515597423885;90.0;58.325754080056015
2021-12-24 02:00:00;103.61555969010873;90.0;58.09556641569435
2021-12-24 03:00:00;111.61115666497126;90.0;57.155499333844546
2021-12-24 04:00:00;137.8534539923983;90.0;57.44683930715968
2021-12-24 05:00:00;203.1436943503151;90.0;57.610978951338325
2021-12-24 06:00:00;202.88368391001592;90.0;58.218850966349635
2021-12-24 07:00:00;198.90216516517125;90.0;59.013936124553766
2021-12-24 08:00:00;195.6452987408142;90.0;59.475491846166676
2021-12-24 09:00:00;191.84597135507215;90.0;59.85102069543734
2021-12-24 10:00:00;187.02072984070446;90.0;60.225517748072946
2021-12-24 11:00:00;171.8268687448826;90.0;60.97025497357589
2021-12-24 12:00:00;168.8141453367361;90.0;60.82268087743
2021-12-24 13:00:00;164.62181054404644;90.0;60.86563421838525
2021-12-24 14:00:00;163.803411355272;90.0;60.480104200080234
2021-12-24 15:00:00;172.40542969079632;90.0;59.04438294463546
2021-12-24 16:00:00;182.28932546435536;90.0;57.9466565449693
2021-12-24 17:00:00;192.44841701766225;90.0;57.933339341834994
2021-12-24 18:00:00;202.12360977058322;90.0;57.81064248269104
2021-12-24 19:00:00;209.11658054144763;90.0;57.8148716496608
2021-12-24 20:00:00;208.2663450458885;90.0;58.418350858284555
2021-12-24 21:00:00;191.04179319667335;90.0;60.528161052947496
2021-12-24 22:00:00;161.88776827842997;90.0;60.756114653661655
2021-12-24 23:00:00;121.82148174849496;90.0;60.786491060034336
2021-12-25 00:00:00;77.6549483621011;90.0;60.05044113804456
2021-12-25 01:00:00;84.57682303543395;90.0;57.77238383834435
2021-12-25 02:00:00;80.40313437843778;90.0;59.06722538105873
2021-12-25 03:00:00;86.77184109569552;90.0;57.29268703025491
2021-12-25 04:00:00;115.24641584182525;90.0;57.327832908860614
2021-12-25 05:00:00;165.89151323753913;90.0;57.5891639551586
2021-12-25 06:00:00;169.50376200113627;90.0;57.678438633450185
2021-12-25 07:00:00;164.8158474320197;90.0;58.791284761104464
2021-12-25 08:00:00;160.36366844667887;90.0;59.509699570924795
2021-12-25 09:00:00;151.22938156459813;90.0;60.62773232116581
2021-12-25 10:00:00;145.89103733657853;90.0;60.91855779841569
2021-12-25 11:00:00;144.55703882969064;90.0;60.57136441713294
2021-12-25 12:00:00;140.91511804086744;90.0;60.65594813480277
2021-12-25 13:00:00;134.98456806866798;90.0;60.9592346747246
2021-12-25 14:00:00;136.8473148187365;90.0;60.11057814928273
2021-12-25 15:00:00;140.19584663654175;90.0;59.29835049857019
2021-12-25 16:00:00;146.97572907009408;90.0;58.25568451038282
2021-12-25 17:00:00;154.22220248714865;90.0;57.532143504401404
2021-12-25 18:00:00;161.74361439048712;90.0;57.78502690944987
2021-12-25 19:00:00;168.1175780433298;90.0;57.43841483575517
2021-12-25 20:00:00;168.58279893329185;90.0;57.9814003922541
2021-12-25 21:00:00;156.05820933823097;90.0;60.00804948471364
2021-12-25 22:00:00;131.3491115265547;90.0;60.72107859889263
2021-12-25 23:00:00;99.1906958937825;90.0;60.532795887294014
2021-12-26 00:00:00;77.86430311571559;90.0;60.02757944849492
2021-12-26 01:00:00;85.57613229572819;90.0;57.570901423798716
2021-12-26 02:00:00;80.31134107498437;90.0;59.20644926290538
2021-12-26 03:00:00;87.95099006799038;90.0;57.083096449357356
2021-12-26 04:00:00;116.84700437198961;90.0;57.30895426596982
2021-12-26 05:00:00;168.51891633081766;90.0;57.58867705103677
2021-12-26 06:00:00;171.8265561496705;90.0;57.72634615311847
2021-12-26 07:00:00;166.90501583259186;90.0;58.847155766637286
2021-12-26 08:00:00;162.23579365907557;90.0;59.570827457220446
2021-12-26 09:00:00;166.07797052723336;90.0;58.98132292767991
2021-12-26 10:00:00;156.325745640579;90.0;60.32062936136492
2021-12-26 11:00:00;146.55058146124736;90.0;60.65385142097415
2021-12-26 12:00:00;143.02830067876536;90.0;60.69347263693692
2021-12-26 13:00:00;137.11253659391457;90.0;60.97447760062403
2021-12-26 14:00:00;138.56374414732207;90.0;60.190966559259834
2021-12-26 15:00:00;141.84030046337134;90.0;59.37504965131285
2021-12-26 16:00:00;148.74603133679153;90.0;58.30549014991249
2021-12-26 17:00:00;156.52818191689343;90.0;57.5076362217751
2021-12-26 18:00:00;164.72753140491642;90.0;57.73223004943105
2021-12-26 19:00:00;171.45706985679521;90.0;57.4890702562991
2021-12-26 20:00:00;172.32061653852014;90.0;57.97234036507837
2021-12-26 21:00:00;158.36561928790127;90.0;60.15726538609141
2021-12-26 22:00:00;134.17465132422439;90.0;60.823979650050205
2021-12-26 23:00:00;101.84332771033975;90.0;60.554752451601814
2021-12-27 00:00:00;93.36589881468137;90.0;60.24534315934403
2021-12-27 01:00:00;103.65175127938312;90.0;57.59179602313054
2021-12-27 02:00:00;93.76379341027058;90.0;60.05951520363192
2021-12-27 03:00:00;103.1500627504733;90.0;57.651961691732595
2021-12-27 04:00:00;145.03894761525555;90.0;57.534324956340186
2021-12-27 05:00:00;209.67228654638635;90.0;57.695310451061914
2021-12-27 06:00:00;218.1188456103656;90.0;57.76072650712564
2021-12-27 07:00:00;210.32987972142948;90.0;59.073075885454045
2021-12-27 08:00:00;202.47732852608615;90.0;59.974056709251556
2021-12-27 09:00:00;186.29670855800316;90.0;60.94021837027225
2021-12-27 10:00:00;178.79110344848291;90.0;61.10376875921975
2021-12-27 11:00:00;172.93803460973967;90.0;61.02572925905878
2021-12-27 12:00:00;168.70892360713833;90.0;61.00572048600577
2021-12-27 13:00:00;165.58849130283085;90.0;60.86270428121679
2021-12-27 14:00:00;164.51171799382703;90.0;60.510435903214216
2021-12-27 15:00:00;171.04982462618818;90.0;59.3214232019634
2021-12-27 16:00:00;180.70604491411535;90.0;58.155363105352194
2021-12-27 17:00:00;191.70377515902968;90.0;57.86750097418468
2021-12-27 18:00:00;203.52477270104285;90.0;57.835772287680754
2021-12-27 19:00:00;214.17700773537004;90.0;57.96142917067789
2021-12-27 20:00:00;215.80127045697586;90.0;58.27386844354379
2021-12-27 21:00:00;178.57494475973658;90.0;60.915623935210704
2021-12-27 22:00:00;155.47656144796386;90.0;60.91083045012755
2021-12-27 23:00:00;116.78442768797014;90.0;60.784535690737016
2021-12-28 00:00:00;104.67192056262303;90.0;60.58419681632472
2021-12-28 01:00:00;111.36886500651109;90.0;58.76566930340181
2021-12-28 02:00:00;113.01886076671533;90.0;58.50274735262303
2021-12-28 03:00:00;121.49440618227834;90.0;57.115923701016754
2021-12-28 04:00:00;149.790865957091;90.0;57.49372530695467
2021-12-28 05:00:00;220.89794372971085;90.0;57.64375660071255
2021-12-28 06:00:00;220.2957770081898;90.0;58.285904171248035
2021-12-28 07:00:00;216.13158150834204;90.0;59.05826192902816
2021-12-28 08:00:00;212.41239579845958;90.0;59.53891225083481
2021-12-28 09:00:00;208.20145910505533;90.0;59.91898062113688
2021-12-28 10:00:00;202.97149146919872;90.0;60.28812289002116
2021-12-28 11:00:00;186.40284667570265;90.0;61.03826598408915
2021-12-28 12:00:00;181.5306185689413;90.0;61.06732549908776
2021-12-28 13:00:00;177.1548245657582;90.0;61.039833968067
2021-12-28 14:00:00;176.51104188206398;90.0;60.59354700006105
2021-12-28 15:00:00;184.43190869058859;90.0;59.29387477803442
2021-12-28 16:00:00;204.63695982855393;90.0;57.85493228937497
2021-12-28 17:00:00;211.4822689817983;90.0;57.6533725015845
2021-12-28 18:00:00;216.66143586391416;90.0;57.71045882971657
2021-12-28 19:00:00;217.11003068245003;90.0;58.22513401812017
2021-12-28 20:00:00;213.4616126748776;90.0;58.97042780245113
2021-12-28 21:00:00;196.15499200884287;90.0;60.86027664506139
2021-12-28 22:00:00;168.7798031550284;90.0;60.83461483931529
2021-12-28 23:00:00;126.46589525251692;90.0;60.862521946954644
2021-12-29 00:00:00;110.22524882534904;90.0;60.62093707083744
2021-12-29 01:00:00;118.11011000573473;90.0;58.66036983340683
2021-12-29 02:00:00;119.73036385679161;90.0;58.472059869561576
2021-12-29 03:00:00;128.01849640026995;90.0;57.224941006051495
2021-12-29 04:00:00;158.26300082295273;90.0;57.52449543694098
2021-12-29 05:00:00;234.03592389076223;90.0;57.65735684859709
2021-12-29 06:00:00;233.82431555255172;90.0;58.265372843536
2021-12-29 07:00:00;232.41437810551213;90.0;58.779934047288805
2021-12-29 08:00:00;224.99769195054466;90.0;59.67743879993168
2021-12-29 09:00:00;220.57875489335507;90.0;60.02056188409455
2021-12-29 10:00:00;215.3048835039036;90.0;60.343535655895494
2021-12-29 11:00:00;208.20638429331504;90.0;60.75351947380153
2021-12-29 12:00:00;206.41067435939402;90.0;60.526430057610696
2021-12-29 13:00:00;206.4728402379069;90.0;60.180649537923046
2021-12-29 14:00:00;207.7074980842473;90.0;59.82071066319537
2021-12-29 15:00:00;210.1505273568162;90.0;59.451033953520096
2021-12-29 16:00:00;219.11460501626826;90.0;58.56298488077033
2021-12-29 17:00:00;226.88485652977383;90.0;58.103163004284
2021-12-29 18:00:00;232.34691376621205;90.0;58.03237813150025
2021-12-29 19:00:00;231.4289219577198;90.0;58.57901512130695
2021-12-29 20:00:00;228.07830727810585;90.0;59.16889860323005
2021-12-29 21:00:00;210.6890689213705;90.0;60.89818748710883
2021-12-29 22:00:00;179.39296187265657;90.0;60.87981348561732
2021-12-29 23:00:00;134.1399495495048;90.0;60.8394977049544
2021-12-30 00:00:00;106.52748306364359;90.0;60.433383012501
2021-12-30 01:00:00;114.62534120593334;90.0;58.42823088753522
2021-12-30 02:00:00;116.78500629692671;90.0;58.200814733495065
2021-12-30 03:00:00;125.04281369990989;90.0;57.35839225680809
2021-12-30 04:00:00;154.92472068305054;90.0;57.52724244811543
2021-12-30 05:00:00;230.97704691274984;90.0;57.73530927473354
2021-12-30 06:00:00;231.01270044621862;90.0;58.293453325137534
2021-12-30 07:00:00;228.36630426089073;90.0;58.91287813253564
2021-12-30 08:00:00;222.61001663386602;90.0;59.620734759831635
2021-12-30 09:00:00;218.03950367155406;90.0;59.99881002627404
2021-12-30 10:00:00;212.7108961492929;90.0;60.33772928917796
2021-12-30 11:00:00;205.3536535282161;90.0;60.7814406550321
2021-12-30 12:00:00;203.73644330554595;90.0;60.52815411828277
2021-12-30 13:00:00;203.9541989223298;90.0;60.16366815686172
2021-12-30 14:00:00;204.85974071688526;90.0;59.83829500727427
2021-12-30 15:00:00;206.43493625472632;90.0;59.54482498601482
2021-12-30 16:00:00;215.32649268131746;90.0;58.6171200472146
2021-12-30 17:00:00;223.058004434626;90.0;58.128282864579035
2021-12-30 18:00:00;227.96238474095026;90.0;58.09025471454362
2021-12-30 19:00:00;228.11815588452936;90.0;58.516285539349326
2021-12-30 20:00:00;224.0097844662776;90.0;59.199637062241266
2021-12-30 21:00:00;206.07347125833437;90.0;60.99951505557465
2021-12-30 22:00:00;176.93217347773287;90.0;60.834197197081835
2021-12-30 23:00:00;132.5313634277632;90.0;60.9082166125188
2021-12-31 00:00:00;113.62793486206475;90.0;60.577304969907686
2021-12-31 01:00:00;121.27470771439687;90.0;58.72301093434294
2021-12-31 02:00:00;123.23726983276333;90.0;58.47336484942383
2021-12-31 03:00:00;131.79465935604492;90.0;57.230451299660956
2021-12-31 04:00:00;162.7880916243883;90.0;57.54462967201255
2021-12-31 05:00:00;241.20429176165555;90.0;57.66269583256815
2021-12-31 06:00:00;241.02112921278493;90.0;58.27045795961487
2021-12-31 07:00:00;238.54449354082695;90.0;58.8785086503521
2021-12-31 08:00:00;232.0709613956344;90.0;59.64577976057757
2021-12-31 09:00:00;226.83681621453422;90.0;60.065688766591734
2021-12-31 10:00:00;221.4839737468202;90.0;60.3731848988196
2021-12-31 11:00:00;212.7910842800104;90.0;60.91190921771414
2021-12-31 12:00:00;210.93537585246563;90.0;60.644529737792936
2021-12-31 13:00:00;213.56606840916336;90.0;60.01880860621981
2021-12-31 14:00:00;215.5010456675679;90.0;59.65005096040818
2021-12-31 15:00:00;217.42665137264194;90.0;59.39728923275118
2021-12-31 16:00:00;226.44471129880557;90.0;58.55505858141851
2021-12-31 17:00:00;234.7295550289945;90.0;58.07969795473497
2021-12-31 18:00:00;240.2947052123092;90.0;58.029325906106976
2021-12-31 19:00:00;240.84089805868533;90.0;58.45002928233248
2021-12-31 20:00:00;236.96599702228522;90.0;59.12301459932456
2021-12-31 21:00:00;217.25892503404032;90.0;61.027458675829166
2021-12-31 22:00:00;184.6630498913287;90.0;60.944541884225714
2021-12-31 23:00:00;137.97897307637928;90.0;60.881131416475625
